ticker,fiscal_period,fiscal_date,report_date,revenue,eps,net_income,equity,total_debt,free_cash_flow,roe,roic,debt_to_equity,gross_margin,operating_margin
AAPL,Q3,2009-09-30,2009-11-14,36.6748,0.9293,7.0379,172.0703,129.796,5.726,0.1636,0.1391,0.7865,0.5873,0.3703
AAPL,Q4,2009-12-31,2010-03-31,36.2214,0.7719,6.9509,179.0198,135.3299,6.1432,0.1553,0.132,0.7865,0.5873,0.3703
AAPL,Q1,2010-03-31,2010-05-15,35.3359,0.8106,6.781,185.7994,140.7955,5.8756,0.146,0.1241,0.7865,0.5873,0.3703
AAPL,Q2,2010-06-30,2010-08-14,34.6643,0.722,6.6521,192.4501,146.1275,6.1058,0.1383,0.1175,0.7865,0.5873,0.3703
AAPL,Q3,2010-09-30,2010-11-14,38.2173,0.897,7.3339,199.7824,151.3582,7.1377,0.1468,0.1248,0.7865,0.5873,0.3703
AAPL,Q4,2010-12-31,2011-03-31,37.8572,0.7749,7.2648,207.0458,157.1249,6.6142,0.1404,0.1193,0.7865,0.5873,0.3703
AAPL,Q1,2011-03-31,2011-05-15,39.7619,0.719,7.6303,214.6749,162.8374,6.6074,0.1422,0.1208,0.7865,0.5873,0.3703
AAPL,Q2,2011-06-30,2011-08-14,41.9871,0.8632,8.0573,222.7307,168.8375,6.7216,0.1447,0.123,0.7865,0.5873,0.3703
AAPL,Q3,2011-09-30,2011-11-14,43.5439,0.8363,8.3561,231.0852,175.1732,6.7029,0.1446,0.1229,0.7865,0.5873,0.3703
AAPL,Q4,2011-12-31,2012-03-30,44.2327,0.8731,8.4883,239.5719,181.7439,7.5036,0.1417,0.1205,0.7865,0.5873,0.3703
AAPL,Q1,2012-03-31,2012-05-15,42.0054,1.0342,8.0608,247.6309,188.4185,7.4288,0.1302,0.1107,0.7865,0.5873,0.3703
AAPL,Q2,2012-06-30,2012-08-14,41.6233,1.0481,7.9875,255.6166,194.7568,6.3845,0.125,0.1062,0.7865,0.5873,0.3703
AAPL,Q3,2012-09-30,2012-11-14,41.2337,0.8449,7.9128,263.5278,201.0373,6.3375,0.1201,0.1021,0.7865,0.5873,0.3703
AAPL,Q4,2012-12-31,2013-03-31,41.1056,0.8711,7.8882,271.4144,207.2593,7.2262,0.1163,0.0988,0.7865,0.5873,0.3703
AAPL,Q1,2013-03-31,2013-05-15,43.4521,1.0298,8.3385,279.751,213.462,7.342,0.1192,0.1013,0.7865,0.5873,0.3703
AAPL,Q2,2013-06-30,2013-08-14,43.5794,1.1198,8.3629,288.1119,220.0186,8.1474,0.1161,0.0987,0.7865,0.5873,0.3703
AAPL,Q3,2013-09-30,2013-11-14,45.7823,1.1683,8.7856,296.8954,226.5942,7.9647,0.1184,0.1006,0.7865,0.5873,0.3703
AAPL,Q4,2013-12-31,2014-03-31,44.5949,1.1354,8.5578,305.4512,233.5023,7.5912,0.1121,0.0953,0.7865,0.5873,0.3703
AAPL,Q1,2014-03-31,2014-05-15,46.6818,1.1449,8.9583,314.4074,240.2312,7.8168,0.114,0.0969,0.7865,0.5873,0.3703
AAPL,Q2,2014-06-30,2014-08-14,49.9617,1.1822,9.5877,323.9929,247.2751,8.2672,0.1184,0.1006,0.7865,0.5873,0.3703
AAPL,Q3,2014-09-30,2014-11-14,47.6537,1.421,9.1448,333.1351,254.8139,8.5298,0.1098,0.0933,0.7865,0.5873,0.3703
AAPL,Q4,2014-12-31,2015-03-31,52.0013,1.6849,9.9791,343.1111,262.0041,8.6542,0.1163,0.0989,0.7865,0.5873,0.3703
AAPL,Q1,2015-03-31,2015-05-15,51.6652,1.5458,9.9146,353.0229,269.85,8.3333,0.1123,0.0955,0.7865,0.5873,0.3703
AAPL,Q2,2015-06-30,2015-08-14,52.2608,1.7024,10.0289,363.0487,277.6454,9.108,0.1105,0.0939,0.7865,0.5873,0.3703
AAPL,Q3,2015-09-30,2015-11-14,53.3271,1.8258,10.2335,373.2789,285.5305,9.1604,0.1097,0.0932,0.7865,0.5873,0.3703
AAPL,Q4,2015-12-31,2016-03-30,58.4403,1.9339,11.2147,384.4901,293.5764,10.0693,0.1167,0.0992,0.7865,0.5873,0.3703
AAPL,Q1,2016-03-31,2016-05-15,58.5529,2.5485,11.2363,395.7218,302.3938,10.7825,0.1136,0.0965,0.7865,0.5873,0.3703
AAPL,Q2,2016-06-30,2016-08-14,55.9628,2.8298,10.7393,406.456,311.2273,10.093,0.1057,0.0898,0.7865,0.5873,0.3703
AAPL,Q3,2016-09-30,2016-11-14,52.154,2.9716,10.0084,416.459,319.6695,8.8907,0.0961,0.0817,0.7865,0.5873,0.3703
AAPL,Q4,2016-12-31,2017-03-31,54.5056,2.5706,10.4596,426.914,327.5367,9.2863,0.098,0.0833,0.7865,0.5873,0.3703
AAPL,Q1,2017-03-31,2017-05-15,57.4258,3.3513,11.02,437.928,335.7593,9.2342,0.1007,0.0856,0.7865,0.5873,0.3703
AAPL,Q2,2017-06-30,2017-08-14,55.4799,2.6849,10.6466,448.5698,344.4216,9.0274,0.0949,0.0807,0.7865,0.5873,0.3703
AAPL,Q3,2017-09-30,2017-11-14,56.3522,2.6302,10.814,459.3791,352.7912,8.7805,0.0942,0.08,0.7865,0.5873,0.3703
AAPL,Q4,2017-12-31,2018-03-31,57.3506,1.5666,11.0056,470.3819,361.2924,8.9188,0.0936,0.0796,0.7865,0.5873,0.3703
AAPL,Q1,2018-03-31,2018-05-15,59.7147,1.5956,11.4593,481.8383,369.9459,10.1755,0.0951,0.0809,0.7865,0.5873,0.3703
AAPL,Q2,2018-06-30,2018-08-14,61.185,1.7702,11.7414,493.5765,378.9561,11.3964,0.0952,0.0809,0.7865,0.5873,0.3703
AAPL,Q3,2018-09-30,2018-11-14,64.5991,1.4505,12.3966,505.9705,388.188,12.0744,0.098,0.0833,0.7865,0.5873,0.3703
AAPL,Q4,2018-12-31,2019-03-31,62.7798,1.418,12.0475,518.0154,397.9356,10.8672,0.093,0.0791,0.7865,0.5873,0.3703
AAPL,Q1,2019-03-31,2019-05-15,62.5982,1.6945,12.0126,530.0249,407.4087,10.8534,0.0907,0.0771,0.7865,0.5873,0.3703
AAPL,Q2,2019-06-30,2019-08-14,65.1898,2.1859,12.51,542.5309,416.854,11.6707,0.0922,0.0784,0.7865,0.5873,0.3703
AAPL,Q3,2019-09-30,2019-11-14,63.3973,2.3925,12.166,554.6926,426.6897,10.232,0.0877,0.0746,0.7865,0.5873,0.3703
AAPL,Q4,2019-12-31,2020-03-30,67.4137,2.4249,12.9367,567.6249,436.2546,11.2413,0.0912,0.0775,0.7865,0.5873,0.3703
AAPL,Q1,2020-03-31,2020-05-15,67.973,2.4531,13.044,580.6645,446.4256,12.4495,0.0899,0.0764,0.7865,0.5873,0.3703
AAPL,Q2,2020-06-30,2020-08-14,66.1613,2.8716,12.6964,593.3557,456.681,10.9597,0.0856,0.0728,0.7865,0.5873,0.3703
AAPL,Q3,2020-09-30,2020-11-14,64.2893,3.1644,12.3371,605.6872,466.6624,10.1647,0.0815,0.0693,0.7865,0.5873,0.3703
AAPL,Q4,2020-12-31,2021-03-31,62.5978,3.4959,12.0125,617.6934,476.3608,10.7878,0.0778,0.0661,0.7865,0.5873,0.3703
AAPL,Q1,2021-03-31,2021-05-15,59.6411,3.5567,11.4452,629.1322,485.8035,10.6379,0.0728,0.0619,0.7865,0.5873,0.3703
AAPL,Q2,2021-06-30,2021-08-14,59.4245,3.0339,11.4036,640.5303,494.7998,9.3537,0.0712,0.0605,0.7865,0.5873,0.3703
AAPL,Q3,2021-09-30,2021-11-14,61.7018,3.3149,11.8406,652.3649,503.7642,9.6234,0.0726,0.0617,0.7865,0.5873,0.3703
AAPL,Q4,2021-12-31,2022-03-31,58.2322,3.3515,11.1748,663.5336,513.0719,9.7308,0.0674,0.0573,0.7865,0.5873,0.3703
AAPL,Q1,2022-03-31,2022-05-15,59.1772,3.5942,11.3561,674.8833,521.8559,9.8226,0.0673,0.0572,0.7865,0.5873,0.3703
AAPL,Q2,2022-06-30,2022-08-14,62.3903,4.0089,11.9727,686.8488,530.7822,9.7824,0.0697,0.0593,0.7865,0.5873,0.3703
AAPL,Q3,2022-09-30,2022-11-14,60.7749,4.723,11.6627,698.503,540.1928,11.1421,0.0668,0.0568,0.7865,0.5873,0.3703
AAPL,Q4,2022-12-31,2023-03-31,62.9928,5.608,12.0883,710.5812,549.3586,10.7751,0.068,0.0578,0.7865,0.5873,0.3703
AAPL,Q1,2023-03-31,2023-05-15,64.7136,6.1142,12.4186,722.9887,558.8579,11.1861,0.0687,0.0584,0.7865,0.5873,0.3703
AAPL,Q2,2023-06-30,2023-08-14,69.5043,5.0677,13.3379,736.3175,568.6161,11.8218,0.0725,0.0616,0.7865,0.5873,0.3703
AAPL,Q3,2023-09-30,2023-11-14,70.8404,5.3945,13.5943,749.9021,579.0989,11.6673,0.0725,0.0616,0.7865,0.5873,0.3703
AAPL,Q4,2023-12-31,2024-03-30,72.1665,6.8474,13.8488,763.7385,589.7829,12.9835,0.0725,0.0617,0.7865,0.5873,0.3703
AAPL,Q1,2024-03-31,2024-05-15,70.0856,6.4642,13.4495,777.1763,600.665,13.0971,0.0692,0.0588,0.7865,0.5873,0.3703
AAPL,Q2,2024-06-30,2024-08-14,77.9489,6.8216,14.9584,792.1224,611.2336,12.521,0.0755,0.0642,0.7865,0.5873,0.3703
AAPL,Q3,2024-09-30,2024-11-14,79.3898,5.7926,15.2349,807.3469,622.9884,12.5695,0.0755,0.0642,0.7865,0.5873,0.3703
AAPL,Q4,2024-12-31,2025-03-31,80.8075,7.0138,15.507,822.8413,634.9622,14.466,0.0754,0.0641,0.7865,0.5873,0.3703
AAPL,Q1,2025-03-31,2025-05-15,76.7153,4.5068,14.7217,837.5548,647.1481,13.7964,0.0703,0.0598,0.7865,0.5873,0.3703
AAPL,Q2,2025-06-30,2025-08-14,75.441,4.7126,14.4772,852.0235,658.7201,13.3286,0.068,0.0578,0.7865,0.5873,0.3703
AAPL,Q3,2025-09-30,2025-11-14,80.3962,4.2811,15.4281,867.4438,670.0994,14.2352,0.0711,0.0605,0.7865,0.5873,0.3703
AAPL,Q4,2025-12-31,2026-03-31,86.722,4.9934,16.642,884.0768,682.2272,14.1704,0.0753,0.064,0.7865,0.5873,0.3703
AAPL,Q1,2026-03-31,2026-05-15,86.7566,5.154,16.6486,900.7161,695.3087,13.3507,0.0739,0.0628,0.7865,0.5873,0.3703
MSFT,Q3,2009-09-30,2009-11-14,38.5159,1.1845,5.3614,229.4078,135.131,4.5384,0.0935,0.0795,0.6031,0.7437,0.344
MSFT,Q4,2009-12-31,2010-03-31,38.6214,1.1931,5.3761,234.7821,138.3636,4.7524,0.0916,0.0779,0.6031,0.7437,0.344
MSFT,Q1,2010-03-31,2010-05-15,39.6088,1.2008,5.5135,240.2938,141.605,4.9812,0.0918,0.078,0.6031,0.7437,0.344
MSFT,Q2,2010-06-30,2010-08-14,40.4919,1.1762,5.6365,245.9286,144.9293,5.4786,0.0917,0.0779,0.6031,0.7437,0.344
MSFT,Q3,2010-09-30,2010-11-14,40.784,1.0452,5.6771,251.6041,148.3278,4.9066,0.0903,0.0767,0.6031,0.7437,0.344
MSFT,Q4,2010-12-31,2011-03-31,42.6177,1.3201,5.9324,257.5345,151.7509,5.9525,0.0921,0.0783,0.6031,0.7437,0.344
MSFT,Q1,2011-03-31,2011-05-15,44.7051,1.7021,6.223,263.7549,155.3278,5.5227,0.0944,0.0802,0.6031,0.7437,0.344
MSFT,Q2,2011-06-30,2011-08-14,45.1908,1.9196,6.2906,270.0426,159.0795,5.215,0.0932,0.0792,0.6031,0.7437,0.344
MSFT,Q3,2011-09-30,2011-11-14,47.8807,2.1787,6.665,276.7043,162.8718,6.0783,0.0963,0.0819,0.6031,0.7437,0.344
MSFT,Q4,2011-12-31,2012-03-30,52.5721,2.4088,7.318,284.0188,166.8897,6.3884,0.1031,0.0876,0.6031,0.7437,0.344
MSFT,Q1,2012-03-31,2012-05-15,53.4111,2.4991,7.4348,291.4498,171.3013,6.2848,0.102,0.0867,0.6031,0.7437,0.344
MSFT,Q2,2012-06-30,2012-08-14,53.0861,2.8492,7.3896,298.8351,175.7832,7.2787,0.0989,0.0841,0.6031,0.7437,0.344
MSFT,Q3,2012-09-30,2012-11-14,53.6873,2.6767,7.4733,306.3044,180.2376,6.4737,0.0976,0.083,0.6031,0.7437,0.344
MSFT,Q4,2012-12-31,2013-03-31,54.1201,2.5592,7.5335,313.8341,184.7425,7.2526,0.096,0.0816,0.6031,0.7437,0.344
MSFT,Q1,2013-03-31,2013-05-15,56.7427,2.7802,7.8986,321.7285,189.2839,7.317,0.0982,0.0835,0.6031,0.7437,0.344
MSFT,Q2,2013-06-30,2013-08-14,63.4714,2.1915,8.8352,330.5604,194.0453,7.8609,0.1069,0.0909,0.6031,0.7437,0.344
MSFT,Q3,2013-09-30,2013-11-14,67.0213,2.3947,9.3294,339.8862,199.3721,8.6807,0.1098,0.0933,0.6031,0.7437,0.344
MSFT,Q4,2013-12-31,2014-03-31,65.989,2.1874,9.1857,349.0686,204.9968,8.944,0.1053,0.0895,0.6031,0.7437,0.344
MSFT,Q1,2014-03-31,2014-05-15,67.3509,1.7813,9.3752,358.4412,210.535,9.0982,0.1046,0.0889,0.6031,0.7437,0.344
MSFT,Q2,2014-06-30,2014-08-14,75.5612,1.7124,10.5181,368.9567,216.188,10.4055,0.114,0.0969,0.6031,0.7437,0.344
MSFT,Q3,2014-09-30,2014-11-14,77.0643,1.7201,10.7274,379.6815,222.5302,9.195,0.113,0.0961,0.6031,0.7437,0.344
MSFT,Q4,2014-12-31,2015-03-31,78.3258,1.9772,10.903,390.5815,228.9987,10.9154,0.1117,0.0949,0.6031,0.7437,0.344
MSFT,Q1,2015-03-31,2015-05-15,74.3299,2.4956,10.3467,400.9245,235.5729,8.6767,0.1032,0.0877,0.6031,0.7437,0.344
MSFT,Q2,2015-06-30,2015-08-14,72.5921,2.0253,10.1048,411.0263,241.8111,9.1693,0.0983,0.0836,0.6031,0.7437,0.344
MSFT,Q3,2015-09-30,2015-11-14,76.6247,2.1117,10.6662,421.6893,247.9038,8.9409,0.1012,0.086,0.6031,0.7437,0.344
MSFT,Q4,2015-12-31,2016-03-30,83.3097,1.7278,11.5967,433.2834,254.335,10.0324,0.1071,0.091,0.6031,0.7437,0.344
MSFT,Q1,2016-03-31,2016-05-15,81.337,1.3176,11.3221,444.6035,261.3278,10.0876,0.1019,0.0866,0.6031,0.7437,0.344
MSFT,Q2,2016-06-30,2016-08-14,79.7704,1.3472,11.104,455.7055,268.1554,10.1316,0.0975,0.0828,0.6031,0.7437,0.344
MSFT,Q3,2016-09-30,2016-11-14,80.6209,1.5308,11.2224,466.9257,274.8514,10.8615,0.0961,0.0817,0.6031,0.7437,0.344
MSFT,Q4,2016-12-31,2017-03-31,83.2834,1.4556,11.5931,478.5165,281.6186,9.8546,0.0969,0.0824,0.6031,0.7437,0.344
MSFT,Q1,2017-03-31,2017-05-15,83.2035,1.3417,11.5819,490.0965,288.6095,10.6004,0.0945,0.0803,0.6031,0.7437,0.344
MSFT,Q2,2017-06-30,2017-08-14,85.3381,1.3028,11.8791,501.9736,295.5937,10.8304,0.0947,0.0805,0.6031,0.7437,0.344
MSFT,Q3,2017-09-30,2017-11-14,90.0154,1.5061,12.5301,514.5014,302.7572,12.1012,0.0974,0.0828,0.6031,0.7437,0.344
MSFT,Q4,2017-12-31,2018-03-31,89.7129,1.814,12.488,526.9868,310.3132,11.1085,0.0948,0.0806,0.6031,0.7437,0.344
MSFT,Q1,2018-03-31,2018-05-15,95.8994,2.2452,13.3492,540.3326,317.8435,11.6412,0.0988,0.084,0.6031,0.7437,0.344
MSFT,Q2,2018-06-30,2018-08-14,99.9217,2.7362,13.9091,554.2376,325.8928,13.833,0.1004,0.0853,0.6031,0.7437,0.344
MSFT,Q3,2018-09-30,2018-11-14,104.0186,1.8732,14.4794,568.7142,334.2794,12.1489,0.1018,0.0866,0.6031,0.7437,0.344
MSFT,Q4,2018-12-31,2019-03-31,106.8462,1.7078,14.873,583.5846,343.0107,14.9428,0.1019,0.0867,0.6031,0.7437,0.344
MSFT,Q1,2019-03-31,2019-05-15,110.5936,1.9216,15.3946,598.9764,351.9796,15.021,0.1028,0.0874,0.6031,0.7437,0.344
MSFT,Q2,2019-06-30,2019-08-14,115.2915,1.6486,16.0486,615.0225,361.2628,15.9918,0.1044,0.0887,0.6031,0.7437,0.344
MSFT,Q3,2019-09-30,2019-11-14,118.4447,1.5456,16.4875,631.5077,370.9408,15.8087,0.1044,0.0888,0.6031,0.7437,0.344
MSFT,Q4,2019-12-31,2020-03-30,122.6,1.801,17.0659,648.5709,380.8836,16.7035,0.1053,0.0895,0.6031,0.7437,0.344
MSFT,Q1,2020-03-31,2020-05-15,123.1161,1.6921,17.1378,665.7061,391.175,15.7587,0.103,0.0875,0.6031,0.7437,0.344
MSFT,Q2,2020-06-30,2020-08-14,130.7826,2.1705,18.2049,683.9078,401.5098,15.1503,0.1065,0.0905,0.6031,0.7437,0.344
MSFT,Q3,2020-09-30,2020-11-14,142.1469,2.3233,19.7869,703.6912,412.4879,19.7947,0.1125,0.0956,0.6031,0.7437,0.344
MSFT,Q4,2020-12-31,2021-03-31,147.9901,2.5462,20.6002,724.2876,424.4199,17.6496,0.1138,0.0967,0.6031,0.7437,0.344
MSFT,Q1,2021-03-31,2021-05-15,147.8313,2.3948,20.5781,744.8621,436.8423,20.389,0.1105,0.0939,0.6031,0.7437,0.344
MSFT,Q2,2021-06-30,2021-08-14,146.9889,1.9538,20.4609,765.32,449.2515,18.9735,0.1069,0.0909,0.6031,0.7437,0.344
MSFT,Q3,2021-09-30,2021-11-14,158.6129,1.9852,22.0789,787.396,461.5903,22.1779,0.1122,0.0953,0.6031,0.7437,0.344
MSFT,Q4,2021-12-31,2022-03-31,156.5225,1.8389,21.7879,809.1811,474.9051,19.0832,0.1077,0.0915,0.6031,0.7437,0.344
MSFT,Q1,2022-03-31,2022-05-15,148.1724,1.9004,20.6256,829.8039,488.0444,18.212,0.0994,0.0845,0.6031,0.7437,0.344
MSFT,Q2,2022-06-30,2022-08-14,148.5153,2.4272,20.6733,850.4736,500.4827,20.3416,0.0972,0.0826,0.6031,0.7437,0.344
MSFT,Q3,2022-09-30,2022-11-14,159.8265,2.7136,22.2479,872.7174,512.9493,21.5994,0.102,0.0867,0.6031,0.7437,0.344
MSFT,Q4,2022-12-31,2023-03-31,157.8288,2.7998,21.9698,894.683,526.3653,18.9344,0.0982,0.0835,0.6031,0.7437,0.344
MSFT,Q1,2023-03-31,2023-05-15,161.9963,2.4117,22.5499,917.2292,539.6135,21.781,0.0983,0.0836,0.6031,0.7437,0.344
MSFT,Q2,2023-06-30,2023-08-14,161.6423,2.1739,22.5006,939.7266,553.2119,21.0785,0.0958,0.0814,0.6031,0.7437,0.344
MSFT,Q3,2023-09-30,2023-11-14,178.9113,2.4675,24.9045,964.6273,566.7808,22.0036,0.1033,0.0878,0.6031,0.7437,0.344
MSFT,Q4,2023-12-31,2024-03-30,190.5658,2.1714,26.5268,991.1508,581.7993,23.4073,0.1071,0.091,0.6031,0.7437,0.344
MSFT,Q1,2024-03-31,2024-05-15,196.147,1.6634,27.3037,1018.452,597.7965,26.5853,0.1072,0.0912,0.6031,0.7437,0.344
MSFT,Q2,2024-06-30,2024-08-14,195.4449,1.8953,27.2059,1045.6551,614.2628,26.6175,0.1041,0.0885,0.6031,0.7437,0.344
MSFT,Q3,2024-09-30,2024-11-14,188.6049,1.8162,26.2538,1071.9062,630.6699,25.7848,0.098,0.0833,0.6031,0.7437,0.344
MSFT,Q4,2024-12-31,2025-03-31,190.1947,2.1373,26.4751,1098.3781,646.5028,22.6442,0.0964,0.082,0.6031,0.7437,0.344
MSFT,Q1,2025-03-31,2025-05-15,195.4852,2.565,27.2115,1125.5858,662.4689,22.8968,0.0967,0.0822,0.6031,0.7437,0.344
MSFT,Q2,2025-06-30,2025-08-14,200.0,2.4948,27.84,1153.4221,678.8787,27.7657,0.0965,0.0821,0.6031,0.7437,0.344
MSFT,Q3,2025-09-30,2025-11-14,200.0,3.1458,27.84,1181.2573,695.6677,23.5845,0.0943,0.0801,0.6031,0.7437,0.344
MSFT,Q4,2025-12-31,2026-03-31,200.0,3.4961,27.84,1209.0921,712.4561,27.4761,0.0921,0.0783,0.6031,0.7437,0.344
MSFT,Q1,2026-03-31,2026-05-15,200.0,3.6967,27.84,1236.9266,729.2442,26.947,0.09,0.0765,0.6031,0.7437,0.344
NVDA,Q3,2009-09-30,2009-11-14,5.3983,0.4935,1.1412,13.092,7.4559,0.9075,0.3487,0.2964,0.6239,0.528,0.3702
NVDA,Q4,2009-12-31,2010-03-31,5.527,0.5459,1.1684,14.2603,8.1679,0.9759,0.3277,0.2786,0.6239,0.528,0.3702
NVDA,Q1,2010-03-31,2010-05-15,5.7749,0.5457,1.2208,15.4811,8.8968,1.1352,0.3154,0.2681,0.6239,0.528,0.3702
NVDA,Q2,2010-06-30,2010-08-14,6.2044,0.6755,1.3116,16.7926,9.6584,1.2026,0.3124,0.2656,0.6239,0.528,0.3702
NVDA,Q3,2010-09-30,2010-11-14,6.4777,0.7305,1.3694,18.1619,10.4766,1.2633,0.3016,0.2564,0.6239,0.528,0.3702
NVDA,Q4,2010-12-31,2011-03-31,6.5651,0.7745,1.3879,19.5497,11.3309,1.272,0.284,0.2414,0.6239,0.528,0.3702
NVDA,Q1,2011-03-31,2011-05-15,6.3401,0.7819,1.3403,20.8899,12.1967,1.1305,0.2566,0.2181,0.6239,0.528,0.3702
NVDA,Q2,2011-06-30,2011-08-14,6.6004,0.9751,1.3953,22.2851,13.0328,1.1987,0.2504,0.2129,0.6239,0.528,0.3702
NVDA,Q3,2011-09-30,2011-11-14,6.7273,1.1542,1.4221,23.7071,13.9033,1.1629,0.24,0.204,0.6239,0.528,0.3702
NVDA,Q4,2011-12-31,2012-03-30,6.8236,1.2925,1.4425,25.1494,14.7904,1.2697,0.2294,0.195,0.6239,0.528,0.3702
NVDA,Q1,2012-03-31,2012-05-15,6.4749,1.4223,1.3688,26.5181,15.6903,1.2153,0.2065,0.1755,0.6239,0.528,0.3702
NVDA,Q2,2012-06-30,2012-08-14,6.6463,1.3162,1.405,27.9229,16.5442,1.1552,0.2013,0.1711,0.6239,0.528,0.3702
NVDA,Q3,2012-09-30,2012-11-14,6.6292,1.4614,1.4014,29.3242,17.4206,1.1167,0.1912,0.1625,0.6239,0.528,0.3702
NVDA,Q4,2012-12-31,2013-03-31,6.5564,1.8296,1.386,30.71,18.2948,1.228,0.1805,0.1535,0.6239,0.528,0.3702
NVDA,Q1,2013-03-31,2013-05-15,6.9988,2.2307,1.4795,32.1892,19.1594,1.1905,0.1839,0.1563,0.6239,0.528,0.3702
NVDA,Q2,2013-06-30,2013-08-14,6.6918,1.8278,1.4146,33.6037,20.0823,1.2556,0.1684,0.1431,0.6239,0.528,0.3702
NVDA,Q3,2013-09-30,2013-11-14,6.4786,1.6494,1.3696,34.973,20.9647,1.2679,0.1566,0.1331,0.6239,0.528,0.3702
NVDA,Q4,2013-12-31,2014-03-31,6.5562,1.988,1.386,36.3588,21.8191,1.2946,0.1525,0.1296,0.6239,0.528,0.3702
NVDA,Q1,2014-03-31,2014-05-15,6.6626,2.1049,1.4085,37.767,22.6836,1.1123,0.1492,0.1268,0.6239,0.528,0.3702
NVDA,Q2,2014-06-30,2014-08-14,6.8492,2.165,1.4479,39.2147,23.5622,1.1638,0.1477,0.1255,0.6239,0.528,0.3702
NVDA,Q3,2014-09-30,2014-11-14,7.0026,2.34,1.4803,40.6947,24.4653,1.3835,0.1455,0.1237,0.6239,0.528,0.3702
NVDA,Q4,2014-12-31,2015-03-31,7.4687,2.505,1.5789,42.2733,25.3887,1.3444,0.1494,0.127,0.6239,0.528,0.3702
NVDA,Q1,2015-03-31,2015-05-15,8.2174,2.5965,1.7372,44.0102,26.3736,1.4519,0.1579,0.1342,0.6239,0.528,0.3702
NVDA,Q2,2015-06-30,2015-08-14,8.3971,2.0632,1.7751,45.7851,27.4572,1.5191,0.1551,0.1318,0.6239,0.528,0.3702
NVDA,Q3,2015-09-30,2015-11-14,8.5496,2.1573,1.8074,47.5922,28.5645,1.602,0.1519,0.1291,0.6239,0.528,0.3702
NVDA,Q4,2015-12-31,2016-03-30,8.7693,2.4447,1.8538,49.4457,29.6919,1.6505,0.15,0.1275,0.6239,0.528,0.3702
NVDA,Q1,2016-03-31,2016-05-15,8.9301,2.5907,1.8878,51.3332,30.8483,1.5947,0.1471,0.125,0.6239,0.528,0.3702
NVDA,Q2,2016-06-30,2016-08-14,9.1482,2.4195,1.9339,53.2669,32.0259,1.5463,0.1452,0.1234,0.6239,0.528,0.3702
NVDA,Q3,2016-09-30,2016-11-14,9.217,2.2512,1.9485,55.2151,33.2323,1.6362,0.1412,0.12,0.6239,0.528,0.3702
NVDA,Q4,2016-12-31,2017-03-31,9.3007,2.1658,1.9662,57.181,34.4477,1.731,0.1375,0.1169,0.6239,0.528,0.3702
NVDA,Q1,2017-03-31,2017-05-15,9.0179,2.6609,1.9064,59.087,35.6742,1.7872,0.1291,0.1097,0.6239,0.528,0.3702
NVDA,Q2,2017-06-30,2017-08-14,8.8032,3.3297,1.861,60.9476,36.8634,1.4778,0.1221,0.1038,0.6239,0.528,0.3702
NVDA,Q3,2017-09-30,2017-11-14,9.4831,3.3354,2.0047,62.952,38.0242,1.6235,0.1274,0.1083,0.6239,0.528,0.3702
NVDA,Q4,2017-12-31,2018-03-31,9.4405,2.9012,1.9957,64.9473,39.2746,1.6275,0.1229,0.1045,0.6239,0.528,0.3702
NVDA,Q1,2018-03-31,2018-05-15,9.8041,3.2627,2.0726,67.0195,40.5195,1.6744,0.1237,0.1051,0.6239,0.528,0.3702
NVDA,Q2,2018-06-30,2018-08-14,10.5592,3.5755,2.2322,69.2513,41.8123,1.8359,0.1289,0.1096,0.6239,0.528,0.3702
NVDA,Q3,2018-09-30,2018-11-14,10.6007,4.074,2.241,71.4918,43.2047,1.7342,0.1254,0.1066,0.6239,0.528,0.3702
NVDA,Q4,2018-12-31,2019-03-31,11.0877,4.2674,2.3439,73.8352,44.6025,1.8617,0.127,0.1079,0.6239,0.528,0.3702
NVDA,Q1,2019-03-31,2019-05-15,11.7024,5.1659,2.4739,76.3085,46.0645,2.3098,0.1297,0.1102,0.6239,0.528,0.3702
NVDA,Q2,2019-06-30,2019-08-14,11.4839,6.019,2.4277,78.7355,47.6075,1.867,0.1233,0.1048,0.6239,0.528,0.3702
NVDA,Q3,2019-09-30,2019-11-14,12.3153,6.3711,2.6034,81.3382,49.1217,2.2823,0.128,0.1088,0.6239,0.528,0.3702
NVDA,Q4,2019-12-31,2020-03-30,12.4388,5.4876,2.6295,83.9671,50.7455,2.0568,0.1253,0.1065,0.6239,0.528,0.3702
NVDA,Q1,2020-03-31,2020-05-15,12.584,5.4501,2.6603,86.6267,52.3856,2.4691,0.1228,0.1044,0.6239,0.528,0.3702
NVDA,Q2,2020-06-30,2020-08-14,12.4431,6.3425,2.6305,89.2564,54.0449,2.3689,0.1179,0.1002,0.6239,0.528,0.3702
NVDA,Q3,2020-09-30,2020-11-14,12.9554,5.8569,2.7388,91.9945,55.6855,2.4515,0.1191,0.1012,0.6239,0.528,0.3702
NVDA,Q4,2020-12-31,2021-03-31,13.255,6.1498,2.8021,94.7959,57.3937,2.3051,0.1182,0.1005,0.6239,0.528,0.3702
NVDA,Q1,2021-03-31,2021-05-15,12.958,6.3513,2.7393,97.5344,59.1415,2.5509,0.1123,0.0955,0.6239,0.528,0.3702
NVDA,Q2,2021-06-30,2021-08-14,13.5816,7.0497,2.8711,100.4047,60.85,2.6544,0.1144,0.0972,0.6239,0.528,0.3702
NVDA,Q3,2021-09-30,2021-11-14,13.7569,7.181,2.9082,103.3121,62.6408,2.2781,0.1126,0.0957,0.6239,0.528,0.3702
NVDA,Q4,2021-12-31,2022-03-31,13.1997,6.8067,2.7904,106.1017,64.4546,2.2537,0.1052,0.0894,0.6239,0.528,0.3702
NVDA,Q1,2022-03-31,2022-05-15,13.7798,7.2914,2.913,109.0139,66.195,2.3265,0.1069,0.0909,0.6239,0.528,0.3702
NVDA,Q2,2022-06-30,2022-08-14,13.446,5.5189,2.8425,111.8557,68.0118,2.3301,0.1016,0.0864,0.6239,0.528,0.3702
NVDA,Q3,2022-09-30,2022-11-14,13.8368,7.216,2.9251,114.7799,69.7848,2.614,0.1019,0.0866,0.6239,0.528,0.3702
NVDA,Q4,2022-12-31,2023-03-31,14.0227,7.9498,2.9644,117.7434,71.6092,2.7263,0.1007,0.0856,0.6239,0.528,0.3702
NVDA,Q1,2023-03-31,2023-05-15,13.7565,9.3895,2.9081,120.6504,73.458,2.2692,0.0964,0.082,0.6239,0.528,0.3702
NVDA,Q2,2023-06-30,2023-08-14,13.9381,9.7389,2.9465,123.5958,75.2717,2.6385,0.0954,0.0811,0.6239,0.528,0.3702
NVDA,Q3,2023-09-30,2023-11-14,14.2649,9.1277,3.0156,126.6103,77.1092,2.554,0.0953,0.081,0.6239,0.528,0.3702
NVDA,Q4,2023-12-31,2024-03-30,14.6666,9.8605,3.1005,129.7096,78.9899,2.4583,0.0956,0.0813,0.6239,0.528,0.3702
NVDA,Q1,2024-03-31,2024-05-15,14.358,8.6395,3.0353,132.7439,80.9235,2.6208,0.0915,0.0777,0.6239,0.528,0.3702
NVDA,Q2,2024-06-30,2024-08-14,14.1663,8.6811,2.9948,135.7376,82.8166,2.4589,0.0883,0.075,0.6239,0.528,0.3702
NVDA,Q3,2024-09-30,2024-11-14,15.2454,9.2035,3.2229,138.9594,84.6843,2.7643,0.0928,0.0789,0.6239,0.528,0.3702
NVDA,Q4,2024-12-31,2025-03-31,15.2973,8.7735,3.2339,142.1922,86.6943,2.6923,0.091,0.0773,0.6239,0.528,0.3702
NVDA,Q1,2025-03-31,2025-05-15,15.3746,8.1725,3.2502,145.4414,88.7112,2.7782,0.0894,0.076,0.6239,0.528,0.3702
NVDA,Q2,2025-06-30,2025-08-14,14.5253,8.395,3.0706,148.5111,90.7383,2.4757,0.0827,0.0703,0.6239,0.528,0.3702
NVDA,Q3,2025-09-30,2025-11-14,15.1398,7.2327,3.2005,151.7108,92.6534,2.7368,0.0844,0.0717,0.6239,0.528,0.3702
NVDA,Q4,2025-12-31,2026-03-31,15.2941,6.9763,3.2332,154.9431,94.6497,2.7762,0.0835,0.0709,0.6239,0.528,0.3702
NVDA,Q1,2026-03-31,2026-05-15,15.8821,7.1684,3.3575,158.2997,96.6663,2.8355,0.0848,0.0721,0.6239,0.528,0.3702
AMD,Q3,2009-09-30,2009-11-14,40.5193,0.4597,5.1668,85.8301,19.0023,4.7582,0.2408,0.2047,0.2356,0.6146,0.2331
AMD,Q4,2009-12-31,2010-03-31,40.5822,0.4491,5.1748,91.0042,20.2193,4.7651,0.2275,0.1933,0.2356,0.6146,0.2331
AMD,Q1,2010-03-31,2010-05-15,42.6218,0.5473,5.4349,96.4382,21.4382,5.0122,0.2254,0.1916,0.2356,0.6146,0.2331
AMD,Q2,2010-06-30,2010-08-14,44.307,0.5711,5.6498,102.087,22.7183,5.0044,0.2214,0.1882,0.2356,0.6146,0.2331
AMD,Q3,2010-09-30,2010-11-14,46.6586,0.5183,5.9496,108.0358,24.049,4.734,0.2203,0.1872,0.2356,0.6146,0.2331
AMD,Q4,2010-12-31,2011-03-31,47.3839,0.5797,6.0421,114.077,25.4504,5.2905,0.2119,0.1801,0.2356,0.6146,0.2331
AMD,Q1,2011-03-31,2011-05-15,48.422,0.5758,6.1745,120.2505,26.8735,4.8288,0.2054,0.1746,0.2356,0.6146,0.2331
AMD,Q2,2011-06-30,2011-08-14,48.6328,0.5278,6.2014,126.451,28.3278,5.8314,0.1962,0.1667,0.2356,0.6146,0.2331
AMD,Q3,2011-09-30,2011-11-14,49.0915,0.5805,6.2599,132.71,29.7885,4.922,0.1887,0.1604,0.2356,0.6146,0.2331
AMD,Q4,2011-12-31,2012-03-30,47.5251,0.6298,6.0601,138.7691,31.2629,5.5474,0.1747,0.1485,0.2356,0.6146,0.2331
AMD,Q1,2012-03-31,2012-05-15,51.4879,0.6206,6.5655,145.3335,32.6903,6.1662,0.1807,0.1536,0.2356,0.6146,0.2331
AMD,Q2,2012-06-30,2012-08-14,51.9068,0.5936,6.6189,151.9514,34.2367,5.6966,0.1742,0.1481,0.2356,0.6146,0.2331
AMD,Q3,2012-09-30,2012-11-14,51.8735,0.5729,6.6146,158.565,35.7957,5.6192,0.1669,0.1418,0.2356,0.6146,0.2331
AMD,Q4,2012-12-31,2013-03-31,51.3993,0.509,6.5542,165.1184,37.3537,5.4962,0.1588,0.135,0.2356,0.6146,0.2331
AMD,Q1,2013-03-31,2013-05-15,53.1382,0.6146,6.7759,171.8932,38.8975,6.1185,0.1577,0.134,0.2356,0.6146,0.2331
AMD,Q2,2013-06-30,2013-08-14,53.0071,0.5709,6.7592,178.6515,40.4935,5.6834,0.1513,0.1286,0.2356,0.6146,0.2331
AMD,Q3,2013-09-30,2013-11-14,55.904,0.4941,7.1286,185.7792,42.0856,6.6024,0.1535,0.1305,0.2356,0.6146,0.2331
AMD,Q4,2013-12-31,2014-03-31,54.3249,0.506,6.9272,192.7056,43.7647,5.9959,0.1438,0.1222,0.2356,0.6146,0.2331
AMD,Q1,2014-03-31,2014-05-15,54.1991,0.5511,6.9112,199.6159,45.3963,6.1924,0.1385,0.1177,0.2356,0.6146,0.2331
AMD,Q2,2014-06-30,2014-08-14,53.311,0.5816,6.7979,206.4128,47.0242,6.4309,0.1317,0.112,0.2356,0.6146,0.2331
AMD,Q3,2014-09-30,2014-11-14,54.276,0.6375,6.921,213.3328,48.6254,5.6952,0.1298,0.1103,0.2356,0.6146,0.2331
AMD,Q4,2014-12-31,2015-03-31,57.4845,0.591,7.3301,220.6619,50.2555,5.9526,0.1329,0.1129,0.2356,0.6146,0.2331
AMD,Q1,2015-03-31,2015-05-15,59.8853,0.7072,7.6362,228.297,51.9821,6.129,0.1338,0.1137,0.2356,0.6146,0.2331
AMD,Q2,2015-06-30,2015-08-14,61.929,0.6861,7.8968,236.1927,53.7807,6.5863,0.1337,0.1137,0.2356,0.6146,0.2331
AMD,Q3,2015-09-30,2015-11-14,63.0217,0.7824,8.0362,244.2276,55.6407,7.319,0.1316,0.1119,0.2356,0.6146,0.2331
AMD,Q4,2015-12-31,2016-03-30,62.1466,0.806,7.9246,252.1508,57.5335,6.825,0.1257,0.1069,0.2356,0.6146,0.2331
AMD,Q1,2016-03-31,2016-05-15,66.2256,0.7882,8.4447,260.5943,59.4001,7.3952,0.1296,0.1102,0.2356,0.6146,0.2331
AMD,Q2,2016-06-30,2016-08-14,67.8766,0.8578,8.6552,269.2481,61.3891,7.342,0.1286,0.1093,0.2356,0.6146,0.2331
AMD,Q3,2016-09-30,2016-11-14,72.7702,1.0931,9.2792,278.5256,63.4277,8.3795,0.1333,0.1133,0.2356,0.6146,0.2331
AMD,Q4,2016-12-31,2017-03-31,74.2701,1.1038,9.4705,287.9943,65.6132,8.5688,0.1315,0.1118,0.2356,0.6146,0.2331
AMD,Q1,2017-03-31,2017-05-15,80.2293,1.29,10.2304,298.2225,67.8438,9.7154,0.1372,0.1166,0.2356,0.6146,0.2331
AMD,Q2,2017-06-30,2017-08-14,78.5911,1.286,10.0215,308.2419,70.2533,8.0317,0.13,0.1105,0.2356,0.6146,0.2331
AMD,Q3,2017-09-30,2017-11-14,74.3391,1.5281,9.4793,317.7187,72.6136,8.1794,0.1193,0.1014,0.2356,0.6146,0.2331
AMD,Q4,2017-12-31,2018-03-31,72.6145,1.7837,9.2594,326.9752,74.8461,8.494,0.1133,0.0963,0.2356,0.6146,0.2331
AMD,Q1,2018-03-31,2018-05-15,75.5127,2.0236,9.629,336.6008,77.0267,8.6086,0.1144,0.0973,0.2356,0.6146,0.2331
AMD,Q2,2018-06-30,2018-08-14,80.4861,2.4093,10.2631,346.86,79.2942,9.4329,0.1184,0.1006,0.2356,0.6146,0.2331
AMD,Q3,2018-09-30,2018-11-14,84.5105,1.89,10.7763,357.6332,81.711,9.3215,0.1205,0.1024,0.2356,0.6146,0.2331
AMD,Q4,2018-12-31,2019-03-31,90.0804,1.3587,11.4866,369.1175,84.2489,10.277,0.1245,0.1058,0.2356,0.6146,0.2331
AMD,Q1,2019-03-31,2019-05-15,89.8658,1.1805,11.4592,380.5748,86.9543,10.4966,0.1204,0.1024,0.2356,0.6146,0.2331
AMD,Q2,2019-06-30,2019-08-14,98.5828,1.216,12.5707,393.1435,89.6533,9.8303,0.1279,0.1087,0.2356,0.6146,0.2331
AMD,Q3,2019-09-30,2019-11-14,103.1502,1.2396,13.1531,406.2946,92.6142,11.3395,0.1295,0.1101,0.2356,0.6146,0.2331
AMD,Q4,2019-12-31,2020-03-30,113.1991,1.2816,14.4345,420.727,95.7122,12.2462,0.1372,0.1166,0.2356,0.6146,0.2331
AMD,Q1,2020-03-31,2020-05-15,122.0903,1.508,15.5683,436.2928,99.1121,13.8106,0.1427,0.1213,0.2356,0.6146,0.2331
AMD,Q2,2020-06-30,2020-08-14,126.1016,1.6413,16.0798,452.3699,102.779,15.2581,0.1422,0.1209,0.2356,0.6146,0.2331
AMD,Q3,2020-09-30,2020-11-14,127.1304,1.4243,16.211,468.5785,106.5664,14.0437,0.1384,0.1176,0.2356,0.6146,0.2331
AMD,Q4,2020-12-31,2021-03-31,133.0917,1.4215,16.9711,485.5473,110.3847,14.6088,0.1398,0.1188,0.2356,0.6146,0.2331
AMD,Q1,2021-03-31,2021-05-15,143.6809,1.3455,18.3214,503.8664,114.3821,17.3404,0.1454,0.1236,0.2356,0.6146,0.2331
AMD,Q2,2021-06-30,2021-08-14,151.9402,1.216,19.3746,523.239,118.6976,16.8377,0.1481,0.1259,0.2356,0.6146,0.2331
AMD,Q3,2021-09-30,2021-11-14,151.7367,1.2868,19.3486,542.5855,123.2612,15.8798,0.1426,0.1212,0.2356,0.6146,0.2331
AMD,Q4,2021-12-31,2022-03-31,150.9752,0.9866,19.2515,561.8354,127.8188,16.1386,0.1371,0.1165,0.2356,0.6146,0.2331
AMD,Q1,2022-03-31,2022-05-15,155.6321,0.8913,19.8453,581.6793,132.3535,17.3632,0.1365,0.116,0.2356,0.6146,0.2331
AMD,Q2,2022-06-30,2022-08-14,154.4388,0.8763,19.6932,601.371,137.0282,17.5708,0.131,0.1113,0.2356,0.6146,0.2331
AMD,Q3,2022-09-30,2022-11-14,155.4459,0.8246,19.8216,621.1912,141.6671,15.9135,0.1276,0.1085,0.2356,0.6146,0.2331
AMD,Q4,2022-12-31,2023-03-31,149.0005,0.8009,18.9997,640.1896,146.3362,15.2087,0.1187,0.1009,0.2356,0.6146,0.2331
AMD,Q1,2023-03-31,2023-05-15,141.4374,0.8151,18.0353,658.2236,150.8117,15.7477,0.1096,0.0932,0.2356,0.6146,0.2331
AMD,Q2,2023-06-30,2023-08-14,140.2465,0.9496,17.8834,676.1055,155.06,13.9912,0.1058,0.0899,0.2356,0.6146,0.2331
AMD,Q3,2023-09-30,2023-11-14,147.4629,0.9116,18.8036,694.9076,159.2725,15.7581,0.1082,0.092,0.2356,0.6146,0.2331
AMD,Q4,2023-12-31,2024-03-30,152.965,0.9906,19.5052,714.4113,163.7018,16.0289,0.1092,0.0928,0.2356,0.6146,0.2331
AMD,Q1,2024-03-31,2024-05-15,162.3602,0.8429,20.7033,735.1131,168.2964,19.4723,0.1127,0.0958,0.2356,0.6146,0.2331
AMD,Q2,2024-06-30,2024-08-14,172.0186,0.7621,21.9348,757.0467,173.1732,19.9293,0.1159,0.0985,0.2356,0.6146,0.2331
AMD,Q3,2024-09-30,2024-11-14,177.6858,0.8337,22.6575,779.7029,178.3402,20.7793,0.1162,0.0988,0.2356,0.6146,0.2331
AMD,Q4,2024-12-31,2025-03-31,174.1939,0.8771,22.2122,801.9137,183.6773,20.0893,0.1108,0.0942,0.2356,0.6146,0.2331
AMD,Q1,2025-03-31,2025-05-15,161.3187,0.9335,20.5705,822.4826,188.9096,17.1478,0.1,0.085,0.2356,0.6146,0.2331
AMD,Q2,2025-06-30,2025-08-14,166.8994,0.9437,21.2821,843.7631,193.7551,19.5242,0.1009,0.0858,0.2356,0.6146,0.2331
AMD,Q3,2025-09-30,2025-11-14,172.1588,0.9093,21.9527,865.7143,198.7682,18.9407,0.1014,0.0862,0.2356,0.6146,0.2331
AMD,Q4,2025-12-31,2026-03-31,167.3595,0.8501,21.3408,887.0537,203.9394,18.3651,0.0962,0.0818,0.2356,0.6146,0.2331
AMD,Q1,2026-03-31,2026-05-15,176.4454,0.9032,22.4993,909.5516,208.9664,19.4707,0.0989,0.0841,0.2356,0.6146,0.2331
ORCL,Q3,2009-09-30,2009-11-14,19.9868,3.6053,2.9274,28.4426,9.5523,2.2218,0.4117,0.3499,0.3744,0.5733,0.3418
ORCL,Q4,2009-12-31,2010-03-31,20.6643,4.5187,3.0266,31.4692,10.6483,2.4917,0.3847,0.327,0.3744,0.5733,0.3418
ORCL,Q1,2010-03-31,2010-05-15,20.9167,3.3171,3.0636,34.5327,11.7813,2.4406,0.3549,0.3016,0.3744,0.5733,0.3418
ORCL,Q2,2010-06-30,2010-08-14,21.124,2.8152,3.094,37.6266,12.9282,2.6177,0.3289,0.2796,0.3744,0.5733,0.3418
ORCL,Q3,2010-09-30,2010-11-14,22.7645,3.0282,3.3342,40.9608,14.0865,3.0334,0.3256,0.2768,0.3744,0.5733,0.3418
ORCL,Q4,2010-12-31,2011-03-31,21.5027,2.6558,3.1494,44.1102,15.3348,2.3993,0.2856,0.2428,0.3744,0.5733,0.3418
ORCL,Q1,2011-03-31,2011-05-15,23.0027,3.4531,3.3691,47.4793,16.5138,3.0261,0.2838,0.2413,0.3744,0.5733,0.3418
ORCL,Q2,2011-06-30,2011-08-14,23.6233,4.0966,3.46,50.9392,17.7751,2.9925,0.2717,0.2309,0.3744,0.5733,0.3418
ORCL,Q3,2011-09-30,2011-11-14,24.7526,3.3943,3.6254,54.5646,19.0705,3.1737,0.2658,0.2259,0.3744,0.5733,0.3418
ORCL,Q4,2011-12-31,2012-03-30,25.1101,4.3198,3.6778,58.2423,20.4277,2.8493,0.2526,0.2147,0.3744,0.5733,0.3418
ORCL,Q1,2012-03-31,2012-05-15,25.796,4.3675,3.7783,62.0205,21.8046,3.3527,0.2437,0.2071,0.3744,0.5733,0.3418
ORCL,Q2,2012-06-30,2012-08-14,28.2027,3.3741,4.1308,66.1512,23.219,3.2771,0.2498,0.2123,0.3744,0.5733,0.3418
ORCL,Q3,2012-09-30,2012-11-14,28.9874,3.3018,4.2457,70.3968,24.7655,3.186,0.2412,0.2051,0.3744,0.5733,0.3418
ORCL,Q4,2012-12-31,2013-03-31,33.0571,3.4345,4.8418,75.2385,26.3549,4.2882,0.2574,0.2188,0.3744,0.5733,0.3418
ORCL,Q1,2013-03-31,2013-05-15,33.4124,3.467,4.8938,80.1323,28.1675,3.9206,0.2443,0.2076,0.3744,0.5733,0.3418
ORCL,Q2,2013-06-30,2013-08-14,32.8166,3.4997,4.8065,84.9387,29.9996,3.8062,0.2264,0.1924,0.3744,0.5733,0.3418
ORCL,Q3,2013-09-30,2013-11-14,35.5068,3.7719,5.2006,90.1392,31.7991,4.4314,0.2308,0.1962,0.3744,0.5733,0.3418
ORCL,Q4,2013-12-31,2014-03-31,35.9704,4.3742,5.2685,95.4076,33.746,4.4324,0.2209,0.1877,0.3744,0.5733,0.3418
ORCL,Q1,2014-03-31,2014-05-15,38.3085,5.8322,5.6109,101.0184,35.7184,4.6234,0.2222,0.1888,0.3744,0.5733,0.3418
ORCL,Q2,2014-06-30,2014-08-14,36.7348,6.5103,5.3804,106.3987,37.8189,4.8744,0.2023,0.1719,0.3744,0.5733,0.3418
ORCL,Q3,2014-09-30,2014-11-14,40.4435,8.6631,5.9236,112.3222,39.8332,4.76,0.211,0.1793,0.3744,0.5733,0.3418
ORCL,Q4,2014-12-31,2015-03-31,42.5978,9.8881,6.2392,118.5612,42.0508,5.5168,0.2105,0.1789,0.3744,0.5733,0.3418
ORCL,Q1,2015-03-31,2015-05-15,42.6177,13.9725,6.2421,124.803,44.3865,5.0971,0.2001,0.1701,0.3744,0.5733,0.3418
ORCL,Q2,2015-06-30,2015-08-14,44.0754,19.3012,6.4556,131.2582,46.7233,5.8842,0.1967,0.1672,0.3744,0.5733,0.3418
ORCL,Q3,2015-09-30,2015-11-14,45.0228,15.3222,6.5943,137.8523,49.14,5.7021,0.1913,0.1626,0.3744,0.5733,0.3418
ORCL,Q4,2015-12-31,2016-03-30,47.3517,13.2395,6.9354,144.7875,51.6087,5.8262,0.1916,0.1629,0.3744,0.5733,0.3418
ORCL,Q1,2016-03-31,2016-05-15,47.1036,12.1947,6.8991,151.6864,54.205,5.2774,0.1819,0.1546,0.3744,0.5733,0.3418
ORCL,Q2,2016-06-30,2016-08-14,50.9957,14.6138,7.4692,159.1553,56.7878,6.1855,0.1877,0.1596,0.3744,0.5733,0.3418
ORCL,Q3,2016-09-30,2016-11-14,53.742,18.1351,7.8714,167.0264,59.584,6.6604,0.1885,0.1602,0.3744,0.5733,0.3418
ORCL,Q4,2016-12-31,2017-03-31,54.532,16.1967,7.9871,175.0132,62.5308,7.3056,0.1825,0.1552,0.3744,0.5733,0.3418
ORCL,Q1,2017-03-31,2017-05-15,54.641,15.8571,8.0031,183.016,65.5209,7.0192,0.1749,0.1487,0.3744,0.5733,0.3418
ORCL,Q2,2017-06-30,2017-08-14,54.3637,13.9031,7.9625,190.9782,68.5169,7.0711,0.1668,0.1418,0.3744,0.5733,0.3418
ORCL,Q3,2017-09-30,2017-11-14,55.6891,15.0693,8.1566,199.1346,71.4978,7.1273,0.1638,0.1393,0.3744,0.5733,0.3418
ORCL,Q4,2017-12-31,2018-03-31,55.2419,14.6641,8.0911,207.2254,74.5513,7.1996,0.1562,0.1328,0.3744,0.5733,0.3418
ORCL,Q1,2018-03-31,2018-05-15,58.7595,9.9931,8.6063,215.8315,77.5803,6.9612,0.1595,0.1356,0.3744,0.5733,0.3418
ORCL,Q2,2018-06-30,2018-08-14,61.308,11.0753,8.9796,224.8109,80.8023,7.7102,0.1598,0.1358,0.3744,0.5733,0.3418
ORCL,Q3,2018-09-30,2018-11-14,67.6663,9.5706,9.9108,234.7216,84.1639,8.3473,0.1689,0.1436,0.3744,0.5733,0.3418
ORCL,Q4,2018-12-31,2019-03-31,65.6173,7.963,9.6107,244.3322,87.8743,7.5802,0.1573,0.1337,0.3744,0.5733,0.3418
ORCL,Q1,2019-03-31,2019-05-15,67.4795,10.3914,9.8835,254.2155,91.4722,8.163,0.1555,0.1322,0.3744,0.5733,0.3418
ORCL,Q2,2019-06-30,2019-08-14,65.7977,10.595,9.6372,263.8525,95.1723,8.657,0.1461,0.1242,0.3744,0.5733,0.3418
ORCL,Q3,2019-09-30,2019-11-14,65.7339,11.5724,9.6278,273.4801,98.7802,8.3876,0.1408,0.1197,0.3744,0.5733,0.3418
ORCL,Q4,2019-12-31,2020-03-30,66.9624,14.3702,9.8078,283.2876,102.3845,7.8656,0.1385,0.1177,0.3744,0.5733,0.3418
ORCL,Q1,2020-03-31,2020-05-15,69.6236,13.5519,10.1975,293.4849,106.0562,8.6458,0.139,0.1181,0.3744,0.5733,0.3418
ORCL,Q2,2020-06-30,2020-08-14,72.1678,14.0497,10.5702,304.0548,109.8739,8.0025,0.1391,0.1182,0.3744,0.5733,0.3418
ORCL,Q3,2020-09-30,2020-11-14,74.1323,15.3494,10.8579,314.9124,113.831,8.451,0.1379,0.1172,0.3744,0.5733,0.3418
ORCL,Q4,2020-12-31,2021-03-31,75.526,19.5982,11.062,325.9741,117.8958,8.4648,0.1357,0.1154,0.3744,0.5733,0.3418
ORCL,Q1,2021-03-31,2021-05-15,75.8999,13.8049,11.1168,337.0907,122.0371,8.7471,0.1319,0.1121,0.3744,0.5733,0.3418
ORCL,Q2,2021-06-30,2021-08-14,78.8876,15.4585,11.5544,348.6448,126.1989,9.083,0.1326,0.1127,0.3744,0.5733,0.3418
ORCL,Q3,2021-09-30,2021-11-14,72.3896,11.1699,10.6027,359.2473,130.5245,9.2695,0.1181,0.1003,0.3744,0.5733,0.3418
ORCL,Q4,2021-12-31,2022-03-31,69.1379,12.9318,10.1264,369.3735,134.4938,8.4813,0.1097,0.0932,0.3744,0.5733,0.3418
ORCL,Q1,2022-03-31,2022-05-15,75.3329,11.9449,11.0338,380.407,138.2848,8.9786,0.116,0.0986,0.3744,0.5733,0.3418
ORCL,Q2,2022-06-30,2022-08-14,78.1586,12.9368,11.4476,391.8544,142.4155,10.4749,0.1169,0.0993,0.3744,0.5733,0.3418
ORCL,Q3,2022-09-30,2022-11-14,82.2717,10.3896,12.0501,403.9043,146.7011,9.4829,0.1193,0.1014,0.3744,0.5733,0.3418
ORCL,Q4,2022-12-31,2023-03-31,79.8374,11.9712,11.6935,415.5976,151.2123,10.3141,0.1125,0.0957,0.3744,0.5733,0.3418
ORCL,Q1,2023-03-31,2023-05-15,79.2595,12.6061,11.6089,427.2062,155.59,9.858,0.1087,0.0924,0.3744,0.5733,0.3418
ORCL,Q2,2023-06-30,2023-08-14,81.633,15.4413,11.9565,439.1625,159.936,10.2013,0.1089,0.0926,0.3744,0.5733,0.3418
ORCL,Q3,2023-09-30,2023-11-14,79.5302,11.6484,11.6485,450.8108,164.4121,8.9174,0.1034,0.0879,0.3744,0.5733,0.3418
ORCL,Q4,2023-12-31,2024-03-30,79.0724,12.3271,11.5815,462.392,168.773,9.1198,0.1002,0.0852,0.3744,0.5733,0.3418
ORCL,Q1,2024-03-31,2024-05-15,82.3173,13.5698,12.0567,474.4485,173.1087,9.2541,0.1016,0.0864,0.3744,0.5733,0.3418
ORCL,Q2,2024-06-30,2024-08-14,84.903,11.1335,12.4355,486.8838,177.6224,9.7341,0.1022,0.0868,0.3744,0.5733,0.3418
ORCL,Q3,2024-09-30,2024-11-14,84.1081,7.4299,12.319,499.2027,182.2779,9.7076,0.0987,0.0839,0.3744,0.5733,0.3418
ORCL,Q4,2024-12-31,2025-03-31,92.2106,9.3998,13.5058,512.7083,186.8898,10.2284,0.1054,0.0896,0.3744,0.5733,0.3418
ORCL,Q1,2025-03-31,2025-05-15,96.5634,8.0093,14.1433,526.8514,191.946,12.1222,0.1074,0.0913,0.3744,0.5733,0.3418
ORCL,Q2,2025-06-30,2025-08-14,102.7433,10.0272,15.0485,541.8997,197.2408,13.2434,0.1111,0.0944,0.3744,0.5733,0.3418
ORCL,Q3,2025-09-30,2025-11-14,105.9483,9.7092,15.5179,557.4174,202.8746,13.2926,0.1114,0.0947,0.3744,0.5733,0.3418
ORCL,Q4,2025-12-31,2026-03-31,102.0438,13.6509,14.946,572.3632,208.684,13.0706,0.1045,0.0888,0.3744,0.5733,0.3418
ORCL,Q1,2026-03-31,2026-05-15,112.7072,9.1106,16.5078,588.8709,214.2794,14.5606,0.1121,0.0953,0.3744,0.5733,0.3418
CSCO,Q3,2009-09-30,2009-11-14,39.6368,5.0214,7.251,94.5476,54.6897,7.1766,0.3068,0.2607,0.6265,0.5167,0.2456
CSCO,Q4,2009-12-31,2010-03-31,40.0187,3.3363,7.3208,101.8682,59.2321,7.9841,0.2875,0.2443,0.6265,0.5167,0.2456
CSCO,Q1,2010-03-31,2010-05-15,43.6682,3.9053,7.9884,109.8565,63.8183,9.026,0.2909,0.2472,0.6265,0.5167,0.2456
CSCO,Q2,2010-06-30,2010-08-14,43.6609,4.2226,7.9871,117.8434,68.8228,9.4516,0.2711,0.2304,0.6265,0.5167,0.2456
CSCO,Q3,2010-09-30,2010-11-14,47.0614,3.3467,8.6092,126.4524,73.8264,9.2083,0.2723,0.2315,0.6265,0.5167,0.2456
CSCO,Q4,2010-12-31,2011-03-31,46.5249,2.6614,8.511,134.9633,79.2198,8.7158,0.2522,0.2144,0.6265,0.5167,0.2456
CSCO,Q1,2011-03-31,2011-05-15,46.3661,2.5864,8.482,143.4451,84.5517,9.7844,0.2365,0.201,0.6265,0.5167,0.2456
CSCO,Q2,2011-06-30,2011-08-14,44.9025,3.1504,8.2142,151.6592,89.8654,8.3081,0.2166,0.1842,0.6265,0.5167,0.2456
CSCO,Q3,2011-09-30,2011-11-14,48.1196,2.8827,8.8028,160.4618,95.0114,9.3915,0.2194,0.1865,0.6265,0.5167,0.2456
CSCO,Q4,2011-12-31,2012-03-30,49.251,2.3158,9.0097,169.4714,100.526,9.6927,0.2127,0.1808,0.6265,0.5167,0.2456
CSCO,Q1,2012-03-31,2012-05-15,52.2393,2.514,9.5564,179.0277,106.1704,10.7623,0.2135,0.1815,0.6265,0.5167,0.2456
CSCO,Q2,2012-06-30,2012-08-14,53.6568,2.2602,9.8157,188.8433,112.1572,11.1611,0.2079,0.1767,0.6265,0.5167,0.2456
CSCO,Q3,2012-09-30,2012-11-14,52.1988,2.0716,9.549,198.3922,118.3064,10.0369,0.1925,0.1636,0.6265,0.5167,0.2456
CSCO,Q4,2012-12-31,2013-03-31,56.1694,2.7257,10.2753,208.6674,124.2886,12.1265,0.197,0.1674,0.6265,0.5167,0.2456
CSCO,Q1,2013-03-31,2013-05-15,61.7593,2.7164,11.2979,219.9652,130.7258,12.5862,0.2054,0.1746,0.6265,0.5167,0.2456
CSCO,Q2,2013-06-30,2013-08-14,67.3783,4.0547,12.3258,232.2908,137.8037,14.0928,0.2122,0.1804,0.6265,0.5167,0.2456
CSCO,Q3,2013-09-30,2013-11-14,70.6813,4.4744,12.9301,245.2207,145.5254,13.8361,0.2109,0.1793,0.6265,0.5167,0.2456
CSCO,Q4,2013-12-31,2014-03-31,76.8477,3.946,14.0581,259.2786,153.6257,15.8045,0.2169,0.1843,0.6265,0.5167,0.2456
CSCO,Q1,2014-03-31,2014-05-15,78.4928,3.7896,14.3591,273.6375,162.4327,14.2614,0.2099,0.1784,0.6265,0.5167,0.2456
CSCO,Q2,2014-06-30,2014-08-14,86.2319,3.7309,15.7748,289.4121,171.4283,18.7543,0.218,0.1853,0.6265,0.5167,0.2456
CSCO,Q3,2014-09-30,2014-11-14,84.2692,3.3297,15.4158,304.8278,181.3108,18.3883,0.2023,0.1719,0.6265,0.5167,0.2456
CSCO,Q4,2014-12-31,2015-03-31,86.0113,3.5709,15.7345,320.5621,190.9683,17.6733,0.1963,0.1669,0.6265,0.5167,0.2456
CSCO,Q1,2015-03-31,2015-05-15,87.8651,3.078,16.0736,336.6355,200.8255,18.6442,0.191,0.1623,0.6265,0.5167,0.2456
CSCO,Q2,2015-06-30,2015-08-14,85.7898,3.3176,15.6939,352.3293,210.8952,16.7015,0.1782,0.1514,0.6265,0.5167,0.2456
CSCO,Q3,2015-09-30,2015-11-14,87.2534,3.754,15.9617,368.2908,220.7271,18.4979,0.1734,0.1474,0.6265,0.5167,0.2456
CSCO,Q4,2015-12-31,2016-03-30,88.0031,3.918,16.0988,384.3894,230.7266,17.5581,0.1675,0.1424,0.6265,0.5167,0.2456
CSCO,Q1,2016-03-31,2016-05-15,92.8408,5.0127,16.9838,401.373,240.8121,17.8939,0.1693,0.1439,0.6265,0.5167,0.2456
CSCO,Q2,2016-06-30,2016-08-14,101.7269,4.5114,18.6094,419.9822,251.452,20.4001,0.1772,0.1507,0.6265,0.5167,0.2456
CSCO,Q3,2016-09-30,2016-11-14,108.6301,4.4597,19.8722,439.8542,263.1102,19.8226,0.1807,0.1536,0.6265,0.5167,0.2456
CSCO,Q4,2016-12-31,2017-03-31,112.8782,5.1367,20.6493,460.5033,275.5596,22.7731,0.1794,0.1525,0.6265,0.5167,0.2456
CSCO,Q1,2017-03-31,2017-05-15,114.4312,5.0026,20.9334,481.4366,288.4959,22.9831,0.1739,0.1478,0.6265,0.5167,0.2456
CSCO,Q2,2017-06-30,2017-08-14,122.8703,5.2395,22.4773,503.9136,301.6101,24.427,0.1784,0.1517,0.6265,0.5167,0.2456
CSCO,Q3,2017-09-30,2017-11-14,124.1245,4.5874,22.7067,526.62,315.6915,22.7019,0.1725,0.1466,0.6265,0.5167,0.2456
CSCO,Q4,2017-12-31,2018-03-31,135.1312,4.3835,24.7202,551.34,329.9166,26.0605,0.1793,0.1524,0.6265,0.5167,0.2456
CSCO,Q1,2018-03-31,2018-05-15,143.6121,4.2135,26.2717,577.6115,345.4032,29.7596,0.1819,0.1546,0.6265,0.5167,0.2456
CSCO,Q2,2018-06-30,2018-08-14,154.6029,4.4007,28.2822,605.8935,361.8617,30.0731,0.1867,0.1587,0.6265,0.5167,0.2456
CSCO,Q3,2018-09-30,2018-11-14,153.4008,2.0363,28.0623,633.9558,379.5799,30.8276,0.1771,0.1505,0.6265,0.5167,0.2456
CSCO,Q4,2018-12-31,2019-03-31,166.3295,2.0315,30.4275,664.3831,397.1603,30.4677,0.1832,0.1557,0.6265,0.5167,0.2456
CSCO,Q1,2019-03-31,2019-05-15,185.4457,2.5297,33.9245,698.3075,416.2224,36.7158,0.1943,0.1652,0.6265,0.5167,0.2456
CSCO,Q2,2019-06-30,2019-08-14,188.809,2.6429,34.5397,732.8471,437.4753,33.78,0.1885,0.1602,0.6265,0.5167,0.2456
CSCO,Q3,2019-09-30,2019-11-14,194.6195,2.2036,35.6027,768.4497,459.1137,39.6896,0.1853,0.1575,0.6265,0.5167,0.2456
CSCO,Q4,2019-12-31,2020-03-30,200.0,2.139,36.587,805.0365,481.4179,37.8211,0.1818,0.1545,0.6265,0.5167,0.2456
CSCO,Q1,2020-03-31,2020-05-15,200.0,2.117,36.587,841.6234,504.3388,41.2856,0.1739,0.1478,0.6265,0.5167,0.2456
CSCO,Q2,2020-06-30,2020-08-14,200.0,2.0597,36.587,878.2102,527.2598,40.5005,0.1666,0.1416,0.6265,0.5167,0.2456
CSCO,Q3,2020-09-30,2020-11-14,200.0,1.9317,36.587,914.7971,550.1807,39.8447,0.16,0.136,0.6265,0.5167,0.2456
CSCO,Q4,2020-12-31,2021-03-31,200.0,2.0366,36.587,951.384,573.1016,40.077,0.1538,0.1308,0.6265,0.5167,0.2456
CSCO,Q1,2021-03-31,2021-05-15,200.0,2.4591,36.587,987.9708,596.0225,40.0546,0.1481,0.1259,0.6265,0.5167,0.2456
CSCO,Q2,2021-06-30,2021-08-14,200.0,2.1948,36.587,1024.5577,618.9434,36.3878,0.1428,0.1214,0.6265,0.5167,0.2456
CSCO,Q3,2021-09-30,2021-11-14,200.0,1.9667,36.587,1061.1445,641.8643,42.7652,0.1379,0.1172,0.6265,0.5167,0.2456
CSCO,Q4,2021-12-31,2022-03-31,200.0,2.3722,36.587,1097.7314,664.7853,35.8876,0.1333,0.1133,0.6265,0.5167,0.2456
CSCO,Q1,2022-03-31,2022-05-15,200.0,2.2749,36.587,1134.3182,687.7062,39.1703,0.129,0.1097,0.6265,0.5167,0.2456
CSCO,Q2,2022-06-30,2022-08-14,200.0,2.147,36.587,1170.9051,710.6271,42.8345,0.125,0.1062,0.6265,0.5167,0.2456
CSCO,Q3,2022-09-30,2022-11-14,200.0,2.1775,36.587,1207.4919,733.548,42.6321,0.1212,0.103,0.6265,0.5167,0.2456
CSCO,Q4,2022-12-31,2023-03-31,200.0,2.3568,36.587,1244.0788,756.4689,39.9223,0.1176,0.1,0.6265,0.5167,0.2456
CSCO,Q1,2023-03-31,2023-05-15,200.0,2.3488,36.587,1280.6656,779.3898,39.5997,0.1143,0.0971,0.6265,0.5167,0.2456
CSCO,Q2,2023-06-30,2023-08-14,200.0,3.0197,36.587,1317.2524,802.3107,42.0033,0.1111,0.0944,0.6265,0.5167,0.2456
CSCO,Q3,2023-09-30,2023-11-14,197.7777,2.8572,36.1804,1353.4327,825.2316,37.6484,0.1069,0.0909,0.6265,0.5167,0.2456
CSCO,Q4,2023-12-31,2024-03-30,199.3917,3.3393,36.4757,1389.9083,847.8978,40.3123,0.105,0.0892,0.6265,0.5167,0.2456
CSCO,Q1,2024-03-31,2024-05-15,200.0,3.8459,36.587,1426.495,870.749,36.2636,0.1026,0.0872,0.6265,0.5167,0.2456
CSCO,Q2,2024-06-30,2024-08-14,200.0,2.7345,36.587,1463.0819,893.6698,40.9017,0.1,0.085,0.6265,0.5167,0.2456
CSCO,Q3,2024-09-30,2024-11-14,200.0,2.9592,36.587,1499.6687,916.5907,38.6897,0.0976,0.0829,0.6265,0.5167,0.2456
CSCO,Q4,2024-12-31,2025-03-31,200.0,2.4938,36.587,1536.2555,939.5116,39.0747,0.0953,0.081,0.6265,0.5167,0.2456
CSCO,Q1,2025-03-31,2025-05-15,196.5454,2.5959,35.955,1572.2104,962.4325,38.1183,0.0915,0.0778,0.6265,0.5167,0.2456
CSCO,Q2,2025-06-30,2025-08-14,200.0,2.7031,36.587,1608.7972,984.9575,38.1144,0.091,0.0773,0.6265,0.5167,0.2456
CSCO,Q3,2025-09-30,2025-11-14,199.4673,3.3492,36.4895,1645.2866,1007.8784,43.1445,0.0887,0.0754,0.6265,0.5167,0.2456
CSCO,Q4,2025-12-31,2026-03-31,200.0,3.8744,36.587,1681.8734,1030.7383,43.1125,0.087,0.074,0.6265,0.5167,0.2456
CSCO,Q1,2026-03-31,2026-05-15,200.0,6.1798,36.587,1718.46,1053.6591,38.0678,0.0852,0.0724,0.6265,0.5167,0.2456
CRM,Q3,2009-09-30,2009-11-14,37.615,0.8463,5.9991,382.5179,114.928,7.1603,0.0627,0.0533,0.3052,0.6462,0.3747
CRM,Q4,2009-12-31,2010-03-31,39.9742,0.7498,6.3753,388.8931,116.7591,6.3995,0.0656,0.0557,0.3052,0.6462,0.3747
CRM,Q1,2010-03-31,2010-05-15,43.3433,0.7086,6.9126,395.8056,118.705,7.349,0.0699,0.0594,0.3052,0.6462,0.3747
CRM,Q2,2010-06-30,2010-08-14,45.5293,0.9188,7.2613,403.0667,120.815,7.7955,0.0721,0.0613,0.3052,0.6462,0.3747
CRM,Q3,2010-09-30,2010-11-14,50.1537,0.8857,7.9988,411.0653,123.0313,8.481,0.0778,0.0662,0.3052,0.6462,0.3747
CRM,Q4,2010-12-31,2011-03-31,50.4436,1.0431,8.045,419.1102,125.4728,9.6997,0.0768,0.0653,0.3052,0.6462,0.3747
CRM,Q1,2011-03-31,2011-05-15,52.0452,0.9597,8.3005,427.4105,127.9284,8.4641,0.0777,0.066,0.3052,0.6462,0.3747
CRM,Q2,2011-06-30,2011-08-14,52.88,0.935,8.4336,435.8439,130.462,10.0497,0.0774,0.0658,0.3052,0.6462,0.3747
CRM,Q3,2011-09-30,2011-11-14,53.1406,0.7363,8.4752,444.319,133.0362,9.4083,0.0763,0.0649,0.3052,0.6462,0.3747
CRM,Q4,2011-12-31,2012-03-30,51.3611,0.6139,8.1914,452.5102,135.6231,9.5865,0.0724,0.0615,0.3052,0.6462,0.3747
CRM,Q1,2012-03-31,2012-05-15,53.5684,0.5064,8.5434,461.0535,138.1234,8.9213,0.0741,0.063,0.3052,0.6462,0.3747
CRM,Q2,2012-06-30,2012-08-14,49.2361,0.6062,7.8524,468.9059,140.7311,8.3844,0.067,0.0569,0.3052,0.6462,0.3747
CRM,Q3,2012-09-30,2012-11-14,46.979,0.6304,7.4925,476.3983,143.128,8.2984,0.0629,0.0535,0.3052,0.6462,0.3747
CRM,Q4,2012-12-31,2013-03-31,48.2751,0.6829,7.6992,484.0973,145.4149,7.8056,0.0636,0.0541,0.3052,0.6462,0.3747
CRM,Q1,2013-03-31,2013-05-15,50.5888,0.9004,8.0682,492.1654,147.765,9.5519,0.0656,0.0557,0.3052,0.6462,0.3747
CRM,Q2,2013-06-30,2013-08-14,53.0005,1.046,8.4528,500.618,150.2277,9.7923,0.0675,0.0574,0.3052,0.6462,0.3747
CRM,Q3,2013-09-30,2013-11-14,52.7804,1.0175,8.4177,509.0356,152.8077,9.1865,0.0661,0.0562,0.3052,0.6462,0.3747
CRM,Q4,2013-12-31,2014-03-31,54.2967,1.1365,8.6595,517.6949,155.3771,8.8078,0.0669,0.0569,0.3052,0.6462,0.3747
CRM,Q1,2014-03-31,2014-05-15,54.5756,0.9817,8.704,526.3988,158.0203,9.4586,0.0661,0.0562,0.3052,0.6462,0.3747
CRM,Q2,2014-06-30,2014-08-14,59.1219,1.0187,9.4291,535.8277,160.677,9.3964,0.0704,0.0598,0.3052,0.6462,0.3747
CRM,Q3,2014-09-30,2014-11-14,60.2753,1.2175,9.613,545.4406,163.5551,10.679,0.0705,0.0599,0.3052,0.6462,0.3747
CRM,Q4,2014-12-31,2015-03-31,58.4514,1.145,9.3222,554.7625,166.4893,10.3592,0.0672,0.0571,0.3052,0.6462,0.3747
CRM,Q1,2015-03-31,2015-05-15,59.8821,0.9718,9.5503,564.3127,169.3347,9.9929,0.0677,0.0575,0.3052,0.6462,0.3747
CRM,Q2,2015-06-30,2015-08-14,59.1668,0.765,9.4362,573.7488,172.2498,9.6258,0.0658,0.0559,0.3052,0.6462,0.3747
CRM,Q3,2015-09-30,2015-11-14,62.8209,0.648,10.019,583.7678,175.1301,10.4428,0.0687,0.0584,0.3052,0.6462,0.3747
CRM,Q4,2015-12-31,2016-03-30,61.88,0.7932,9.869,593.6366,178.1882,11.2083,0.0665,0.0565,0.3052,0.6462,0.3747
CRM,Q1,2016-03-31,2016-05-15,63.8283,0.956,10.1797,603.8161,181.2006,12.1241,0.0674,0.0573,0.3052,0.6462,0.3747
CRM,Q2,2016-06-30,2016-08-14,65.2065,1.0512,10.3995,614.2155,184.3077,11.4962,0.0677,0.0576,0.3052,0.6462,0.3747
CRM,Q3,2016-09-30,2016-11-14,68.5761,1.2893,10.9369,625.1521,187.482,13.1845,0.07,0.0595,0.3052,0.6462,0.3747
CRM,Q4,2016-12-31,2017-03-31,71.5503,1.4626,11.4112,636.5631,190.8203,11.351,0.0717,0.0609,0.3052,0.6462,0.3747
CRM,Q1,2017-03-31,2017-05-15,77.1424,1.0524,12.3031,648.8661,194.3034,14.7338,0.0758,0.0645,0.3052,0.6462,0.3747
CRM,Q2,2017-06-30,2017-08-14,77.7875,0.9182,12.406,661.2719,198.0587,13.8001,0.075,0.0638,0.3052,0.6462,0.3747
CRM,Q3,2017-09-30,2017-11-14,77.1109,1.1165,12.2981,673.5698,201.8454,14.0188,0.073,0.0621,0.3052,0.6462,0.3747
CRM,Q4,2017-12-31,2018-03-31,76.9305,1.1814,12.2693,685.8389,205.5992,13.4006,0.0716,0.0608,0.3052,0.6462,0.3747
CRM,Q1,2018-03-31,2018-05-15,80.7277,1.1922,12.8749,698.7136,209.3442,14.6728,0.0737,0.0627,0.3052,0.6462,0.3747
CRM,Q2,2018-06-30,2018-08-14,85.3968,1.2503,13.6196,712.333,213.2741,15.6542,0.0765,0.065,0.3052,0.6462,0.3747
CRM,Q3,2018-09-30,2018-11-14,88.0419,1.4577,14.0414,726.3742,217.4312,15.5125,0.0773,0.0657,0.3052,0.6462,0.3747
CRM,Q4,2018-12-31,2019-03-31,91.3106,1.3053,14.5627,740.9367,221.7171,14.9701,0.0786,0.0668,0.3052,0.6462,0.3747
CRM,Q1,2019-03-31,2019-05-15,93.4482,1.4985,14.9037,755.8401,226.1622,17.2911,0.0789,0.067,0.3052,0.6462,0.3747
CRM,Q2,2019-06-30,2019-08-14,100.6031,1.5556,16.0447,771.8846,230.7113,17.6579,0.0831,0.0707,0.3052,0.6462,0.3747
CRM,Q3,2019-09-30,2019-11-14,108.6707,1.6358,17.3314,789.2157,235.6087,19.4634,0.0878,0.0747,0.3052,0.6462,0.3747
CRM,Q4,2019-12-31,2020-03-30,119.3882,1.6205,19.0407,808.2561,240.8988,19.1497,0.0942,0.0801,0.3052,0.6462,0.3747
CRM,Q1,2020-03-31,2020-05-15,119.1553,1.959,19.0036,827.2594,246.7106,19.0183,0.0919,0.0781,0.3052,0.6462,0.3747
CRM,Q2,2020-06-30,2020-08-14,122.0717,1.8538,19.4687,846.7277,252.5112,22.7269,0.092,0.0782,0.3052,0.6462,0.3747
CRM,Q3,2020-09-30,2020-11-14,113.4237,2.0352,18.0894,864.8169,258.4536,19.4118,0.0837,0.0711,0.3052,0.6462,0.3747
CRM,Q4,2020-12-31,2021-03-31,117.8577,2.1365,18.7966,883.6131,263.9751,19.9242,0.0851,0.0723,0.3052,0.6462,0.3747
CRM,Q1,2021-03-31,2021-05-15,117.162,2.1264,18.6857,902.2984,269.7125,20.1782,0.0828,0.0704,0.3052,0.6462,0.3747
CRM,Q2,2021-06-30,2021-08-14,119.0681,2.1961,18.9897,921.2877,275.4159,20.4024,0.0824,0.0701,0.3052,0.6462,0.3747
CRM,Q3,2021-09-30,2021-11-14,117.7758,2.3798,18.7836,940.0709,281.2122,21.2071,0.0799,0.0679,0.3052,0.6462,0.3747
CRM,Q4,2021-12-31,2022-03-31,117.4163,2.5882,18.7262,958.7967,286.9455,21.1846,0.0781,0.0664,0.3052,0.6462,0.3747
CRM,Q1,2022-03-31,2022-05-15,115.8038,2.7975,18.469,977.2653,292.6614,18.5477,0.0756,0.0643,0.3052,0.6462,0.3747
CRM,Q2,2022-06-30,2022-08-14,121.2072,2.3761,19.3308,996.5957,298.2987,22.5091,0.0776,0.0659,0.3052,0.6462,0.3747
CRM,Q3,2022-09-30,2022-11-14,120.7399,2.6101,19.2563,1015.8515,304.1991,23.2109,0.0758,0.0644,0.3052,0.6462,0.3747
CRM,Q4,2022-12-31,2023-03-31,127.0811,2.1502,20.2676,1036.1188,310.0767,23.2542,0.0782,0.0665,0.3052,0.6462,0.3747
CRM,Q1,2023-03-31,2023-05-15,132.2774,2.3571,21.0963,1057.2147,316.263,24.3197,0.0798,0.0678,0.3052,0.6462,0.3747
CRM,Q2,2023-06-30,2023-08-14,128.5415,2.1384,20.5005,1077.7149,322.7023,20.8589,0.0761,0.0647,0.3052,0.6462,0.3747
CRM,Q3,2023-09-30,2023-11-14,133.5342,1.799,21.2968,1099.0114,328.9597,21.3562,0.0775,0.0659,0.3052,0.6462,0.3747
CRM,Q4,2023-12-31,2024-03-30,142.4335,1.4106,22.7161,1121.7272,335.4602,23.8551,0.081,0.0689,0.3052,0.6462,0.3747
CRM,Q1,2024-03-31,2024-05-15,142.1059,1.6756,22.6638,1144.3908,342.394,26.1722,0.0792,0.0673,0.3052,0.6462,0.3747
CRM,Q2,2024-06-30,2024-08-14,146.0213,1.3544,23.2883,1167.6789,349.3118,25.4923,0.0798,0.0678,0.3052,0.6462,0.3747
CRM,Q3,2024-09-30,2024-11-14,156.0101,1.4613,24.8814,1192.56,356.4202,27.2652,0.0835,0.0709,0.3052,0.6462,0.3747
CRM,Q4,2024-12-31,2025-03-31,164.865,1.5325,26.2936,1218.8534,364.0149,29.7485,0.0863,0.0733,0.3052,0.6462,0.3747
CRM,Q1,2025-03-31,2025-05-15,173.2376,1.7356,27.6289,1246.482,372.0406,29.7891,0.0887,0.0754,0.3052,0.6462,0.3747
CRM,Q2,2025-06-30,2025-08-14,164.1214,1.7977,26.175,1272.6567,380.4739,30.8317,0.0823,0.0699,0.3052,0.6462,0.3747
CRM,Q3,2025-09-30,2025-11-14,177.6003,1.9208,28.3247,1300.9811,388.4634,32.6006,0.0871,0.074,0.3052,0.6462,0.3747
CRM,Q4,2025-12-31,2026-03-31,160.8886,1.9626,25.6594,1326.6402,397.1091,30.1741,0.0774,0.0658,0.3052,0.6462,0.3747
CRM,Q1,2026-03-31,2026-05-15,163.3779,2.5544,26.0564,1352.6962,404.9412,28.9531,0.0771,0.0655,0.3052,0.6462,0.3747
GOOGL,Q3,2009-09-30,2009-11-14,41.6062,3.0275,6.9542,176.3149,59.132,6.9864,0.1578,0.1341,0.3491,0.6369,0.2546
GOOGL,Q4,2009-12-31,2010-03-31,45.5281,3.2605,7.6097,183.9243,61.5599,7.7393,0.1655,0.1407,0.3491,0.6369,0.2546
GOOGL,Q1,2010-03-31,2010-05-15,44.1265,3.3502,7.3755,191.2994,64.2167,7.3125,0.1542,0.1311,0.3491,0.6369,0.2546
GOOGL,Q2,2010-06-30,2010-08-14,45.5665,4.0647,7.6162,198.9151,66.7917,6.8569,0.1532,0.1302,0.3491,0.6369,0.2546
GOOGL,Q3,2010-09-30,2010-11-14,46.3389,4.6365,7.7453,206.6598,69.4507,7.2751,0.1499,0.1274,0.3491,0.6369,0.2546
GOOGL,Q4,2010-12-31,2011-03-31,47.0826,5.1658,7.8696,214.5289,72.1548,7.3632,0.1467,0.1247,0.3491,0.6369,0.2546
GOOGL,Q1,2011-03-31,2011-05-15,49.6836,5.8608,8.3043,222.8325,74.9022,7.9796,0.1491,0.1267,0.3491,0.6369,0.2546
GOOGL,Q2,2011-06-30,2011-08-14,50.2203,7.8649,8.394,231.2257,77.8014,8.2995,0.1452,0.1234,0.3491,0.6369,0.2546
GOOGL,Q3,2011-09-30,2011-11-14,55.063,8.3525,9.2034,240.4283,80.7319,9.1092,0.1531,0.1301,0.3491,0.6369,0.2546
GOOGL,Q4,2011-12-31,2012-03-30,55.8592,6.6648,9.3365,249.7641,83.945,9.483,0.1495,0.1271,0.3491,0.6369,0.2546
GOOGL,Q1,2012-03-31,2012-05-15,58.8606,6.88,9.8382,259.6015,87.2045,9.1215,0.1516,0.1289,0.3491,0.6369,0.2546
GOOGL,Q2,2012-06-30,2012-08-14,59.3323,6.863,9.917,269.5178,90.6392,8.4316,0.1472,0.1251,0.3491,0.6369,0.2546
GOOGL,Q3,2012-09-30,2012-11-14,60.3049,5.6979,10.0796,279.5968,94.1015,9.4917,0.1442,0.1226,0.3491,0.6369,0.2546
GOOGL,Q4,2012-12-31,2013-03-31,62.96,6.5647,10.5234,290.1194,97.6205,10.5609,0.1451,0.1233,0.3491,0.6369,0.2546
GOOGL,Q1,2013-03-31,2013-05-15,65.245,6.4937,10.9053,301.0241,101.2945,10.7904,0.1449,0.1232,0.3491,0.6369,0.2546
GOOGL,Q2,2013-06-30,2013-08-14,67.7106,7.3053,11.3174,312.3407,105.1018,10.8928,0.1449,0.1232,0.3491,0.6369,0.2546
GOOGL,Q3,2013-09-30,2013-11-14,70.2682,9.312,11.7449,324.0846,109.053,9.9583,0.145,0.1232,0.3491,0.6369,0.2546
GOOGL,Q4,2013-12-31,2014-03-31,67.8391,10.1506,11.3389,335.4224,113.1534,11.6084,0.1352,0.1149,0.3491,0.6369,0.2546
GOOGL,Q1,2014-03-31,2014-05-15,68.356,13.141,11.4253,346.8462,117.1119,10.7915,0.1318,0.112,0.3491,0.6369,0.2546
GOOGL,Q2,2014-06-30,2014-08-14,71.2701,15.604,11.9124,358.7569,121.1005,11.9262,0.1328,0.1129,0.3491,0.6369,0.2546
GOOGL,Q3,2014-09-30,2014-11-14,70.5237,18.5927,11.7876,370.5425,125.2591,10.0033,0.1272,0.1082,0.3491,0.6369,0.2546
GOOGL,Q4,2014-12-31,2015-03-31,76.4479,20.0,12.7778,383.3182,129.374,12.6745,0.1333,0.1133,0.3491,0.6369,0.2546
GOOGL,Q1,2015-03-31,2015-05-15,80.1164,20.0,13.391,396.707,133.8346,12.5745,0.135,0.1148,0.3491,0.6369,0.2546
GOOGL,Q2,2015-06-30,2015-08-14,81.6848,16.6898,13.6531,410.3583,138.5093,12.5059,0.1331,0.1131,0.3491,0.6369,0.2546
GOOGL,Q3,2015-09-30,2015-11-14,81.0545,17.1307,13.5478,423.9042,143.2756,11.701,0.1278,0.1087,0.3491,0.6369,0.2546
GOOGL,Q4,2015-12-31,2016-03-30,83.7884,16.5486,14.0047,437.9071,148.0051,12.7082,0.1279,0.1087,0.3491,0.6369,0.2546
GOOGL,Q1,2016-03-31,2016-05-15,86.5553,18.6356,14.4672,452.3723,152.8942,13.8671,0.1279,0.1087,0.3491,0.6369,0.2546
GOOGL,Q2,2016-06-30,2016-08-14,92.7486,20.0,15.5024,467.8725,157.9447,15.6049,0.1325,0.1127,0.3491,0.6369,0.2546
GOOGL,Q3,2016-09-30,2016-11-14,94.7646,20.0,15.8393,483.7097,163.3566,15.7334,0.131,0.1113,0.3491,0.6369,0.2546
GOOGL,Q4,2016-12-31,2017-03-31,96.46,20.0,16.1227,499.8302,168.8861,14.3356,0.129,0.1097,0.3491,0.6369,0.2546
GOOGL,Q1,2017-03-31,2017-05-15,101.2821,18.1637,16.9287,516.7569,174.5145,16.6046,0.131,0.1114,0.3491,0.6369,0.2546
GOOGL,Q2,2017-06-30,2017-08-14,110.3701,19.2294,18.4477,535.2026,180.4245,15.7591,0.1379,0.1172,0.3491,0.6369,0.2546
GOOGL,Q3,2017-09-30,2017-11-14,111.2348,20.0,18.5922,553.7926,186.8647,16.3528,0.1343,0.1141,0.3491,0.6369,0.2546
GOOGL,Q4,2017-12-31,2018-03-31,120.9581,17.9316,20.2174,574.0081,193.3554,19.6586,0.1409,0.1198,0.3491,0.6369,0.2546
GOOGL,Q1,2018-03-31,2018-05-15,126.7686,20.0,21.1886,595.1945,200.4136,21.13,0.1424,0.121,0.3491,0.6369,0.2546
GOOGL,Q2,2018-06-30,2018-08-14,130.7827,20.0,21.8595,617.0519,207.8107,21.5373,0.1417,0.1204,0.3491,0.6369,0.2546
GOOGL,Q3,2018-09-30,2018-11-14,137.2119,18.8311,22.9341,639.984,215.4422,23.4552,0.1433,0.1218,0.3491,0.6369,0.2546
GOOGL,Q4,2018-12-31,2019-03-31,141.9335,18.3631,23.7233,663.7054,223.4489,22.4466,0.143,0.1215,0.3491,0.6369,0.2546
GOOGL,Q1,2019-03-31,2019-05-15,136.1119,20.0,22.7503,686.4535,231.7311,20.5254,0.1326,0.1127,0.3491,0.6369,0.2546
GOOGL,Q2,2019-06-30,2019-08-14,130.313,20.0,21.781,708.2323,239.6736,21.1549,0.123,0.1046,0.3491,0.6369,0.2546
GOOGL,Q3,2019-09-30,2019-11-14,135.2068,18.7943,22.599,730.8293,247.2776,22.2643,0.1237,0.1051,0.3491,0.6369,0.2546
GOOGL,Q4,2019-12-31,2020-03-30,127.8303,18.65,21.366,752.1933,255.1673,21.2334,0.1136,0.0966,0.3491,0.6369,0.2546
GOOGL,Q1,2020-03-31,2020-05-15,131.6164,18.5207,21.9989,774.1902,262.6265,19.461,0.1137,0.0966,0.3491,0.6369,0.2546
GOOGL,Q2,2020-06-30,2020-08-14,125.5131,18.9798,20.9787,795.1669,270.3067,19.8291,0.1055,0.0897,0.3491,0.6369,0.2546
GOOGL,Q3,2020-09-30,2020-11-14,125.7904,15.8651,21.0251,816.1903,277.6306,19.8144,0.103,0.0876,0.3491,0.6369,0.2546
GOOGL,Q4,2020-12-31,2021-03-31,130.7301,17.3394,21.8507,838.0392,284.9709,19.0678,0.1043,0.0887,0.3491,0.6369,0.2546
GOOGL,Q1,2021-03-31,2021-05-15,130.558,18.8194,21.822,859.8591,292.5994,19.8994,0.1015,0.0863,0.3491,0.6369,0.2546
GOOGL,Q2,2021-06-30,2021-08-14,135.0604,20.0,22.5745,882.4315,300.2177,19.1733,0.1023,0.087,0.3491,0.6369,0.2546
GOOGL,Q3,2021-09-30,2021-11-14,135.3589,17.8926,22.6244,905.0539,308.0988,23.2096,0.1,0.085,0.3491,0.6369,0.2546
GOOGL,Q4,2021-12-31,2022-03-31,149.827,20.0,25.0427,930.0944,315.9974,22.6203,0.1077,0.0915,0.3491,0.6369,0.2546
GOOGL,Q1,2022-03-31,2022-05-15,157.722,19.6522,26.3623,956.4546,324.7402,27.0108,0.1102,0.0937,0.3491,0.6369,0.2546
GOOGL,Q2,2022-06-30,2022-08-14,160.9247,18.6695,26.8976,983.3502,333.9438,22.7715,0.1094,0.093,0.3491,0.6369,0.2546
GOOGL,Q3,2022-09-30,2022-11-14,175.7497,20.0,29.3755,1012.7235,343.3344,30.024,0.116,0.0986,0.3491,0.6369,0.2546
GOOGL,Q4,2022-12-31,2023-03-31,190.7303,20.0,31.8794,1044.6007,353.59,28.5037,0.1221,0.1038,0.3491,0.6369,0.2546
GOOGL,Q1,2023-03-31,2023-05-15,196.4789,19.3233,32.8402,1077.4389,364.7198,30.1054,0.1219,0.1036,0.3491,0.6369,0.2546
GOOGL,Q2,2023-06-30,2023-08-14,194.932,18.6534,32.5817,1110.0185,376.1852,29.1145,0.1174,0.0998,0.3491,0.6369,0.2546
GOOGL,Q3,2023-09-30,2023-11-14,187.624,16.5521,31.3602,1141.377,387.5603,28.0869,0.1099,0.0934,0.3491,0.6369,0.2546
GOOGL,Q4,2023-12-31,2024-03-30,194.3518,17.1031,32.4847,1173.8598,398.509,31.0253,0.1107,0.0941,0.3491,0.6369,0.2546
GOOGL,Q1,2024-03-31,2024-05-15,189.205,14.1433,31.6244,1205.4828,409.8503,32.6158,0.1049,0.0892,0.3491,0.6369,0.2546
GOOGL,Q2,2024-06-30,2024-08-14,196.9767,14.8373,32.9234,1238.4046,420.8914,29.1996,0.1063,0.0904,0.3491,0.6369,0.2546
GOOGL,Q3,2024-09-30,2024-11-14,170.1396,15.9132,28.4378,1266.8407,432.386,27.731,0.0898,0.0763,0.3491,0.6369,0.2546
GOOGL,Q4,2024-12-31,2025-03-31,174.1465,19.5279,29.1075,1295.9461,442.3144,29.0528,0.0898,0.0764,0.3491,0.6369,0.2546
GOOGL,Q1,2025-03-31,2025-05-15,179.6214,16.7517,30.0226,1325.9669,452.4765,28.4602,0.0906,0.077,0.3491,0.6369,0.2546
GOOGL,Q2,2025-06-30,2025-08-14,182.8384,15.6995,30.5603,1356.5255,462.9582,27.0441,0.0901,0.0766,0.3491,0.6369,0.2546
GOOGL,Q3,2025-09-30,2025-11-14,179.7422,14.9469,30.0428,1386.5667,473.6276,26.1479,0.0867,0.0737,0.3491,0.6369,0.2546
GOOGL,Q4,2025-12-31,2026-03-31,186.2268,14.5025,31.1267,1417.6918,484.1164,26.7442,0.0878,0.0746,0.3491,0.6369,0.2546
GOOGL,Q1,2026-03-31,2026-05-15,181.8053,12.9717,30.3876,1448.078,494.9837,31.0373,0.0839,0.0713,0.3491,0.6369,0.2546
META,Q3,2009-09-30,2009-11-14,38.1432,4.0743,6.2933,183.5702,170.7238,6.1413,0.1371,0.1166,0.963,0.5982,0.1756
META,Q4,2009-12-31,2010-03-31,37.4734,4.1481,6.1828,189.7526,176.7842,6.0671,0.1303,0.1108,0.963,0.5982,0.1756
META,Q1,2010-03-31,2010-05-15,37.9618,4.5933,6.2634,196.0157,182.7381,7.0092,0.1278,0.1086,0.963,0.5982,0.1756
META,Q2,2010-06-30,2010-08-14,38.683,5.7579,6.3824,202.3976,188.7696,6.698,0.1261,0.1072,0.963,0.5982,0.1756
META,Q3,2010-09-30,2010-11-14,38.4198,7.2045,6.3389,208.736,194.9156,7.0243,0.1215,0.1033,0.963,0.5982,0.1756
META,Q4,2010-12-31,2011-03-31,37.1514,8.228,6.1296,214.8651,201.0198,6.4318,0.1141,0.097,0.963,0.5982,0.1756
META,Q1,2011-03-31,2011-05-15,38.5155,7.5924,6.3547,221.2193,206.9223,7.0843,0.1149,0.0977,0.963,0.5982,0.1756
META,Q2,2011-06-30,2011-08-14,39.0231,7.8577,6.4385,227.6572,213.0415,7.2003,0.1131,0.0962,0.963,0.5982,0.1756
META,Q3,2011-09-30,2011-11-14,39.1911,7.4144,6.4662,234.1229,219.2415,7.2,0.1105,0.0939,0.963,0.5982,0.1756
META,Q4,2011-12-31,2012-03-30,43.2167,7.2653,7.1304,241.2527,225.4681,7.1435,0.1182,0.1005,0.963,0.5982,0.1756
META,Q1,2012-03-31,2012-05-15,45.0544,8.0809,7.4336,248.6857,232.3344,7.3536,0.1196,0.1016,0.963,0.5982,0.1756
META,Q2,2012-06-30,2012-08-14,45.4881,10.4804,7.5051,256.1901,239.4926,7.8046,0.1172,0.0996,0.963,0.5982,0.1756
META,Q3,2012-09-30,2012-11-14,47.4865,9.5554,7.8348,264.0243,246.7196,8.7535,0.1187,0.1009,0.963,0.5982,0.1756
META,Q4,2012-12-31,2013-03-31,49.7167,8.5354,8.2028,272.2265,254.2642,8.3118,0.1205,0.1024,0.963,0.5982,0.1756
META,Q1,2013-03-31,2013-05-15,48.4919,8.5412,8.0007,280.2267,262.1632,7.8463,0.1142,0.0971,0.963,0.5982,0.1756
META,Q2,2013-06-30,2013-08-14,51.7589,8.2279,8.5398,288.7658,269.8676,9.5862,0.1183,0.1005,0.963,0.5982,0.1756
META,Q3,2013-09-30,2013-11-14,52.8481,7.9973,8.7195,297.4847,278.0911,9.1384,0.1172,0.0997,0.963,0.5982,0.1756
META,Q4,2013-12-31,2014-03-31,51.8297,8.156,8.5514,306.0356,286.4877,8.4284,0.1118,0.095,0.963,0.5982,0.1756
META,Q1,2014-03-31,2014-05-15,54.1504,8.9112,8.9343,314.9693,294.7225,8.3219,0.1135,0.0964,0.963,0.5982,0.1756
META,Q2,2014-06-30,2014-08-14,53.4344,8.8283,8.8162,323.7849,303.3259,9.6722,0.1089,0.0926,0.963,0.5982,0.1756
META,Q3,2014-09-30,2014-11-14,53.6405,9.4334,8.8502,332.6344,311.8156,9.256,0.1064,0.0905,0.963,0.5982,0.1756
META,Q4,2014-12-31,2015-03-31,51.5386,9.2374,8.5034,341.1372,320.338,9.0759,0.0997,0.0848,0.963,0.5982,0.1756
META,Q1,2015-03-31,2015-05-15,54.9489,8.1062,9.0661,350.2027,328.5265,8.9798,0.1036,0.088,0.963,0.5982,0.1756
META,Q2,2015-06-30,2015-08-14,54.2865,7.6099,8.9568,359.159,337.2569,9.2523,0.0998,0.0848,0.963,0.5982,0.1756
META,Q3,2015-09-30,2015-11-14,51.9759,7.1883,8.5756,367.734,345.882,9.4504,0.0933,0.0793,0.963,0.5982,0.1756
META,Q4,2015-12-31,2016-03-30,52.2867,7.2655,8.6268,376.3604,354.1401,9.4442,0.0917,0.0779,0.963,0.5982,0.1756
META,Q1,2016-03-31,2016-05-15,52.5642,6.6569,8.6726,385.0325,362.4476,8.8701,0.0901,0.0766,0.963,0.5982,0.1756
META,Q2,2016-06-30,2016-08-14,52.5072,5.4577,8.6632,393.6954,370.7991,8.6452,0.088,0.0748,0.963,0.5982,0.1756
META,Q3,2016-09-30,2016-11-14,50.2229,5.7026,8.2863,401.9813,379.1417,8.2036,0.0825,0.0701,0.963,0.5982,0.1756
META,Q4,2016-12-31,2017-03-31,50.2978,5.1652,8.2987,410.2796,387.1214,8.8107,0.0809,0.0688,0.963,0.5982,0.1756
META,Q1,2017-03-31,2017-05-15,51.3076,4.2693,8.4653,418.7446,395.1129,8.64,0.0809,0.0687,0.963,0.5982,0.1756
META,Q2,2017-06-30,2017-08-14,52.3189,4.4949,8.6321,427.3764,403.265,8.3661,0.0808,0.0687,0.963,0.5982,0.1756
META,Q3,2017-09-30,2017-11-14,52.5569,4.1476,8.6714,436.0476,411.5778,8.7663,0.0795,0.0676,0.963,0.5982,0.1756
META,Q4,2017-12-31,2018-03-31,52.0861,5.1701,8.5937,444.641,419.9283,9.4406,0.0773,0.0657,0.963,0.5982,0.1756
META,Q1,2018-03-31,2018-05-15,50.094,4.6026,8.2651,452.9057,428.2041,8.1012,0.073,0.062,0.963,0.5982,0.1756
META,Q2,2018-06-30,2018-08-14,49.7531,4.9606,8.2088,461.1142,436.1633,8.9908,0.0712,0.0605,0.963,0.5982,0.1756
META,Q3,2018-09-30,2018-11-14,50.948,5.5041,8.406,469.5197,444.0683,8.9855,0.0716,0.0609,0.963,0.5982,0.1756
META,Q4,2018-12-31,2019-03-31,53.276,4.8014,8.7901,478.3095,452.1632,9.693,0.0735,0.0625,0.963,0.5982,0.1756
META,Q1,2019-03-31,2019-05-15,56.1969,5.5057,9.272,487.5811,460.628,8.8144,0.0761,0.0647,0.963,0.5982,0.1756
META,Q2,2019-06-30,2019-08-14,53.7596,6.1924,8.8699,496.4505,469.5568,9.4934,0.0715,0.0607,0.963,0.5982,0.1756
META,Q3,2019-09-30,2019-11-14,55.4351,6.1864,9.1463,505.5963,478.0984,9.735,0.0724,0.0615,0.963,0.5982,0.1756
META,Q4,2019-12-31,2020-03-30,52.4197,6.1538,8.6488,514.2447,486.9061,9.6144,0.0673,0.0572,0.963,0.5982,0.1756
META,Q1,2020-03-31,2020-05-15,51.3479,5.9728,8.4719,522.7162,495.2348,8.152,0.0648,0.0551,0.963,0.5982,0.1756
META,Q2,2020-06-30,2020-08-14,49.6994,6.8479,8.2,530.9157,503.3931,8.7226,0.0618,0.0525,0.963,0.5982,0.1756
META,Q3,2020-09-30,2020-11-14,50.5605,7.0758,8.342,539.2572,511.2895,8.7473,0.0619,0.0526,0.963,0.5982,0.1756
META,Q4,2020-12-31,2021-03-31,48.6918,6.9423,8.0337,547.2905,519.3227,7.6823,0.0587,0.0499,0.963,0.5982,0.1756
META,Q1,2021-03-31,2021-05-15,54.5742,7.4175,9.0043,556.2942,527.059,8.8556,0.0647,0.055,0.963,0.5982,0.1756
META,Q2,2021-06-30,2021-08-14,52.1901,7.8902,8.6109,564.9046,535.7299,9.5267,0.061,0.0518,0.963,0.5982,0.1756
META,Q3,2021-09-30,2021-11-14,56.6922,8.0615,9.3537,574.2577,544.0219,9.9616,0.0652,0.0554,0.963,0.5982,0.1756
META,Q4,2021-12-31,2022-03-31,57.9312,7.3593,9.5581,583.8153,553.0293,10.1506,0.0655,0.0557,0.963,0.5982,0.1756
META,Q1,2022-03-31,2022-05-15,59.2661,6.7558,9.7784,593.5932,562.2336,10.9882,0.0659,0.056,0.963,0.5982,0.1756
META,Q2,2022-06-30,2022-08-14,59.4358,7.1695,9.8064,603.3991,571.65,10.5427,0.065,0.0553,0.963,0.5982,0.1756
META,Q3,2022-09-30,2022-11-14,61.7475,7.543,10.1878,613.5864,581.0934,9.5486,0.0664,0.0565,0.963,0.5982,0.1756
META,Q4,2022-12-31,2023-03-31,60.2921,8.8321,9.9477,623.5334,590.9041,9.3142,0.0638,0.0542,0.963,0.5982,0.1756
META,Q1,2023-03-31,2023-05-15,60.5732,8.9172,9.994,633.5268,600.4834,10.025,0.0631,0.0536,0.963,0.5982,0.1756
META,Q2,2023-06-30,2023-08-14,60.3916,9.4433,9.9641,643.4902,610.1074,10.0789,0.0619,0.0526,0.963,0.5982,0.1756
META,Q3,2023-09-30,2023-11-14,64.2096,8.1099,10.594,654.0837,619.7025,11.9319,0.0648,0.0551,0.963,0.5982,0.1756
META,Q4,2023-12-31,2024-03-30,67.2903,9.9381,11.1023,665.1853,629.9044,11.7917,0.0668,0.0567,0.963,0.5982,0.1756
META,Q1,2024-03-31,2024-05-15,67.5383,10.3998,11.1432,676.3277,640.5956,10.7039,0.0659,0.056,0.963,0.5982,0.1756
META,Q2,2024-06-30,2024-08-14,67.5996,12.0025,11.1533,687.4802,651.3261,11.5014,0.0649,0.0552,0.963,0.5982,0.1756
META,Q3,2024-09-30,2024-11-14,67.143,10.4865,11.078,698.5575,662.0664,10.6554,0.0634,0.0539,0.963,0.5982,0.1756
META,Q4,2024-12-31,2025-03-31,60.525,10.0901,9.9861,708.5429,672.7341,11.0649,0.0564,0.0479,0.963,0.5982,0.1756
META,Q1,2025-03-31,2025-05-15,58.4473,8.8036,9.6433,718.1855,682.3504,9.3133,0.0537,0.0457,0.963,0.5982,0.1756
META,Q2,2025-06-30,2025-08-14,63.0759,8.5755,10.407,728.5919,691.6366,10.3609,0.0571,0.0486,0.963,0.5982,0.1756
META,Q3,2025-09-30,2025-11-14,65.5903,9.7839,10.8218,739.413,701.6583,10.5154,0.0585,0.0498,0.963,0.5982,0.1756
META,Q4,2025-12-31,2026-03-31,65.7225,9.4193,10.8436,750.256,712.0794,11.3446,0.0578,0.0491,0.963,0.5982,0.1756
META,Q1,2026-03-31,2026-05-15,63.5872,8.3615,10.4913,760.7467,722.5215,11.2326,0.0552,0.0469,0.963,0.5982,0.1756
NFLX,Q3,2009-09-30,2009-11-14,39.7322,3.1128,7.1336,177.7585,91.8107,5.7601,0.1605,0.1364,0.5381,0.69,0.2531
NFLX,Q4,2009-12-31,2010-03-31,39.6284,3.6816,7.1149,184.8732,95.6491,5.6506,0.1539,0.1309,0.5381,0.69,0.2531
NFLX,Q1,2010-03-31,2010-05-15,41.1121,3.0984,7.3813,192.2544,99.4774,5.7589,0.1536,0.1305,0.5381,0.69,0.2531
NFLX,Q2,2010-06-30,2010-08-14,43.136,3.1169,7.7447,199.9989,103.4491,5.5102,0.1549,0.1317,0.5381,0.69,0.2531
NFLX,Q3,2010-09-30,2010-11-14,44.7335,3.175,8.0315,208.0303,107.6163,6.0448,0.1544,0.1313,0.5381,0.69,0.2531
NFLX,Q4,2010-12-31,2011-03-31,47.9939,2.6647,8.6169,216.647,111.9379,5.9546,0.1591,0.1352,0.5381,0.69,0.2531
NFLX,Q1,2011-03-31,2011-05-15,50.9607,2.954,9.1495,225.7964,116.5744,7.5339,0.1621,0.1378,0.5381,0.69,0.2531
NFLX,Q2,2011-06-30,2011-08-14,53.5234,3.1058,9.6096,235.4059,121.4976,7.8252,0.1633,0.1388,0.5381,0.69,0.2531
NFLX,Q3,2011-09-30,2011-11-14,54.361,2.5221,9.76,245.1658,126.6683,7.8412,0.1592,0.1354,0.5381,0.69,0.2531
NFLX,Q4,2011-12-31,2012-03-30,54.4558,2.6667,9.777,254.9428,131.9199,8.1254,0.1534,0.1304,0.5381,0.69,0.2531
NFLX,Q1,2012-03-31,2012-05-15,53.3338,2.6059,9.5756,264.5183,137.1807,6.9526,0.1448,0.1231,0.5381,0.69,0.2531
NFLX,Q2,2012-06-30,2012-08-14,55.972,2.6025,10.0493,274.5674,142.3332,7.0114,0.1464,0.1244,0.5381,0.69,0.2531
NFLX,Q3,2012-09-30,2012-11-14,52.4143,2.9604,9.4105,283.9778,147.7405,7.1406,0.1326,0.1127,0.5381,0.69,0.2531
NFLX,Q4,2012-12-31,2013-03-31,55.0907,2.4526,9.891,293.8687,152.804,8.0475,0.1346,0.1144,0.5381,0.69,0.2531
NFLX,Q1,2013-03-31,2013-05-15,54.9432,2.567,9.8645,303.7332,158.1262,7.0474,0.1299,0.1104,0.5381,0.69,0.2531
NFLX,Q2,2013-06-30,2013-08-14,53.845,2.6271,9.6674,313.4004,163.4341,7.5152,0.1234,0.1049,0.5381,0.69,0.2531
NFLX,Q3,2013-09-30,2013-11-14,53.6904,1.9632,9.6396,323.04,168.6359,6.8085,0.1194,0.1015,0.5381,0.69,0.2531
NFLX,Q4,2013-12-31,2014-03-31,55.1417,1.7809,9.9002,332.9401,173.8228,6.8677,0.1189,0.1011,0.5381,0.69,0.2531
NFLX,Q1,2014-03-31,2014-05-15,56.8558,1.6925,10.2079,343.1479,179.1499,8.3816,0.119,0.1011,0.5381,0.69,0.2531
NFLX,Q2,2014-06-30,2014-08-14,58.3265,1.7257,10.472,353.6199,184.6426,7.3318,0.1185,0.1007,0.5381,0.69,0.2531
NFLX,Q3,2014-09-30,2014-11-14,58.7532,1.8108,10.5486,364.1684,190.2774,8.2263,0.1159,0.0985,0.5381,0.69,0.2531
NFLX,Q4,2014-12-31,2015-03-31,60.6701,1.8603,10.8928,375.061,195.9533,8.9478,0.1162,0.0987,0.5381,0.69,0.2531
NFLX,Q1,2015-03-31,2015-05-15,65.7182,1.7763,11.7991,386.8601,201.8145,8.4445,0.122,0.1037,0.5381,0.69,0.2531
NFLX,Q2,2015-06-30,2015-08-14,65.962,1.9361,11.8429,398.7029,208.1634,9.5689,0.1188,0.101,0.5381,0.69,0.2531
NFLX,Q3,2015-09-30,2015-11-14,70.2509,2.1831,12.6129,411.3157,214.5358,8.7223,0.1227,0.1043,0.5381,0.69,0.2531
NFLX,Q4,2015-12-31,2016-03-30,73.1431,1.9893,13.1322,424.4478,221.3226,9.9311,0.1238,0.1052,0.5381,0.69,0.2531
NFLX,Q1,2016-03-31,2016-05-15,72.2106,1.7638,12.9647,437.4124,228.3888,10.6535,0.1186,0.1008,0.5381,0.69,0.2531
NFLX,Q2,2016-06-30,2016-08-14,70.1443,1.9881,12.5938,450.0061,235.3648,9.4504,0.1119,0.0952,0.5381,0.69,0.2531
NFLX,Q3,2016-09-30,2016-11-14,72.1763,1.8524,12.9586,462.9646,242.1413,8.9561,0.112,0.0952,0.5381,0.69,0.2531
NFLX,Q4,2016-12-31,2017-03-31,75.6899,1.8832,13.5894,476.554,249.1141,11.3917,0.1141,0.097,0.5381,0.69,0.2531
NFLX,Q1,2017-03-31,2017-05-15,74.8462,1.688,13.438,489.9919,256.4263,9.4026,0.1097,0.0932,0.5381,0.69,0.2531
NFLX,Q2,2017-06-30,2017-08-14,77.2868,1.9238,13.8761,503.8679,263.657,9.8632,0.1102,0.0936,0.5381,0.69,0.2531
NFLX,Q3,2017-09-30,2017-11-14,84.3577,1.8432,15.1457,519.0135,271.1235,12.0825,0.1167,0.0992,0.5381,0.69,0.2531
NFLX,Q4,2017-12-31,2018-03-31,85.6387,1.9392,15.3756,534.389,279.2731,11.3454,0.1151,0.0978,0.5381,0.69,0.2531
NFLX,Q1,2018-03-31,2018-05-15,88.676,1.8592,15.921,550.3099,287.5464,11.3491,0.1157,0.0984,0.5381,0.69,0.2531
NFLX,Q2,2018-06-30,2018-08-14,98.984,1.7713,17.7717,568.0815,296.1132,14.6939,0.1251,0.1064,0.5381,0.69,0.2531
NFLX,Q3,2018-09-30,2018-11-14,99.6419,1.9166,17.8898,585.9712,305.6758,13.1729,0.1221,0.1038,0.5381,0.69,0.2531
NFLX,Q4,2018-12-31,2019-03-31,114.3342,1.9609,20.5277,606.4988,315.302,16.3721,0.1354,0.1151,0.5381,0.69,0.2531
NFLX,Q1,2019-03-31,2019-05-15,117.1063,2.0458,21.0254,627.5241,326.3476,15.2088,0.134,0.1139,0.5381,0.69,0.2531
NFLX,Q2,2019-06-30,2019-08-14,132.4946,1.8105,23.7882,651.3122,337.661,17.7048,0.1461,0.1242,0.5381,0.69,0.2531
NFLX,Q3,2019-09-30,2019-11-14,139.5138,2.0957,25.0484,676.3605,350.461,17.7529,0.1481,0.1259,0.5381,0.69,0.2531
NFLX,Q4,2019-12-31,2020-03-30,147.1396,2.5358,26.4176,702.778,363.9391,19.3291,0.1504,0.1278,0.5381,0.69,0.2531
NFLX,Q1,2020-03-31,2020-05-15,154.4361,2.7104,27.7276,730.5054,378.1539,19.5803,0.1518,0.1291,0.5381,0.69,0.2531
NFLX,Q2,2020-06-30,2020-08-14,157.1152,3.1059,28.2086,758.7139,393.0736,22.2226,0.1487,0.1264,0.5381,0.69,0.2531
NFLX,Q3,2020-09-30,2020-11-14,165.7705,3.0697,29.7626,788.4763,408.2522,21.3101,0.151,0.1283,0.5381,0.69,0.2531
NFLX,Q4,2020-12-31,2021-03-31,172.2765,3.2363,30.9307,819.4069,424.2669,24.7426,0.151,0.1283,0.5381,0.69,0.2531
NFLX,Q1,2021-03-31,2021-05-15,171.6519,3.3854,30.8185,850.2252,440.9101,25.3591,0.145,0.1232,0.5381,0.69,0.2531
NFLX,Q2,2021-06-30,2021-08-14,183.5484,3.057,32.9544,883.1796,457.493,27.6979,0.1493,0.1269,0.5381,0.69,0.2531
NFLX,Q3,2021-09-30,2021-11-14,191.5604,2.5197,34.3929,917.5724,475.2252,26.8374,0.1499,0.1274,0.5381,0.69,0.2531
NFLX,Q4,2021-12-31,2022-03-31,200.0,2.8532,35.9082,953.4804,493.7314,27.6413,0.1506,0.128,0.5381,0.69,0.2531
NFLX,Q1,2022-03-31,2022-05-15,200.0,3.0093,35.9082,989.3884,513.053,26.4458,0.1452,0.1234,0.5381,0.69,0.2531
NFLX,Q2,2022-06-30,2022-08-14,200.0,3.1959,35.9082,1025.2965,532.3746,30.1165,0.1401,0.1191,0.5381,0.69,0.2531
NFLX,Q3,2022-09-30,2022-11-14,200.0,3.2072,35.9082,1061.2045,551.6961,26.6733,0.1353,0.115,0.5381,0.69,0.2531
NFLX,Q4,2022-12-31,2023-03-31,200.0,3.1157,35.9082,1097.1125,571.0177,27.3583,0.1309,0.1113,0.5381,0.69,0.2531
NFLX,Q1,2023-03-31,2023-05-15,200.0,3.6355,35.9082,1133.0205,590.3392,26.4064,0.1268,0.1078,0.5381,0.69,0.2531
NFLX,Q2,2023-06-30,2023-08-14,200.0,4.2011,35.9082,1168.9285,609.6608,29.7747,0.1229,0.1044,0.5381,0.69,0.2531
NFLX,Q3,2023-09-30,2023-11-14,195.2373,4.5101,35.0531,1203.9814,628.9823,25.1878,0.1165,0.099,0.5381,0.69,0.2531
NFLX,Q4,2023-12-31,2024-03-30,200.0,4.9151,35.9082,1239.8894,647.8437,28.0855,0.1158,0.0985,0.5381,0.69,0.2531
NFLX,Q1,2024-03-31,2024-05-15,200.0,6.0915,35.9082,1275.7973,667.1652,30.0912,0.1126,0.0957,0.5381,0.69,0.2531
NFLX,Q2,2024-06-30,2024-08-14,200.0,8.0574,35.9082,1311.7051,686.4867,26.4798,0.1095,0.0931,0.5381,0.69,0.2531
NFLX,Q3,2024-09-30,2024-11-14,200.0,8.1135,35.9082,1347.6129,705.8081,28.6202,0.1066,0.0906,0.5381,0.69,0.2531
NFLX,Q4,2024-12-31,2025-03-31,200.0,8.791,35.9082,1383.5207,725.1296,29.0213,0.1038,0.0882,0.5381,0.69,0.2531
NFLX,Q1,2025-03-31,2025-05-15,200.0,8.8647,35.9082,1419.4285,744.451,28.4455,0.1012,0.086,0.5381,0.69,0.2531
NFLX,Q2,2025-06-30,2025-08-14,200.0,9.356,35.9082,1455.3363,763.7724,26.4022,0.0987,0.0839,0.5381,0.69,0.2531
NFLX,Q3,2025-09-30,2025-11-14,200.0,8.7383,35.9082,1491.2441,783.0939,27.794,0.0963,0.0819,0.5381,0.69,0.2531
NFLX,Q4,2025-12-31,2026-03-31,200.0,6.3504,35.9082,1527.152,802.4153,29.889,0.0941,0.0799,0.5381,0.69,0.2531
NFLX,Q1,2026-03-31,2026-05-15,200.0,6.6584,35.9082,1563.0599,821.7368,29.5573,0.0919,0.0781,0.5381,0.69,0.2531
AMZN,Q3,2009-09-30,2009-11-14,37.2854,3.8802,2.0827,77.1414,93.7829,1.7456,0.108,0.0918,1.2495,0.487,0.164
AMZN,Q4,2009-12-31,2010-03-31,40.4682,4.2019,2.2604,79.4018,96.385,1.8337,0.1139,0.0968,1.2495,0.487,0.164
AMZN,Q1,2010-03-31,2010-05-15,38.9111,4.6347,2.1735,81.5752,99.2092,1.7841,0.1066,0.0906,1.2495,0.487,0.164
AMZN,Q2,2010-06-30,2010-08-14,42.0184,6.2373,2.347,83.9222,101.9248,1.9182,0.1119,0.0951,1.2495,0.487,0.164
AMZN,Q3,2010-09-30,2010-11-14,41.7465,5.7379,2.3318,86.2539,104.8573,2.0746,0.1081,0.0919,1.2495,0.487,0.164
AMZN,Q4,2010-12-31,2011-03-31,47.0571,7.0315,2.6285,88.8823,107.7707,1.9948,0.1183,0.1005,1.2495,0.487,0.164
AMZN,Q1,2011-03-31,2011-05-15,48.404,7.2476,2.7037,91.5859,111.0548,2.2618,0.1181,0.1004,1.2495,0.487,0.164
AMZN,Q2,2011-06-30,2011-08-14,53.1088,6.5237,2.9665,94.5524,114.4328,2.6119,0.1255,0.1067,1.2495,0.487,0.164
AMZN,Q3,2011-09-30,2011-11-14,53.1629,6.4845,2.9695,97.5218,118.1393,2.1985,0.1218,0.1035,1.2495,0.487,0.164
AMZN,Q4,2011-12-31,2012-03-30,56.5903,6.4059,3.161,100.6827,121.8495,2.5233,0.1256,0.1067,1.2495,0.487,0.164
AMZN,Q1,2012-03-31,2012-05-15,58.3673,5.3854,3.2602,103.9429,125.7989,2.4871,0.1255,0.1066,1.2495,0.487,0.164
AMZN,Q2,2012-06-30,2012-08-14,56.6395,4.9758,3.1637,107.1065,129.8723,2.3832,0.1182,0.1004,1.2495,0.487,0.164
AMZN,Q3,2012-09-30,2012-11-14,55.9304,5.1382,3.1241,110.2306,133.8252,2.4702,0.1134,0.0964,1.2495,0.487,0.164
AMZN,Q4,2012-12-31,2013-03-31,59.1047,4.1475,3.3014,113.532,137.7286,2.9267,0.1163,0.0989,1.2495,0.487,0.164
AMZN,Q1,2013-03-31,2013-05-15,58.3453,4.4082,3.259,116.7909,141.8535,2.5881,0.1116,0.0949,1.2495,0.487,0.164
AMZN,Q2,2013-06-30,2013-08-14,62.1994,4.882,3.4743,120.2651,145.9254,2.988,0.1156,0.0982,1.2495,0.487,0.164
AMZN,Q3,2013-09-30,2013-11-14,60.9776,4.6789,3.406,123.6711,150.2663,2.9801,0.1102,0.0936,1.2495,0.487,0.164
AMZN,Q4,2013-12-31,2014-03-31,63.2801,4.0996,3.5346,127.2057,154.5219,2.6523,0.1111,0.0945,1.2495,0.487,0.164
AMZN,Q1,2014-03-31,2014-05-15,60.2847,4.2355,3.3673,130.573,158.9383,2.9523,0.1032,0.0877,1.2495,0.487,0.164
AMZN,Q2,2014-06-30,2014-08-14,63.0656,4.8467,3.5227,134.0956,163.1455,3.098,0.1051,0.0893,1.2495,0.487,0.164
AMZN,Q3,2014-09-30,2014-11-14,62.0039,4.2084,3.4634,137.5589,167.5469,2.7021,0.1007,0.0856,1.2495,0.487,0.164
AMZN,Q4,2014-12-31,2015-03-31,59.4414,4.5579,3.3202,140.8791,171.8742,2.4697,0.0943,0.0801,1.2495,0.487,0.164
AMZN,Q1,2015-03-31,2015-05-15,65.1938,4.344,3.6415,144.5206,176.0226,2.7331,0.1008,0.0857,1.2495,0.487,0.164
AMZN,Q2,2015-06-30,2015-08-14,66.025,4.837,3.688,148.2085,180.5725,2.9155,0.0995,0.0846,1.2495,0.487,0.164
AMZN,Q3,2015-09-30,2015-11-14,67.9264,4.6982,3.7942,152.0026,185.1804,2.9059,0.0998,0.0849,1.2495,0.487,0.164
AMZN,Q4,2015-12-31,2016-03-30,67.0984,4.5164,3.7479,155.7505,189.9209,3.0224,0.0963,0.0818,1.2495,0.487,0.164
AMZN,Q1,2016-03-31,2016-05-15,70.5644,3.8467,3.9415,159.6919,194.6038,2.9244,0.0987,0.0839,1.2495,0.487,0.164
AMZN,Q2,2016-06-30,2016-08-14,76.6737,3.9491,4.2828,163.9747,199.5285,3.3686,0.1045,0.0888,1.2495,0.487,0.164
AMZN,Q3,2016-09-30,2016-11-14,84.4642,4.2295,4.7179,168.6926,204.8796,3.8114,0.1119,0.0951,1.2495,0.487,0.164
AMZN,Q4,2016-12-31,2017-03-31,86.801,4.4184,4.8485,173.541,210.7744,4.0488,0.1118,0.095,1.2495,0.487,0.164
AMZN,Q1,2017-03-31,2017-05-15,92.1164,4.752,5.1454,178.6863,216.8322,4.555,0.1152,0.0979,1.2495,0.487,0.164
AMZN,Q2,2017-06-30,2017-08-14,96.2009,4.3719,5.3735,184.0597,223.2611,4.316,0.1168,0.0993,1.2495,0.487,0.164
AMZN,Q3,2017-09-30,2017-11-14,101.0511,4.7134,5.6444,189.7041,229.975,4.5397,0.119,0.1012,1.2495,0.487,0.164
AMZN,Q4,2017-12-31,2018-03-31,100.8125,5.2815,5.6311,195.3351,237.0274,4.1647,0.1153,0.098,1.2495,0.487,0.164
AMZN,Q1,2018-03-31,2018-05-15,106.3297,5.0084,5.9393,201.2743,244.0632,4.771,0.118,0.1003,1.2495,0.487,0.164
AMZN,Q2,2018-06-30,2018-08-14,106.0662,5.1489,5.9246,207.1988,251.484,4.59,0.1144,0.0972,1.2495,0.487,0.164
AMZN,Q3,2018-09-30,2018-11-14,107.8226,5.2056,6.0227,213.2214,258.8864,5.2477,0.113,0.096,1.2495,0.487,0.164
AMZN,Q4,2018-12-31,2019-03-31,106.7226,6.1708,5.9612,219.1826,266.4114,4.9005,0.1088,0.0925,1.2495,0.487,0.164
AMZN,Q1,2019-03-31,2019-05-15,108.8546,5.8693,6.0803,225.2628,273.8596,5.0416,0.108,0.0918,1.2495,0.487,0.164
AMZN,Q2,2019-06-30,2019-08-14,114.127,5.5871,6.3748,231.6376,281.4566,5.0109,0.1101,0.0936,1.2495,0.487,0.164
AMZN,Q3,2019-09-30,2019-11-14,116.3552,5.726,6.4993,238.1368,289.4215,5.2817,0.1092,0.0928,1.2495,0.487,0.164
AMZN,Q4,2019-12-31,2020-03-30,118.2192,6.1536,6.6034,244.7401,297.542,5.1166,0.1079,0.0917,1.2495,0.487,0.164
AMZN,Q1,2020-03-31,2020-05-15,128.2787,6.2261,7.1653,251.9053,305.7926,5.344,0.1138,0.0967,1.2495,0.487,0.164
AMZN,Q2,2020-06-30,2020-08-14,124.7683,6.1893,6.9692,258.8744,314.7452,5.1761,0.1077,0.0915,1.2495,0.487,0.164
AMZN,Q3,2020-09-30,2020-11-14,128.329,5.7336,7.1681,266.0425,323.4529,5.7943,0.1078,0.0916,1.2495,0.487,0.164
AMZN,Q4,2020-12-31,2021-03-31,132.0213,5.4306,7.3743,273.4167,332.409,6.1267,0.1079,0.0917,1.2495,0.487,0.164
AMZN,Q1,2021-03-31,2021-05-15,134.2452,6.3642,7.4986,280.9152,341.6229,6.4116,0.1068,0.0908,1.2495,0.487,0.164
AMZN,Q2,2021-06-30,2021-08-14,126.5583,6.0618,7.0692,287.9843,350.9919,6.0473,0.0982,0.0835,1.2495,0.487,0.164
AMZN,Q3,2021-09-30,2021-11-14,123.5042,6.605,6.8986,294.8828,359.8245,5.0765,0.0936,0.0795,1.2495,0.487,0.164
AMZN,Q4,2021-12-31,2022-03-31,136.5483,7.6799,7.6272,302.5099,368.4439,5.959,0.1009,0.0857,1.2495,0.487,0.164
AMZN,Q1,2022-03-31,2022-05-15,155.2268,9.0749,8.6705,311.1804,377.9736,7.228,0.1115,0.0947,1.2495,0.487,0.164
AMZN,Q2,2022-06-30,2022-08-14,164.971,10.283,9.2148,320.3951,388.807,7.8287,0.115,0.0978,1.2495,0.487,0.164
AMZN,Q3,2022-09-30,2022-11-14,170.159,11.9323,9.5046,329.8995,400.3203,7.5888,0.1152,0.098,1.2495,0.487,0.164
AMZN,Q4,2022-12-31,2023-03-31,169.7731,11.9551,9.483,339.3824,412.1958,7.901,0.1118,0.095,1.2495,0.487,0.164
AMZN,Q1,2023-03-31,2023-05-15,170.0305,10.9529,9.4974,348.8797,424.0443,8.2313,0.1089,0.0926,1.2495,0.487,0.164
AMZN,Q2,2023-06-30,2023-08-14,185.4258,11.1189,10.3574,359.2369,435.9107,7.8366,0.1153,0.098,1.2495,0.487,0.164
AMZN,Q3,2023-09-30,2023-11-14,192.7742,9.6659,10.7678,370.0046,448.8517,8.2931,0.1164,0.0989,1.2495,0.487,0.164
AMZN,Q4,2023-12-31,2024-03-30,190.3261,10.1386,10.6311,380.6356,462.3055,8.3726,0.1117,0.095,1.2495,0.487,0.164
AMZN,Q1,2024-03-31,2024-05-15,196.6991,8.8992,10.9871,391.6225,475.5884,9.7811,0.1122,0.0954,1.2495,0.487,0.164
AMZN,Q2,2024-06-30,2024-08-14,200.0,9.9738,11.1714,402.7938,489.3161,9.5843,0.1109,0.0943,1.2495,0.487,0.164
AMZN,Q3,2024-09-30,2024-11-14,200.0,11.5159,11.1714,413.9651,503.2742,8.427,0.1079,0.0918,1.2495,0.487,0.164
AMZN,Q4,2024-12-31,2025-03-31,200.0,10.7765,11.1714,425.1364,517.2323,8.925,0.1051,0.0893,1.2495,0.487,0.164
AMZN,Q1,2025-03-31,2025-05-15,200.0,10.8033,11.1714,436.3077,531.1904,9.0551,0.1024,0.0871,1.2495,0.487,0.164
AMZN,Q2,2025-06-30,2025-08-14,188.1247,13.223,10.5081,446.8157,545.1485,9.0244,0.0941,0.08,1.2495,0.487,0.164
AMZN,Q3,2025-09-30,2025-11-14,184.6004,14.1266,10.3113,457.1268,558.2777,8.4551,0.0902,0.0767,1.2495,0.487,0.164
AMZN,Q4,2025-12-31,2026-03-31,181.5959,11.4235,10.1434,467.2701,571.161,8.6371,0.0868,0.0738,1.2495,0.487,0.164
AMZN,Q1,2026-03-31,2026-05-15,188.2514,13.3367,10.5152,477.7851,583.8346,7.9018,0.088,0.0748,1.2495,0.487,0.164
TSLA,Q3,2009-09-30,2009-11-14,38.5909,1.0177,4.9597,84.4952,111.9033,3.5288,0.2348,0.1996,1.407,0.487,0.0787
TSLA,Q4,2009-12-31,2010-03-31,38.0704,1.0835,4.8928,89.3877,118.881,3.5919,0.2189,0.1861,1.407,0.487,0.0787
TSLA,Q1,2010-03-31,2010-05-15,40.4826,1.127,5.2028,94.5902,125.7645,3.6508,0.22,0.187,1.407,0.487,0.0787
TSLA,Q2,2010-06-30,2010-08-14,39.7978,1.033,5.1148,99.7047,133.0842,3.4918,0.2052,0.1744,1.407,0.487,0.0787
TSLA,Q3,2010-09-30,2010-11-14,42.5449,1.1085,5.4679,105.1722,140.2801,4.1707,0.208,0.1768,1.407,0.487,0.0787
TSLA,Q4,2010-12-31,2011-03-31,45.7654,1.219,5.8818,111.0537,147.9727,4.0045,0.2119,0.1801,1.407,0.487,0.0787
TSLA,Q1,2011-03-31,2011-05-15,46.1762,0.8584,5.9345,116.988,156.2476,4.2166,0.2029,0.1725,1.407,0.487,0.0787
TSLA,Q2,2011-06-30,2011-08-14,49.8448,0.7552,6.406,123.3938,164.5969,4.7797,0.2077,0.1765,1.407,0.487,0.0787
TSLA,Q3,2011-09-30,2011-11-14,52.0796,0.9482,6.6932,130.0868,173.6096,5.1501,0.2058,0.1749,1.407,0.487,0.0787
TSLA,Q4,2011-12-31,2012-03-30,52.4878,0.9414,6.7457,136.8323,183.0264,4.993,0.1972,0.1676,1.407,0.487,0.0787
TSLA,Q1,2012-03-31,2012-05-15,57.0605,0.9315,7.3334,144.1654,192.5169,5.6416,0.2035,0.173,1.407,0.487,0.0787
TSLA,Q2,2012-06-30,2012-08-14,60.7784,0.6125,7.8112,151.9764,202.8343,5.942,0.2056,0.1748,1.407,0.487,0.0787
TSLA,Q3,2012-09-30,2012-11-14,62.9446,0.7785,8.0896,160.0658,213.8241,5.5515,0.2022,0.1718,1.407,0.487,0.0787
TSLA,Q4,2012-12-31,2013-03-31,66.7202,0.675,8.5748,168.6405,225.2056,5.9148,0.2034,0.1729,1.407,0.487,0.0787
TSLA,Q1,2013-03-31,2013-05-15,69.0799,0.7495,8.8781,177.5184,237.2697,6.7459,0.2,0.17,1.407,0.487,0.0787
TSLA,Q2,2013-06-30,2013-08-14,72.4865,0.7476,9.3159,186.8342,249.7606,6.2674,0.1994,0.1695,1.407,0.487,0.0787
TSLA,Q3,2013-09-30,2013-11-14,71.2033,0.9164,9.151,195.9849,262.8674,6.2057,0.1868,0.1588,1.407,0.487,0.0787
TSLA,Q4,2013-12-31,2014-03-31,78.7545,1.0999,10.1215,206.1061,275.7421,7.0175,0.1964,0.167,1.407,0.487,0.0787
TSLA,Q1,2014-03-31,2014-05-15,81.5597,1.5119,10.482,216.5877,289.9822,6.9451,0.1936,0.1645,1.407,0.487,0.0787
TSLA,Q2,2014-06-30,2014-08-14,89.6285,1.5048,11.519,228.1063,304.7294,8.2264,0.202,0.1717,1.407,0.487,0.0787
TSLA,Q3,2014-09-30,2014-11-14,93.3508,1.7807,11.9974,240.1032,320.9355,7.8945,0.1999,0.1699,1.407,0.487,0.0787
TSLA,Q4,2014-12-31,2015-03-31,98.9182,1.8492,12.7129,252.8157,337.8147,9.2694,0.2011,0.171,1.407,0.487,0.0787
TSLA,Q1,2015-03-31,2015-05-15,100.6345,1.9913,12.9335,265.7486,355.7005,8.8527,0.1947,0.1655,1.407,0.487,0.0787
TSLA,Q2,2015-06-30,2015-08-14,100.2474,1.7428,12.8837,278.6319,373.8966,9.4283,0.185,0.1572,1.407,0.487,0.0787
TSLA,Q3,2015-09-30,2015-11-14,101.9277,1.4173,13.0997,291.7312,392.0228,9.1466,0.1796,0.1527,1.407,0.487,0.0787
TSLA,Q4,2015-12-31,2016-03-30,110.8579,1.2309,14.2474,305.9783,410.4529,9.5714,0.1863,0.1583,1.407,0.487,0.0787
TSLA,Q1,2016-03-31,2016-05-15,119.9559,1.0125,15.4167,321.3947,430.4979,10.8448,0.1919,0.1631,1.407,0.487,0.0787
TSLA,Q2,2016-06-30,2016-08-14,123.0469,0.7757,15.8139,337.2084,452.1881,11.4124,0.1876,0.1594,1.407,0.487,0.0787
TSLA,Q3,2016-09-30,2016-11-14,119.9877,0.8358,15.4208,352.6289,474.4373,12.1667,0.1749,0.1487,1.407,0.487,0.0787
TSLA,Q4,2016-12-31,2017-03-31,126.3424,0.8526,16.2375,368.8662,496.1333,11.3886,0.1761,0.1497,1.407,0.487,0.0787
TSLA,Q1,2017-03-31,2017-05-15,128.7427,0.9693,16.5459,385.4119,518.9784,12.5018,0.1717,0.146,1.407,0.487,0.0787
TSLA,Q2,2017-06-30,2017-08-14,128.1146,0.9629,16.4652,401.8768,542.2575,11.0049,0.1639,0.1393,1.407,0.487,0.0787
TSLA,Q3,2017-09-30,2017-11-14,131.1951,0.9789,16.8611,418.7377,565.4229,11.8567,0.1611,0.1369,1.407,0.487,0.0787
TSLA,Q4,2017-12-31,2018-03-31,130.2432,1.2792,16.7388,435.4761,589.1454,11.4452,0.1538,0.1307,1.407,0.487,0.0787
TSLA,Q1,2018-03-31,2018-05-15,133.9718,1.1856,17.218,452.6938,612.6957,13.3594,0.1521,0.1293,1.407,0.487,0.0787
TSLA,Q2,2018-06-30,2018-08-14,134.7565,1.2159,17.3188,470.0123,636.9202,11.7796,0.1474,0.1253,1.407,0.487,0.0787
TSLA,Q3,2018-09-30,2018-11-14,137.076,0.8798,17.6169,487.629,661.2866,12.5129,0.1445,0.1228,1.407,0.487,0.0787
TSLA,Q4,2018-12-31,2019-03-31,149.3151,0.965,19.1899,506.8187,686.0725,12.6275,0.1515,0.1287,1.407,0.487,0.0787
TSLA,Q1,2019-03-31,2019-05-15,144.8803,0.6995,18.6199,525.4384,713.0715,13.7826,0.1417,0.1205,1.407,0.487,0.0787
TSLA,Q2,2019-06-30,2019-08-14,145.8542,0.9133,18.7451,544.1833,739.2687,12.3281,0.1378,0.1171,1.407,0.487,0.0787
TSLA,Q3,2019-09-30,2019-11-14,152.1151,1.077,19.5498,563.7328,765.6419,14.2542,0.1387,0.1179,1.407,0.487,0.0787
TSLA,Q4,2019-12-31,2020-03-30,157.0526,1.0278,20.1843,583.9168,793.1471,13.5389,0.1383,0.1175,1.407,0.487,0.0787
TSLA,Q1,2020-03-31,2020-05-15,164.0265,1.1695,21.0806,604.9971,821.5452,15.1135,0.1394,0.1185,1.407,0.487,0.0787
TSLA,Q2,2020-06-30,2020-08-14,165.2521,1.1956,21.2381,626.2349,851.2042,16.5623,0.1357,0.1153,1.407,0.487,0.0787
TSLA,Q3,2020-09-30,2020-11-14,171.3731,1.5262,22.0248,648.2593,881.0848,16.0639,0.1359,0.1155,1.407,0.487,0.0787
TSLA,Q4,2020-12-31,2021-03-31,174.6761,1.3776,22.4493,670.7082,912.0722,15.8394,0.1339,0.1138,1.407,0.487,0.0787
TSLA,Q1,2021-03-31,2021-05-15,184.9409,1.1017,23.7685,694.4764,943.6568,17.2276,0.1369,0.1164,1.407,0.487,0.0787
TSLA,Q2,2021-06-30,2021-08-14,191.2982,0.9869,24.5856,719.0617,977.0976,18.6898,0.1368,0.1162,1.407,0.487,0.0787
TSLA,Q3,2021-09-30,2021-11-14,200.0,1.2068,25.7039,744.7653,1011.6881,18.3155,0.1381,0.1173,1.407,0.487,0.0787
TSLA,Q4,2021-12-31,2022-03-31,200.0,1.3115,25.7039,770.4688,1047.8519,20.1558,0.1334,0.1134,1.407,0.487,0.0787
TSLA,Q1,2022-03-31,2022-05-15,200.0,1.3888,25.7039,796.1724,1084.0156,19.6914,0.1291,0.1098,1.407,0.487,0.0787
TSLA,Q2,2022-06-30,2022-08-14,200.0,1.9073,25.7039,821.8758,1120.1793,18.9032,0.1251,0.1063,1.407,0.487,0.0787
TSLA,Q3,2022-09-30,2022-11-14,200.0,2.0837,25.7039,847.5791,1156.3429,17.6261,0.1213,0.1031,1.407,0.487,0.0787
TSLA,Q4,2022-12-31,2023-03-31,200.0,1.9199,25.7039,873.2825,1192.5063,18.197,0.1177,0.1001,1.407,0.487,0.0787
TSLA,Q1,2023-03-31,2023-05-15,200.0,2.433,25.7039,898.9857,1228.6699,17.5117,0.1144,0.0972,1.407,0.487,0.0787
TSLA,Q2,2023-06-30,2023-08-14,200.0,2.3422,25.7039,924.689,1264.8332,17.5722,0.1112,0.0945,1.407,0.487,0.0787
TSLA,Q3,2023-09-30,2023-11-14,200.0,3.2454,25.7039,950.392,1300.9966,18.9466,0.1082,0.092,1.407,0.487,0.0787
TSLA,Q4,2023-12-31,2024-03-30,200.0,3.9217,25.7039,976.0949,1337.1596,16.8716,0.1053,0.0895,1.407,0.487,0.0787
TSLA,Q1,2024-03-31,2024-05-15,200.0,4.6029,25.7039,1001.7976,1373.3224,19.1296,0.1026,0.0872,1.407,0.487,0.0787
TSLA,Q2,2024-06-30,2024-08-14,198.5714,5.9469,25.5203,1027.3162,1409.4849,17.4455,0.0994,0.0845,1.407,0.487,0.0787
TSLA,Q3,2024-09-30,2024-11-14,200.0,5.1697,25.7039,1053.0188,1445.3886,18.9649,0.0976,0.083,1.407,0.487,0.0787
TSLA,Q4,2024-12-31,2025-03-31,200.0,5.1244,25.7039,1078.7213,1481.5509,17.2731,0.0953,0.081,1.407,0.487,0.0787
TSLA,Q1,2025-03-31,2025-05-15,200.0,6.6647,25.7039,1104.4234,1517.7132,19.9573,0.0931,0.0791,1.407,0.487,0.0787
TSLA,Q2,2025-06-30,2025-08-14,200.0,6.7422,25.7039,1130.1255,1553.8749,16.8479,0.091,0.0773,1.407,0.487,0.0787
TSLA,Q3,2025-09-30,2025-11-14,200.0,7.1242,25.7039,1155.8275,1590.0366,16.7697,0.089,0.0756,1.407,0.487,0.0787
TSLA,Q4,2025-12-31,2026-03-31,200.0,6.2515,25.7039,1181.5297,1626.1982,18.7392,0.087,0.074,1.407,0.487,0.0787
TSLA,Q1,2026-03-31,2026-05-15,200.0,8.8434,25.7039,1207.2312,1662.36,17.1656,0.0852,0.0724,1.407,0.487,0.0787
MCD,Q3,2009-09-30,2009-11-14,40.0324,1.2568,2.7816,62.9596,46.5746,2.3614,0.1767,0.1502,0.7739,0.4545,0.1308
MCD,Q4,2009-12-31,2010-03-31,43.4297,1.1153,3.0176,65.9772,48.7274,2.8106,0.183,0.1555,0.7739,0.4545,0.1308
MCD,Q1,2010-03-31,2010-05-15,44.2719,1.0636,3.0762,69.0534,51.0629,2.8154,0.1782,0.1515,0.7739,0.4545,0.1308
MCD,Q2,2010-06-30,2010-08-14,45.3023,1.3406,3.1478,72.2011,53.4437,3.0091,0.1744,0.1482,0.7739,0.4545,0.1308
MCD,Q3,2010-09-30,2010-11-14,50.4538,1.4028,3.5057,75.7068,55.8799,3.1246,0.1852,0.1574,0.7739,0.4545,0.1308
MCD,Q4,2010-12-31,2011-03-31,51.4127,1.2793,3.5723,79.2791,58.5931,3.4141,0.1802,0.1532,0.7739,0.4545,0.1308
MCD,Q1,2011-03-31,2011-05-15,50.5671,1.2772,3.5136,82.7927,61.3579,3.3099,0.1698,0.1443,0.7739,0.4545,0.1308
MCD,Q2,2011-06-30,2011-08-14,48.2342,1.3148,3.3515,86.1442,64.0772,3.2094,0.1556,0.1323,0.7739,0.4545,0.1308
MCD,Q3,2011-09-30,2011-11-14,50.5817,1.1874,3.5146,89.6587,66.671,3.3078,0.1568,0.1333,0.7739,0.4545,0.1308
MCD,Q4,2011-12-31,2012-03-30,56.563,1.4485,3.9302,93.5889,69.3911,3.2219,0.168,0.1428,0.7739,0.4545,0.1308
MCD,Q1,2012-03-31,2012-05-15,60.3303,1.3845,4.192,97.7808,72.4329,3.4188,0.1715,0.1458,0.7739,0.4545,0.1308
MCD,Q2,2012-06-30,2012-08-14,66.6658,1.5155,4.6322,102.413,75.6772,3.9673,0.1809,0.1538,0.7739,0.4545,0.1308
MCD,Q3,2012-09-30,2012-11-14,70.7582,1.6712,4.9165,107.3295,79.2622,4.7093,0.1832,0.1557,0.7739,0.4545,0.1308
MCD,Q4,2012-12-31,2013-03-31,74.2436,1.4353,5.1587,112.4882,83.0673,4.394,0.1834,0.1559,0.7739,0.4545,0.1308
MCD,Q1,2013-03-31,2013-05-15,75.7285,1.4131,5.2619,117.75,87.0599,5.0178,0.1787,0.1519,0.7739,0.4545,0.1308
MCD,Q2,2013-06-30,2013-08-14,79.4491,1.3612,5.5204,123.2704,91.1323,5.3099,0.1791,0.1523,0.7739,0.4545,0.1308
MCD,Q3,2013-09-30,2013-11-14,75.3198,1.2209,5.2335,128.5039,95.4048,4.6008,0.1629,0.1385,0.7739,0.4545,0.1308
MCD,Q4,2013-12-31,2014-03-31,80.6364,1.2558,5.6029,134.1068,99.4552,5.1475,0.1671,0.1421,0.7739,0.4545,0.1308
MCD,Q1,2014-03-31,2014-05-15,84.7702,0.9541,5.8901,139.9969,103.7915,4.9547,0.1683,0.143,0.7739,0.4545,0.1308
MCD,Q2,2014-06-30,2014-08-14,91.1819,0.8684,6.3356,146.3325,108.3502,5.5253,0.1732,0.1472,0.7739,0.4545,0.1308
MCD,Q3,2014-09-30,2014-11-14,103.046,0.8028,7.16,153.4925,113.2536,6.8391,0.1866,0.1586,0.7739,0.4545,0.1308
MCD,Q4,2014-12-31,2015-03-31,107.8265,0.8379,7.4922,160.9847,118.7951,6.5729,0.1862,0.1582,0.7739,0.4545,0.1308
MCD,Q1,2015-03-31,2015-05-15,106.9424,0.848,7.4307,168.4154,124.5936,6.7016,0.1765,0.15,0.7739,0.4545,0.1308
MCD,Q2,2015-06-30,2015-08-14,109.1417,0.7457,7.5836,175.9989,130.3446,7.1706,0.1724,0.1465,0.7739,0.4545,0.1308
MCD,Q3,2015-09-30,2015-11-14,114.7875,0.6633,7.9759,183.9748,136.2139,6.483,0.1734,0.1474,0.7739,0.4545,0.1308
MCD,Q4,2015-12-31,2016-03-30,125.72,0.6304,8.7355,192.7102,142.3867,7.1403,0.1813,0.1541,0.7739,0.4545,0.1308
MCD,Q1,2016-03-31,2016-05-15,125.715,0.6025,8.7351,201.4454,149.1475,7.176,0.1734,0.1474,0.7739,0.4545,0.1308
MCD,Q2,2016-06-30,2016-08-14,130.5944,0.6596,9.0742,210.5195,155.9081,8.1807,0.1724,0.1466,0.7739,0.4545,0.1308
MCD,Q3,2016-09-30,2016-11-14,136.8841,0.5762,9.5112,220.0307,162.931,7.5129,0.1729,0.147,0.7739,0.4545,0.1308
MCD,Q4,2016-12-31,2017-03-31,150.862,0.6415,10.4824,230.5131,170.2921,8.7938,0.1819,0.1546,0.7739,0.4545,0.1308
MCD,Q1,2017-03-31,2017-05-15,147.6149,0.6927,10.2568,240.7699,178.405,8.6373,0.1704,0.1448,0.7739,0.4545,0.1308
MCD,Q2,2017-06-30,2017-08-14,165.1191,0.7143,11.4731,252.243,186.3432,9.0893,0.1819,0.1546,0.7739,0.4545,0.1308
MCD,Q3,2017-09-30,2017-11-14,170.9095,0.6951,11.8754,264.1184,195.2227,9.4033,0.1798,0.1529,0.7739,0.4545,0.1308
MCD,Q4,2017-12-31,2018-03-31,181.6399,0.8347,12.621,276.7394,204.4136,11.4632,0.1824,0.1551,0.7739,0.4545,0.1308
MCD,Q1,2018-03-31,2018-05-15,188.3022,0.7441,13.0839,289.8232,214.1816,12.579,0.1806,0.1535,0.7739,0.4545,0.1308
MCD,Q2,2018-06-30,2018-08-14,192.1864,0.8956,13.3538,303.177,224.3079,10.6826,0.1762,0.1498,0.7739,0.4545,0.1308
MCD,Q3,2018-09-30,2018-11-14,183.0532,0.9243,12.7192,315.8962,234.643,12.0394,0.1611,0.1369,0.7739,0.4545,0.1308
MCD,Q4,2018-12-31,2019-03-31,186.6816,0.7477,12.9713,328.8675,244.487,11.9344,0.1578,0.1341,0.7739,0.4545,0.1308
MCD,Q1,2019-03-31,2019-05-15,191.5815,0.7808,13.3118,342.1793,254.526,10.9702,0.1556,0.1323,0.7739,0.4545,0.1308
MCD,Q2,2019-06-30,2019-08-14,200.0,0.8318,13.8967,356.076,264.8286,13.0844,0.1561,0.1327,0.7739,0.4545,0.1308
MCD,Q3,2019-09-30,2019-11-14,200.0,0.8192,13.8967,369.9727,275.584,11.2829,0.1502,0.1277,0.7739,0.4545,0.1308
MCD,Q4,2019-12-31,2020-03-30,200.0,0.8505,13.8967,383.8694,286.3393,12.7837,0.1448,0.1231,0.7739,0.4545,0.1308
MCD,Q1,2020-03-31,2020-05-15,200.0,0.8195,13.8967,397.7661,297.0946,11.7826,0.1397,0.1188,0.7739,0.4545,0.1308
MCD,Q2,2020-06-30,2020-08-14,185.0639,0.7878,12.8589,410.625,307.8499,10.3264,0.1253,0.1065,0.7739,0.4545,0.1308
MCD,Q3,2020-09-30,2020-11-14,191.4018,0.7218,13.2993,423.9242,317.802,12.6996,0.1255,0.1067,0.7739,0.4545,0.1308
MCD,Q4,2020-12-31,2021-03-31,200.0,0.6316,13.8967,437.821,328.0949,12.8967,0.127,0.1079,0.7739,0.4545,0.1308
MCD,Q1,2021-03-31,2021-05-15,200.0,0.7009,13.8967,451.7177,338.8503,13.2619,0.1231,0.1046,0.7739,0.4545,0.1308
MCD,Q2,2021-06-30,2021-08-14,200.0,0.6764,13.8967,465.6144,349.6056,11.1961,0.1194,0.1015,0.7739,0.4545,0.1308
MCD,Q3,2021-09-30,2021-11-14,200.0,0.678,13.8967,479.5111,360.3609,13.2156,0.1159,0.0985,0.7739,0.4545,0.1308
MCD,Q4,2021-12-31,2022-03-31,200.0,0.6644,13.8967,493.4078,371.1162,12.9957,0.1127,0.0958,0.7739,0.4545,0.1308
MCD,Q1,2022-03-31,2022-05-15,200.0,0.6173,13.8967,507.3045,381.8715,11.9623,0.1096,0.0931,0.7739,0.4545,0.1308
MCD,Q2,2022-06-30,2022-08-14,200.0,0.7231,13.8967,521.2012,392.6268,11.5276,0.1067,0.0907,0.7739,0.4545,0.1308
MCD,Q3,2022-09-30,2022-11-14,200.0,0.7095,13.8967,535.0979,403.3822,13.1465,0.1039,0.0883,0.7739,0.4545,0.1308
MCD,Q4,2022-12-31,2023-03-31,200.0,0.7392,13.8967,548.9946,414.1375,12.0124,0.1013,0.0861,0.7739,0.4545,0.1308
MCD,Q1,2023-03-31,2023-05-15,200.0,0.9051,13.8967,562.8913,424.8928,11.2499,0.0988,0.0839,0.7739,0.4545,0.1308
MCD,Q2,2023-06-30,2023-08-14,200.0,0.9764,13.8967,576.788,435.6481,11.4593,0.0964,0.0819,0.7739,0.4545,0.1308
MCD,Q3,2023-09-30,2023-11-14,199.4831,1.2973,13.8608,590.6488,446.4034,11.4592,0.0939,0.0798,0.7739,0.4545,0.1308
MCD,Q4,2023-12-31,2024-03-30,200.0,1.3335,13.8967,604.5455,457.1309,12.9947,0.0919,0.0782,0.7739,0.4545,0.1308
MCD,Q1,2024-03-31,2024-05-15,200.0,1.159,13.8967,618.4422,467.8862,12.5193,0.0899,0.0764,0.7739,0.4545,0.1308
MCD,Q2,2024-06-30,2024-08-14,200.0,1.1941,13.8967,632.3389,478.6415,12.9559,0.0879,0.0747,0.7739,0.4545,0.1308
MCD,Q3,2024-09-30,2024-11-14,195.9085,1.1801,13.6124,645.9513,489.3968,12.4769,0.0843,0.0716,0.7739,0.4545,0.1308
MCD,Q4,2024-12-31,2025-03-31,197.6331,1.1425,13.7323,659.6835,499.9321,11.1902,0.0833,0.0708,0.7739,0.4545,0.1308
MCD,Q1,2025-03-31,2025-05-15,200.0,1.0763,13.8967,673.5802,510.5602,11.7959,0.0825,0.0701,0.7739,0.4545,0.1308
MCD,Q2,2025-06-30,2025-08-14,200.0,1.2559,13.8967,687.4769,521.3155,11.0459,0.0809,0.0687,0.7739,0.4545,0.1308
MCD,Q3,2025-09-30,2025-11-14,200.0,1.3355,13.8967,701.3736,532.0708,11.8254,0.0793,0.0674,0.7739,0.4545,0.1308
MCD,Q4,2025-12-31,2026-03-31,200.0,1.3168,13.8967,715.2703,542.8261,11.3889,0.0777,0.0661,0.7739,0.4545,0.1308
MCD,Q1,2026-03-31,2026-05-15,194.9507,1.5788,13.5459,728.8162,553.5814,12.2026,0.0743,0.0632,0.7739,0.4545,0.1308
NKE,Q3,2009-09-30,2009-11-14,38.4309,1.4643,1.9238,89.5793,65.3713,1.767,0.0859,0.073,0.7458,0.5165,0.1591
NKE,Q4,2009-12-31,2010-03-31,38.7908,1.6902,1.9418,91.5208,66.8058,1.6067,0.0849,0.0721,0.7458,0.5165,0.1591
NKE,Q1,2010-03-31,2010-05-15,36.7686,1.61,1.8406,93.361,68.2537,1.597,0.0789,0.067,0.7458,0.5165,0.1591
NKE,Q2,2010-06-30,2010-08-14,37.1616,1.0479,1.8603,95.2211,69.6261,1.5262,0.0781,0.0664,0.7458,0.5165,0.1591
NKE,Q3,2010-09-30,2010-11-14,35.8456,1.1924,1.7944,97.0152,71.0133,1.5022,0.074,0.0629,0.7458,0.5165,0.1591
NKE,Q4,2010-12-31,2011-03-31,35.7786,1.1566,1.7911,98.806,72.3513,1.4862,0.0725,0.0616,0.7458,0.5165,0.1591
NKE,Q1,2011-03-31,2011-05-15,37.161,1.0695,1.8603,100.6661,73.6869,1.622,0.0739,0.0628,0.7458,0.5165,0.1591
NKE,Q2,2011-06-30,2011-08-14,36.5409,1.0097,1.8292,102.495,75.074,1.7376,0.0714,0.0607,0.7458,0.5165,0.1591
NKE,Q3,2011-09-30,2011-11-14,37.1893,1.1109,1.8617,104.3565,76.438,1.5666,0.0714,0.0607,0.7458,0.5165,0.1591
NKE,Q4,2011-12-31,2012-03-30,35.6711,1.1039,1.7857,106.1419,77.8262,1.5416,0.0673,0.0572,0.7458,0.5165,0.1591
NKE,Q1,2012-03-31,2012-05-15,33.601,1.0876,1.682,107.8237,79.1578,1.5422,0.0624,0.053,0.7458,0.5165,0.1591
NKE,Q2,2012-06-30,2012-08-14,34.0383,1.1272,1.7039,109.5274,80.412,1.3827,0.0622,0.0529,0.7458,0.5165,0.1591
NKE,Q3,2012-09-30,2012-11-14,35.2046,1.2547,1.7623,111.2894,81.6826,1.6552,0.0633,0.0538,0.7458,0.5165,0.1591
NKE,Q4,2012-12-31,2013-03-31,34.3716,1.2758,1.7206,113.0098,82.9967,1.3966,0.0609,0.0518,0.7458,0.5165,0.1591
NKE,Q1,2013-03-31,2013-05-15,35.1469,1.1815,1.7594,114.769,84.2796,1.5649,0.0613,0.0521,0.7458,0.5165,0.1591
NKE,Q2,2013-06-30,2013-08-14,35.6788,1.4356,1.7861,116.5547,85.5916,1.6349,0.0613,0.0521,0.7458,0.5165,0.1591
NKE,Q3,2013-09-30,2013-11-14,35.1769,1.5075,1.7609,118.3153,86.9233,1.5719,0.0595,0.0506,0.7458,0.5165,0.1591
NKE,Q4,2013-12-31,2014-03-31,35.8262,1.3541,1.7934,120.1085,88.2364,1.6168,0.0597,0.0508,0.7458,0.5165,0.1591
NKE,Q1,2014-03-31,2014-05-15,37.5059,1.2317,1.8775,121.9857,89.5736,1.5765,0.0616,0.0523,0.7458,0.5165,0.1591
NKE,Q2,2014-06-30,2014-08-14,37.9563,1.1243,1.9001,123.8855,90.9736,1.5294,0.0613,0.0521,0.7458,0.5165,0.1591
NKE,Q3,2014-09-30,2014-11-14,37.336,1.1272,1.869,125.7543,92.3905,1.5345,0.0594,0.0505,0.7458,0.5165,0.1591
NKE,Q4,2014-12-31,2015-03-31,36.6376,1.4118,1.8341,127.588,93.7841,1.5502,0.0575,0.0489,0.7458,0.5165,0.1591
NKE,Q1,2015-03-31,2015-05-15,35.7741,1.5964,1.7908,129.3785,95.1517,1.414,0.0554,0.0471,0.7458,0.5165,0.1591
NKE,Q2,2015-06-30,2015-08-14,36.6733,0.6602,1.8358,131.2142,96.487,1.4862,0.056,0.0476,0.7458,0.5165,0.1591
NKE,Q3,2015-09-30,2015-11-14,38.8773,0.5539,1.9462,133.1603,97.856,1.7256,0.0585,0.0497,0.7458,0.5165,0.1591
NKE,Q4,2015-12-31,2016-03-30,38.9767,0.5043,1.9511,135.1113,99.3073,1.804,0.0578,0.0491,0.7458,0.5165,0.1591
NKE,Q1,2016-03-31,2016-05-15,41.3414,0.3974,2.0695,137.1807,100.7624,1.8747,0.0603,0.0513,0.7458,0.5165,0.1591
NKE,Q2,2016-06-30,2016-08-14,44.3012,0.4346,2.2177,139.3983,102.3057,2.0265,0.0636,0.0541,0.7458,0.5165,0.1591
NKE,Q3,2016-09-30,2016-11-14,46.8865,0.4367,2.3471,141.7453,103.9595,2.0725,0.0662,0.0563,0.7458,0.5165,0.1591
NKE,Q4,2016-12-31,2017-03-31,49.0498,0.4245,2.4554,144.2006,105.7098,2.1773,0.0681,0.0579,0.7458,0.5165,0.1591
NKE,Q1,2017-03-31,2017-05-15,47.9941,0.4299,2.4026,146.6031,107.5409,2.1883,0.0656,0.0557,0.7458,0.5165,0.1591
NKE,Q2,2017-06-30,2017-08-14,47.3752,0.3759,2.3716,148.9746,109.3326,2.1352,0.0637,0.0541,0.7458,0.5165,0.1591
NKE,Q3,2017-09-30,2017-11-14,44.9158,0.2807,2.2484,151.223,111.1012,1.902,0.0595,0.0506,0.7458,0.5165,0.1591
NKE,Q4,2017-12-31,2018-03-31,42.1197,0.2608,2.1085,153.3314,112.778,1.7446,0.055,0.0468,0.7458,0.5165,0.1591
NKE,Q1,2018-03-31,2018-05-15,42.1048,0.2759,2.1077,155.4391,114.3504,1.8985,0.0542,0.0461,0.7458,0.5165,0.1591
NKE,Q2,2018-06-30,2018-08-14,37.8224,0.3026,1.8934,157.3324,115.9223,1.7227,0.0481,0.0409,0.7458,0.5165,0.1591
NKE,Q3,2018-09-30,2018-11-14,38.7994,0.3152,1.9423,159.2746,117.3342,1.8297,0.0488,0.0415,0.7458,0.5165,0.1591
NKE,Q4,2018-12-31,2019-03-31,38.0233,0.3652,1.9034,161.1779,118.7827,1.5231,0.0472,0.0402,0.7458,0.5165,0.1591
NKE,Q1,2019-03-31,2019-05-15,38.5394,0.3247,1.9293,163.1071,120.2021,1.7275,0.0473,0.0402,0.7458,0.5165,0.1591
NKE,Q2,2019-06-30,2019-08-14,37.3899,0.3803,1.8717,164.9787,121.6409,1.694,0.0454,0.0386,0.7458,0.5165,0.1591
NKE,Q3,2019-09-30,2019-11-14,36.1074,0.4343,1.8075,166.7861,123.0367,1.5811,0.0433,0.0368,0.7458,0.5165,0.1591
NKE,Q4,2019-12-31,2020-03-30,35.6435,0.5292,1.7843,168.5703,124.3846,1.4182,0.0423,0.036,0.7458,0.5165,0.1591
NKE,Q1,2020-03-31,2020-05-15,38.0289,0.4268,1.9037,170.4739,125.7152,1.7168,0.0447,0.038,0.7458,0.5165,0.1591
NKE,Q2,2020-06-30,2020-08-14,39.9203,0.6647,1.9984,172.4721,127.1348,1.6896,0.0463,0.0394,0.7458,0.5165,0.1591
NKE,Q3,2020-09-30,2020-11-14,42.4458,0.6502,2.1248,174.5968,128.6251,1.8608,0.0487,0.0414,0.7458,0.5165,0.1591
NKE,Q4,2020-12-31,2021-03-31,44.7947,0.7619,2.2424,176.839,130.2096,1.9941,0.0507,0.0431,0.7458,0.5165,0.1591
NKE,Q1,2021-03-31,2021-05-15,49.9032,0.7008,2.4981,179.337,131.8818,2.0306,0.0557,0.0474,0.7458,0.5165,0.1591
NKE,Q2,2021-06-30,2021-08-14,51.979,0.7499,2.602,181.9389,133.7447,2.4184,0.0572,0.0486,0.7458,0.5165,0.1591
NKE,Q3,2021-09-30,2021-11-14,56.068,0.4637,2.8067,184.7455,135.6851,2.5973,0.0608,0.0517,0.7458,0.5165,0.1591
NKE,Q4,2021-12-31,2022-03-31,57.6387,0.4202,2.8854,187.6307,137.7782,2.2582,0.0615,0.0523,0.7458,0.5165,0.1591
NKE,Q1,2022-03-31,2022-05-15,59.1702,0.456,2.962,190.5927,139.9299,2.3439,0.0622,0.0528,0.7458,0.5165,0.1591
NKE,Q2,2022-06-30,2022-08-14,63.3821,0.4134,3.1729,193.7654,142.1388,2.9039,0.0655,0.0557,0.7458,0.5165,0.1591
NKE,Q3,2022-09-30,2022-11-14,64.4514,0.346,3.2264,196.9917,144.505,2.9195,0.0655,0.0557,0.7458,0.5165,0.1591
NKE,Q4,2022-12-31,2023-03-31,65.9954,0.3677,3.3037,200.2953,146.9111,2.7401,0.066,0.0561,0.7458,0.5165,0.1591
NKE,Q1,2023-03-31,2023-05-15,66.6633,0.2225,3.3371,203.6324,149.3748,3.0026,0.0656,0.0557,0.7458,0.5165,0.1591
NKE,Q2,2023-06-30,2023-08-14,66.4079,0.2182,3.3243,206.9567,151.8635,3.0202,0.0643,0.0546,0.7458,0.5165,0.1591
NKE,Q3,2023-09-30,2023-11-14,68.1112,0.2669,3.4096,210.3662,154.3427,3.0363,0.0648,0.0551,0.7458,0.5165,0.1591
NKE,Q4,2023-12-31,2024-03-30,68.913,0.3032,3.4497,213.8159,156.8854,3.2883,0.0645,0.0549,0.7458,0.5165,0.1591
NKE,Q1,2024-03-31,2024-05-15,71.009,0.3034,3.5547,217.3705,159.4581,2.9536,0.0654,0.0556,0.7458,0.5165,0.1591
NKE,Q2,2024-06-30,2024-08-14,72.8469,0.2751,3.6467,221.0171,162.109,3.4709,0.066,0.0561,0.7458,0.5165,0.1591
NKE,Q3,2024-09-30,2024-11-14,71.1065,0.2666,3.5595,224.5766,164.8286,3.2953,0.0634,0.0539,0.7458,0.5165,0.1591
NKE,Q4,2024-12-31,2025-03-31,76.2637,0.2803,3.8177,228.3942,167.4831,3.5182,0.0669,0.0568,0.7458,0.5165,0.1591
NKE,Q1,2025-03-31,2025-05-15,75.6177,0.3152,3.7854,232.1795,170.3302,3.4742,0.0652,0.0554,0.7458,0.5165,0.1591
NKE,Q2,2025-06-30,2025-08-14,71.6314,0.3418,3.5858,235.7653,173.1532,2.9412,0.0608,0.0517,0.7458,0.5165,0.1591
NKE,Q3,2025-09-30,2025-11-14,76.3284,0.3619,3.8209,239.5861,175.8273,3.3279,0.0638,0.0542,0.7458,0.5165,0.1591
NKE,Q4,2025-12-31,2026-03-31,77.2994,0.3886,3.8695,243.4556,178.6768,3.5785,0.0636,0.054,0.7458,0.5165,0.1591
NKE,Q1,2026-03-31,2026-05-15,76.0395,0.2946,3.8065,247.262,181.5626,3.367,0.0616,0.0523,0.7458,0.5165,0.1591
WMT,Q3,2009-09-30,2009-11-14,5.9296,1.0384,0.4639,7.7977,4.5918,0.4685,0.2379,0.2023,0.6261,0.4921,0.1366
WMT,Q4,2009-12-31,2010-03-31,6.0621,0.8974,0.4742,8.2718,4.8822,0.4494,0.2293,0.1949,0.6261,0.4921,0.1366
WMT,Q1,2010-03-31,2010-05-15,6.4594,0.9544,0.5053,8.777,5.179,0.519,0.2303,0.1957,0.6261,0.4921,0.1366
WMT,Q2,2010-06-30,2010-08-14,6.6669,0.9556,0.5215,9.2984,5.4953,0.4929,0.2244,0.1907,0.6261,0.4921,0.1366
WMT,Q3,2010-09-30,2010-11-14,6.4837,0.8842,0.5072,9.8055,5.8217,0.4944,0.2069,0.1759,0.6261,0.4921,0.1366
WMT,Q4,2010-12-31,2011-03-31,6.3342,0.9384,0.4955,10.3008,6.1392,0.4936,0.1924,0.1636,0.6261,0.4921,0.1366
WMT,Q1,2011-03-31,2011-05-15,6.4853,0.9361,0.5073,10.808,6.4494,0.5079,0.1878,0.1596,0.6261,0.4921,0.1366
WMT,Q2,2011-06-30,2011-08-14,6.7768,0.9348,0.5301,11.338,6.7669,0.4738,0.187,0.159,0.6261,0.4921,0.1366
WMT,Q3,2011-09-30,2011-11-14,6.8344,0.9482,0.5346,11.8726,7.0988,0.5581,0.1801,0.1531,0.6261,0.4921,0.1366
WMT,Q4,2011-12-31,2012-03-30,7.0743,0.9706,0.5534,12.4258,7.4334,0.5196,0.1781,0.1514,0.6261,0.4921,0.1366
WMT,Q1,2012-03-31,2012-05-15,7.1831,0.9194,0.5619,12.9876,7.7798,0.5766,0.1731,0.1471,0.6261,0.4921,0.1366
WMT,Q2,2012-06-30,2012-08-14,7.1673,0.8845,0.5607,13.5482,8.1316,0.5205,0.1655,0.1407,0.6261,0.4921,0.1366
WMT,Q3,2012-09-30,2012-11-14,7.3369,0.9527,0.5739,14.122,8.4825,0.5102,0.1626,0.1382,0.6261,0.4921,0.1366
WMT,Q4,2012-12-31,2013-03-31,7.0245,1.0395,0.5495,14.6713,8.8418,0.565,0.1498,0.1273,0.6261,0.4921,0.1366
WMT,Q1,2013-03-31,2013-05-15,7.9041,1.0733,0.6183,15.2895,9.1858,0.5726,0.1618,0.1375,0.6261,0.4921,0.1366
WMT,Q2,2013-06-30,2013-08-14,7.871,1.1175,0.6157,15.9051,9.5728,0.6191,0.1548,0.1316,0.6261,0.4921,0.1366
WMT,Q3,2013-09-30,2013-11-14,8.0546,1.1979,0.6301,16.535,9.9582,0.6473,0.1524,0.1296,0.6261,0.4921,0.1366
WMT,Q4,2013-12-31,2014-03-31,8.1701,1.194,0.6391,17.174,10.3526,0.61,0.1489,0.1265,0.6261,0.4921,0.1366
WMT,Q1,2014-03-31,2014-05-15,8.4795,1.1413,0.6633,17.8371,10.7527,0.5716,0.1488,0.1264,0.6261,0.4921,0.1366
WMT,Q2,2014-06-30,2014-08-14,8.4897,1.0876,0.6641,18.5011,11.1679,0.6787,0.1436,0.122,0.6261,0.4921,0.1366
WMT,Q3,2014-09-30,2014-11-14,8.4028,1.0542,0.6573,19.1583,11.5836,0.6194,0.1372,0.1167,0.6261,0.4921,0.1366
WMT,Q4,2014-12-31,2015-03-31,7.5819,0.9397,0.5931,19.7513,11.995,0.6163,0.1201,0.1021,0.6261,0.4921,0.1366
WMT,Q1,2015-03-31,2015-05-15,7.4328,0.9324,0.5814,20.3326,12.3663,0.5672,0.1144,0.0972,0.6261,0.4921,0.1366
WMT,Q2,2015-06-30,2015-08-14,7.6077,0.9133,0.5951,20.9276,12.7303,0.5962,0.1137,0.0967,0.6261,0.4921,0.1366
WMT,Q3,2015-09-30,2015-11-14,7.7281,0.9805,0.6045,21.532,13.1028,0.6311,0.1123,0.0955,0.6261,0.4921,0.1366
WMT,Q4,2015-12-31,2016-03-30,8.2167,0.9805,0.6428,22.1746,13.4812,0.5979,0.1159,0.0986,0.6261,0.4921,0.1366
WMT,Q1,2016-03-31,2016-05-15,8.1918,0.9787,0.6408,22.8153,13.8836,0.6681,0.1123,0.0955,0.6261,0.4921,0.1366
WMT,Q2,2016-06-30,2016-08-14,8.2477,0.9399,0.6452,23.4604,14.2847,0.6384,0.11,0.0935,0.6261,0.4921,0.1366
WMT,Q3,2016-09-30,2016-11-14,8.6636,0.7955,0.6777,24.138,14.6886,0.6503,0.1123,0.0955,0.6261,0.4921,0.1366
WMT,Q4,2016-12-31,2017-03-31,8.7666,0.8235,0.6858,24.8237,15.1128,0.6294,0.1105,0.0939,0.6261,0.4921,0.1366
WMT,Q1,2017-03-31,2017-05-15,9.137,0.8736,0.7148,25.5383,15.5421,0.7039,0.112,0.0952,0.6261,0.4921,0.1366
WMT,Q2,2017-06-30,2017-08-14,9.2677,0.8901,0.725,26.2632,15.9896,0.7484,0.1104,0.0939,0.6261,0.4921,0.1366
WMT,Q3,2017-09-30,2017-11-14,9.9838,0.8575,0.781,27.044,16.4434,0.6797,0.1155,0.0982,0.6261,0.4921,0.1366
WMT,Q4,2017-12-31,2018-03-31,11.2604,1.0018,0.8809,27.9248,16.9323,0.8037,0.1262,0.1073,0.6261,0.4921,0.1366
WMT,Q1,2018-03-31,2018-05-15,12.2318,1.0151,0.9569,28.8815,17.4838,0.9214,0.1325,0.1126,0.6261,0.4921,0.1366
WMT,Q2,2018-06-30,2018-08-14,12.5749,1.0357,0.9837,29.865,18.0828,0.9451,0.1318,0.112,0.6261,0.4921,0.1366
WMT,Q3,2018-09-30,2018-11-14,12.7534,0.9775,0.9977,30.8626,18.6986,0.8831,0.1293,0.1099,0.6261,0.4921,0.1366
WMT,Q4,2018-12-31,2019-03-31,13.1337,0.8869,1.0274,31.8899,19.3231,0.9312,0.1289,0.1095,0.6261,0.4921,0.1366
WMT,Q1,2019-03-31,2019-05-15,13.8821,0.7584,1.086,32.9757,19.9663,0.9663,0.1317,0.112,0.6261,0.4921,0.1366
WMT,Q2,2019-06-30,2019-08-14,13.9813,0.7742,1.0937,34.0693,20.6462,1.0484,0.1284,0.1091,0.6261,0.4921,0.1366
WMT,Q3,2019-09-30,2019-11-14,14.124,0.7673,1.1049,35.1741,21.3309,1.1295,0.1256,0.1068,0.6261,0.4921,0.1366
WMT,Q4,2019-12-31,2020-03-30,14.3077,0.7321,1.1192,36.2932,22.0226,1.0613,0.1234,0.1049,0.6261,0.4921,0.1366
WMT,Q1,2020-03-31,2020-05-15,14.411,0.7322,1.1273,37.4205,22.7233,1.1155,0.1205,0.1024,0.6261,0.4921,0.1366
WMT,Q2,2020-06-30,2020-08-14,14.9744,0.7783,1.1714,38.5917,23.429,1.081,0.1214,0.1032,0.6261,0.4921,0.1366
WMT,Q3,2020-09-30,2020-11-14,15.565,0.8283,1.2176,39.8092,24.1624,1.0709,0.1223,0.104,0.6261,0.4921,0.1366
WMT,Q4,2020-12-31,2021-03-31,15.804,0.838,1.2363,41.0454,24.9246,1.2414,0.1205,0.1024,0.6261,0.4921,0.1366
WMT,Q1,2021-03-31,2021-05-15,14.7142,0.8313,1.151,42.1963,25.6986,1.2003,0.1091,0.0927,0.6261,0.4921,0.1366
WMT,Q2,2021-06-30,2021-08-14,14.4622,0.956,1.1313,43.3276,26.4192,1.0621,0.1044,0.0888,0.6261,0.4921,0.1366
WMT,Q3,2021-09-30,2021-11-14,14.721,0.9656,1.1516,44.479,27.1275,1.1796,0.1036,0.088,0.6261,0.4921,0.1366
WMT,Q4,2021-12-31,2022-03-31,14.7505,1.0518,1.1539,45.6327,27.8484,1.0931,0.1011,0.086,0.6261,0.4921,0.1366
WMT,Q1,2022-03-31,2022-05-15,14.2178,1.1221,1.1122,46.7448,28.5708,1.1233,0.0952,0.0809,0.6261,0.4921,0.1366
WMT,Q2,2022-06-30,2022-08-14,13.5955,0.9807,1.0635,47.8082,29.267,1.0754,0.089,0.0756,0.6261,0.4921,0.1366
WMT,Q3,2022-09-30,2022-11-14,14.6737,1.0152,1.1479,48.9559,29.9328,1.0067,0.0938,0.0797,0.6261,0.4921,0.1366
WMT,Q4,2022-12-31,2023-03-31,15.0979,1.0472,1.1811,50.1369,30.6514,1.1857,0.0942,0.0801,0.6261,0.4921,0.1366
WMT,Q1,2023-03-31,2023-05-15,15.4623,1.0836,1.2096,51.3463,31.3908,1.2665,0.0942,0.0801,0.6261,0.4921,0.1366
WMT,Q2,2023-06-30,2023-08-14,16.0406,1.05,1.2548,52.6009,32.148,1.1965,0.0954,0.0811,0.6261,0.4921,0.1366
WMT,Q3,2023-09-30,2023-11-14,16.896,0.9936,1.3217,53.9225,32.9336,1.304,0.098,0.0833,0.6261,0.4921,0.1366
WMT,Q4,2023-12-31,2024-03-30,16.6256,0.898,1.3006,55.223,33.761,1.3043,0.0942,0.0801,0.6261,0.4921,0.1366
WMT,Q1,2024-03-31,2024-05-15,16.5158,0.9643,1.292,56.5148,34.5752,1.2263,0.0914,0.0777,0.6261,0.4921,0.1366
WMT,Q2,2024-06-30,2024-08-14,17.1656,1.0547,1.3428,57.8575,35.3841,1.3622,0.0928,0.0789,0.6261,0.4921,0.1366
WMT,Q3,2024-09-30,2024-11-14,17.4978,1.1196,1.3688,59.2261,36.2247,1.3021,0.0924,0.0786,0.6261,0.4921,0.1366
WMT,Q4,2024-12-31,2025-03-31,16.6653,1.1267,1.3037,60.5297,37.0816,1.1708,0.0862,0.0732,0.6261,0.4921,0.1366
WMT,Q1,2025-03-31,2025-05-15,18.3418,1.0808,1.4348,61.9643,37.8977,1.3469,0.0926,0.0787,0.6261,0.4921,0.1366
WMT,Q2,2025-06-30,2025-08-14,19.4691,1.0944,1.523,63.4872,38.796,1.4885,0.096,0.0816,0.6261,0.4921,0.1366
WMT,Q3,2025-09-30,2025-11-14,18.9497,1.0415,1.4824,64.9694,39.7495,1.5354,0.0913,0.0776,0.6261,0.4921,0.1366
WMT,Q4,2025-12-31,2026-03-31,19.5665,1.0497,1.5306,66.4999,40.6775,1.4981,0.0921,0.0783,0.6261,0.4921,0.1366
WMT,Q1,2026-03-31,2026-05-15,20.7363,1.093,1.6221,68.1219,41.6357,1.4868,0.0952,0.081,0.6261,0.4921,0.1366
COST,Q3,2009-09-30,2009-11-14,20.7361,1.1382,2.6365,48.576,80.2282,2.457,0.2171,0.1845,1.7463,0.3633,0.1441
COST,Q4,2009-12-31,2010-03-31,22.6611,1.241,2.8813,51.4559,84.8301,2.9159,0.224,0.1904,1.7463,0.3633,0.1441
COST,Q1,2010-03-31,2010-05-15,20.6221,1.3827,2.622,54.0763,89.8592,2.6796,0.1939,0.1649,1.7463,0.3633,0.1441
COST,Q2,2010-06-30,2010-08-14,21.2706,1.378,2.7045,56.7791,94.4353,2.8942,0.1905,0.1619,1.7463,0.3633,0.1441
COST,Q3,2010-09-30,2010-11-14,22.4641,1.5034,2.8562,59.6336,99.1554,3.0026,0.1916,0.1628,1.7463,0.3633,0.1441
COST,Q4,2010-12-31,2011-03-31,24.2929,1.4683,3.0888,62.7206,104.1403,3.1202,0.197,0.1674,1.7463,0.3633,0.1441
COST,Q1,2011-03-31,2011-05-15,25.1579,1.4698,3.1987,65.9176,109.5312,3.3678,0.1941,0.165,1.7463,0.3633,0.1441
COST,Q2,2011-06-30,2011-08-14,26.2645,1.4827,3.3394,69.2553,115.1143,3.6593,0.1929,0.1639,1.7463,0.3633,0.1441
COST,Q3,2011-09-30,2011-11-14,26.2186,1.2977,3.3336,72.5874,120.943,3.3947,0.1837,0.1561,1.7463,0.3633,0.1441
COST,Q4,2011-12-31,2012-03-30,28.0055,1.2885,3.5608,76.1467,126.7619,3.9189,0.187,0.159,1.7463,0.3633,0.1441
COST,Q1,2012-03-31,2012-05-15,30.1824,1.308,3.8376,79.9827,132.9776,4.1751,0.1919,0.1631,1.7463,0.3633,0.1441
COST,Q2,2012-06-30,2012-08-14,30.9239,1.3706,3.9319,83.9129,139.6766,3.7793,0.1874,0.1593,1.7463,0.3633,0.1441
COST,Q3,2012-09-30,2012-11-14,31.8116,1.3387,4.0447,87.9561,146.5402,3.9014,0.1839,0.1564,1.7463,0.3633,0.1441
COST,Q4,2012-12-31,2013-03-31,29.6269,1.2921,3.767,91.7215,153.6009,3.5147,0.1643,0.1396,1.7463,0.3633,0.1441
COST,Q1,2013-03-31,2013-05-15,28.5182,1.4499,3.626,95.3458,160.1766,3.8741,0.1521,0.1293,1.7463,0.3633,0.1441
COST,Q2,2013-06-30,2013-08-14,27.6473,1.3953,3.5153,98.8594,166.5058,3.6043,0.1422,0.1209,1.7463,0.3633,0.1441
COST,Q3,2013-09-30,2013-11-14,29.3424,1.2673,3.7308,102.5887,172.6418,3.4572,0.1455,0.1236,1.7463,0.3633,0.1441
COST,Q4,2013-12-31,2014-03-31,30.8972,1.3541,3.9285,106.5156,179.1544,3.8925,0.1475,0.1254,1.7463,0.3633,0.1441
COST,Q1,2014-03-31,2014-05-15,29.7485,1.3497,3.7824,110.2964,186.012,3.6915,0.1372,0.1166,1.7463,0.3633,0.1441
COST,Q2,2014-06-30,2014-08-14,30.699,1.2847,3.9033,114.1982,192.6146,4.1498,0.1367,0.1162,1.7463,0.3633,0.1441
COST,Q3,2014-09-30,2014-11-14,30.7995,1.2703,3.916,118.1127,199.4284,4.3255,0.1326,0.1127,1.7463,0.3633,0.1441
COST,Q4,2014-12-31,2015-03-31,29.3601,1.1635,3.733,121.8444,206.2645,3.649,0.1226,0.1042,1.7463,0.3633,0.1441
COST,Q1,2015-03-31,2015-05-15,29.4697,1.2735,3.747,125.5899,212.7812,3.7818,0.1193,0.1014,1.7463,0.3633,0.1441
COST,Q2,2015-06-30,2015-08-14,29.5082,1.1695,3.7519,129.3403,219.3221,3.6781,0.116,0.0986,1.7463,0.3633,0.1441
COST,Q3,2015-09-30,2015-11-14,30.5843,1.314,3.8887,133.2275,225.8717,3.5829,0.1168,0.0992,1.7463,0.3633,0.1441
COST,Q4,2015-12-31,2016-03-30,30.251,1.2538,3.8463,137.0723,232.6599,3.7391,0.1122,0.0954,1.7463,0.3633,0.1441
COST,Q1,2016-03-31,2016-05-15,30.685,1.1153,3.9015,140.9725,239.3743,4.3226,0.1107,0.0941,1.7463,0.3633,0.1441
COST,Q2,2016-06-30,2016-08-14,31.5742,1.0951,4.0146,144.9858,246.1853,4.3063,0.1108,0.0941,1.7463,0.3633,0.1441
COST,Q3,2016-09-30,2016-11-14,32.1257,1.2004,4.0847,149.069,253.1938,3.779,0.1096,0.0932,1.7463,0.3633,0.1441
COST,Q4,2016-12-31,2017-03-31,32.8233,1.2023,4.1734,153.241,260.3246,3.9848,0.1089,0.0926,1.7463,0.3633,0.1441
COST,Q1,2017-03-31,2017-05-15,33.2513,1.1827,4.2278,157.4674,267.6102,3.9133,0.1074,0.0913,1.7463,0.3633,0.1441
COST,Q2,2017-06-30,2017-08-14,34.2472,1.1692,4.3544,161.8204,274.9909,4.8664,0.1076,0.0915,1.7463,0.3633,0.1441
COST,Q3,2017-09-30,2017-11-14,36.0021,1.2136,4.5775,166.3965,282.5927,5.1431,0.11,0.0935,1.7463,0.3633,0.1441
COST,Q4,2017-12-31,2018-03-31,35.6363,1.306,4.531,170.926,290.5842,4.3359,0.106,0.0901,1.7463,0.3633,0.1441
COST,Q1,2018-03-31,2018-05-15,35.2947,1.3487,4.4876,175.412,298.4942,4.9007,0.1023,0.087,1.7463,0.3633,0.1441
COST,Q2,2018-06-30,2018-08-14,34.4864,1.218,4.3848,179.7954,306.3282,4.8197,0.0976,0.0829,1.7463,0.3633,0.1441
COST,Q3,2018-09-30,2018-11-14,36.7831,1.1553,4.6768,184.4709,313.9831,4.3039,0.1014,0.0862,1.7463,0.3633,0.1441
COST,Q4,2018-12-31,2019-03-31,37.7375,1.2662,4.7982,189.2676,322.1481,5.0163,0.1014,0.0862,1.7463,0.3633,0.1441
COST,Q1,2019-03-31,2019-05-15,39.6581,1.2265,5.0424,194.3085,330.5247,5.4559,0.1038,0.0882,1.7463,0.3633,0.1441
COST,Q2,2019-06-30,2019-08-14,36.2958,1.3375,4.6149,198.9218,339.3279,4.4167,0.0928,0.0789,1.7463,0.3633,0.1441
COST,Q3,2019-09-30,2019-11-14,35.0902,1.3446,4.4616,203.3818,347.3843,4.5201,0.0877,0.0746,1.7463,0.3633,0.1441
COST,Q4,2019-12-31,2020-03-30,36.0665,1.4435,4.5857,207.9659,355.173,4.2421,0.0882,0.075,1.7463,0.3633,0.1441
COST,Q1,2020-03-31,2020-05-15,37.7446,1.3524,4.7991,212.7634,363.1782,4.5991,0.0902,0.0767,1.7463,0.3633,0.1441
COST,Q2,2020-06-30,2020-08-14,39.1787,1.3511,4.9814,217.7432,371.5563,5.419,0.0915,0.0778,1.7463,0.3633,0.1441
COST,Q3,2020-09-30,2020-11-14,40.1845,1.4374,5.1093,222.8508,380.2528,4.7633,0.0917,0.078,1.7463,0.3633,0.1441
COST,Q4,2020-12-31,2021-03-31,40.0009,1.543,5.086,227.935,389.1724,5.2263,0.0893,0.0759,1.7463,0.3633,0.1441
COST,Q1,2021-03-31,2021-05-15,42.1874,1.5331,5.364,233.2972,398.051,5.7202,0.092,0.0782,1.7463,0.3633,0.1441
COST,Q2,2021-06-30,2021-08-14,42.9025,1.8075,5.4549,238.7499,407.4152,5.5387,0.0914,0.0777,1.7463,0.3633,0.1441
COST,Q3,2021-09-30,2021-11-14,43.663,1.5901,5.5516,244.2996,416.9375,5.4056,0.0909,0.0773,1.7463,0.3633,0.1441
COST,Q4,2021-12-31,2022-03-31,41.9779,1.7108,5.3373,249.635,426.6292,5.4475,0.0855,0.0727,1.7463,0.3633,0.1441
COST,Q1,2022-03-31,2022-05-15,41.6461,1.728,5.2952,254.9281,435.9465,5.1794,0.0831,0.0706,1.7463,0.3633,0.1441
COST,Q2,2022-06-30,2022-08-14,44.4353,1.6906,5.6498,260.5759,445.1901,5.6993,0.0867,0.0737,1.7463,0.3633,0.1441
COST,Q3,2022-09-30,2022-11-14,47.1981,1.5324,6.0011,266.5752,455.053,6.4514,0.09,0.0765,1.7463,0.3633,0.1441
COST,Q4,2022-12-31,2023-03-31,48.1988,1.5054,6.1283,272.7017,465.5297,6.1718,0.0899,0.0764,1.7463,0.3633,0.1441
COST,Q1,2023-03-31,2023-05-15,50.0688,1.4508,6.3661,279.0661,476.2287,6.08,0.0912,0.0776,1.7463,0.3633,0.1441
COST,Q2,2023-06-30,2023-08-14,54.5281,1.3771,6.933,285.9975,487.3431,7.5203,0.097,0.0824,1.7463,0.3633,0.1441
COST,Q3,2023-09-30,2023-11-14,54.6605,1.4553,6.9499,292.9457,499.4477,6.503,0.0949,0.0807,1.7463,0.3633,0.1441
COST,Q4,2023-12-31,2024-03-30,57.4307,1.3896,7.3021,300.2461,511.5815,7.1931,0.0973,0.0827,1.7463,0.3633,0.1441
COST,Q1,2024-03-31,2024-05-15,58.2199,1.3935,7.4025,307.6469,524.3306,7.5007,0.0962,0.0818,1.7463,0.3633,0.1441
COST,Q2,2024-06-30,2024-08-14,58.7028,1.3057,7.4638,315.1092,537.2549,7.0346,0.0947,0.0805,1.7463,0.3633,0.1441
COST,Q3,2024-09-30,2024-11-14,57.7519,1.2952,7.3429,322.4507,550.2866,7.0919,0.0911,0.0774,1.7463,0.3633,0.1441
COST,Q4,2024-12-31,2025-03-31,61.1537,1.3512,7.7755,330.2246,563.1072,7.4761,0.0942,0.0801,1.7463,0.3633,0.1441
COST,Q1,2025-03-31,2025-05-15,62.349,1.4094,7.9275,338.1503,576.683,7.4614,0.0938,0.0797,1.7463,0.3633,0.1441
COST,Q2,2025-06-30,2025-08-14,64.6097,1.3641,8.2149,346.3636,590.5241,8.887,0.0949,0.0806,1.7463,0.3633,0.1441
COST,Q3,2025-09-30,2025-11-14,64.2756,1.4419,8.1724,354.5343,604.8672,7.8703,0.0922,0.0784,1.7463,0.3633,0.1441
COST,Q4,2025-12-31,2026-03-31,62.9229,1.4916,8.0004,362.533,619.136,8.5891,0.0883,0.075,1.7463,0.3633,0.1441
COST,Q1,2026-03-31,2026-05-15,63.8882,1.6026,8.1232,370.6543,633.1044,8.6537,0.0877,0.0745,1.7463,0.3633,0.1441
PG,Q3,2009-09-30,2009-11-14,21.6835,2.568,2.4906,59.2025,68.7434,2.2925,0.1683,0.143,1.2121,0.4164,0.1006
PG,Q4,2009-12-31,2010-03-31,22.924,2.3744,2.6331,61.8354,71.7621,2.5488,0.1703,0.1448,1.2121,0.4164,0.1006
PG,Q1,2010-03-31,2010-05-15,23.1595,2.3572,2.6602,64.4953,74.9535,2.6174,0.165,0.1402,1.2121,0.4164,0.1006
PG,Q2,2010-06-30,2010-08-14,23.5497,2.6836,2.705,67.2,78.1778,2.4822,0.161,0.1369,1.2121,0.4164,0.1006
PG,Q3,2010-09-30,2010-11-14,23.0973,2.6188,2.653,69.8528,81.4563,2.1838,0.1519,0.1291,1.2121,0.4164,0.1006
PG,Q4,2010-12-31,2011-03-31,23.4313,2.6768,2.6914,72.5439,84.6718,2.3771,0.1484,0.1261,1.2121,0.4164,0.1006
PG,Q1,2011-03-31,2011-05-15,23.8745,2.8293,2.7423,75.2859,87.9338,2.3849,0.1457,0.1238,1.2121,0.4164,0.1006
PG,Q2,2011-06-30,2011-08-14,24.193,2.9932,2.7789,78.0644,91.2575,2.4614,0.1424,0.121,1.2121,0.4164,0.1006
PG,Q3,2011-09-30,2011-11-14,24.2992,3.2813,2.7911,80.8552,94.6255,2.2676,0.1381,0.1174,1.2121,0.4164,0.1006
PG,Q4,2011-12-31,2012-03-30,25.2303,3.109,2.898,83.7529,98.0083,2.3786,0.1384,0.1176,1.2121,0.4164,0.1006
PG,Q1,2012-03-31,2012-05-15,25.0257,2.7596,2.8745,86.6271,101.5207,2.6099,0.1327,0.1128,1.2121,0.4164,0.1006
PG,Q2,2012-06-30,2012-08-14,25.3508,2.9331,2.9119,89.5387,105.0047,2.8147,0.1301,0.1106,1.2121,0.4164,0.1006
PG,Q3,2012-09-30,2012-11-14,25.8201,3.0648,2.9658,92.5041,108.534,2.6118,0.1282,0.109,1.2121,0.4164,0.1006
PG,Q4,2012-12-31,2013-03-31,26.5947,3.396,3.0547,95.5585,112.1285,2.5516,0.1279,0.1087,1.2121,0.4164,0.1006
PG,Q1,2013-03-31,2013-05-15,27.4583,2.9668,3.1539,98.7122,115.8309,2.8901,0.1278,0.1086,1.2121,0.4164,0.1006
PG,Q2,2013-06-30,2013-08-14,27.2009,3.161,3.1244,101.8362,119.6536,2.7336,0.1227,0.1043,1.2121,0.4164,0.1006
PG,Q3,2013-09-30,2013-11-14,28.1424,3.0126,3.2325,105.0684,123.4404,2.7042,0.1231,0.1046,1.2121,0.4164,0.1006
PG,Q4,2013-12-31,2014-03-31,27.8698,2.8537,3.2012,108.2693,127.3583,3.065,0.1183,0.1005,1.2121,0.4164,0.1006
PG,Q1,2014-03-31,2014-05-15,31.2138,2.5895,3.5853,111.8543,131.2382,2.934,0.1282,0.109,1.2121,0.4164,0.1006
PG,Q2,2014-06-30,2014-08-14,31.3634,2.5064,3.6025,115.4566,135.5838,3.5333,0.1248,0.1061,1.2121,0.4164,0.1006
PG,Q3,2014-09-30,2014-11-14,31.8222,2.3169,3.6552,119.1115,139.9503,3.5825,0.1227,0.1043,1.2121,0.4164,0.1006
PG,Q4,2014-12-31,2015-03-31,33.7127,2.4389,3.8723,122.9836,144.3806,3.3258,0.1259,0.1071,1.2121,0.4164,0.1006
PG,Q1,2015-03-31,2015-05-15,33.5994,2.3137,3.8593,126.8427,149.0741,3.2614,0.1217,0.1034,1.2121,0.4164,0.1006
PG,Q2,2015-06-30,2015-08-14,36.2954,2.2886,4.169,131.0114,153.7519,3.9921,0.1273,0.1082,1.2121,0.4164,0.1006
PG,Q3,2015-09-30,2015-11-14,35.7951,2.2658,4.1115,135.1227,158.805,3.6039,0.1217,0.1035,1.2121,0.4164,0.1006
PG,Q4,2015-12-31,2016-03-30,38.5641,2.3478,4.4296,139.5521,163.7885,4.0886,0.127,0.1079,1.2121,0.4164,0.1006
PG,Q1,2016-03-31,2016-05-15,39.8296,2.4985,4.5749,144.1267,169.1575,3.7164,0.127,0.1079,1.2121,0.4164,0.1006
PG,Q2,2016-06-30,2016-08-14,40.5236,2.1905,4.6547,148.7812,174.7027,4.5055,0.1251,0.1064,1.2121,0.4164,0.1006
PG,Q3,2016-09-30,2016-11-14,42.8253,2.0128,4.919,153.7,180.3446,4.3572,0.128,0.1088,1.2121,0.4164,0.1006
PG,Q4,2016-12-31,2017-03-31,44.4777,1.9629,5.1088,158.8086,186.3069,4.3947,0.1287,0.1094,1.2121,0.4164,0.1006
PG,Q1,2017-03-31,2017-05-15,48.1723,2.1326,5.5332,164.3416,192.4993,5.187,0.1347,0.1145,1.2121,0.4164,0.1006
PG,Q2,2017-06-30,2017-08-14,47.923,2.3376,5.5046,169.8459,199.2061,5.4066,0.1296,0.1102,1.2121,0.4164,0.1006
PG,Q3,2017-09-30,2017-11-14,50.6734,2.473,5.8205,175.6662,205.8781,5.652,0.1325,0.1127,1.2121,0.4164,0.1006
PG,Q4,2017-12-31,2018-03-31,50.3021,2.5854,5.7778,181.4438,212.9331,4.9064,0.1274,0.1083,1.2121,0.4164,0.1006
PG,Q1,2018-03-31,2018-05-15,51.4133,2.6868,5.9055,187.3489,219.9364,5.639,0.1261,0.1072,1.2121,0.4164,0.1006
PG,Q2,2018-06-30,2018-08-14,51.7197,2.8626,5.9407,193.2893,227.0943,5.6743,0.1229,0.1045,1.2121,0.4164,0.1006
PG,Q3,2018-09-30,2018-11-14,53.1033,2.9316,6.0996,199.3886,234.2949,5.597,0.1224,0.104,1.2121,0.4164,0.1006
PG,Q4,2018-12-31,2019-03-31,56.3452,2.8605,6.472,205.8603,241.6882,5.7821,0.1258,0.1069,1.2121,0.4164,0.1006
PG,Q1,2019-03-31,2019-05-15,58.1621,2.9595,6.6807,212.5406,249.5328,6.054,0.1257,0.1069,1.2121,0.4164,0.1006
PG,Q2,2019-06-30,2019-08-14,60.398,3.1504,6.9375,219.4778,257.6304,5.6635,0.1264,0.1075,1.2121,0.4164,0.1006
PG,Q3,2019-09-30,2019-11-14,59.5937,3.8098,6.8451,226.3225,266.0392,6.2656,0.121,0.1028,1.2121,0.4164,0.1006
PG,Q4,2019-12-31,2020-03-30,59.4112,3.9273,6.8241,233.1462,274.336,5.8149,0.1171,0.0995,1.2121,0.4164,0.1006
PG,Q1,2020-03-31,2020-05-15,61.992,3.5898,7.1206,240.2664,282.6073,5.9367,0.1185,0.1008,1.2121,0.4164,0.1006
PG,Q2,2020-06-30,2020-08-14,68.0055,3.802,7.8113,248.0773,291.2381,7.5801,0.1259,0.1071,1.2121,0.4164,0.1006
PG,Q3,2020-09-30,2020-11-14,72.0169,4.3521,8.2721,256.349,300.706,6.9642,0.1291,0.1097,1.2121,0.4164,0.1006
PG,Q4,2020-12-31,2021-03-31,75.5345,4.8009,8.6761,265.0246,310.7324,7.2202,0.1309,0.1113,1.2121,0.4164,0.1006
PG,Q1,2021-03-31,2021-05-15,79.5349,5.3228,9.1356,274.1596,321.2485,8.9375,0.1333,0.1133,1.2121,0.4164,0.1006
PG,Q2,2021-06-30,2021-08-14,80.2182,5.2658,9.2141,283.3732,332.3216,8.0418,0.1301,0.1106,1.2121,0.4164,0.1006
PG,Q3,2021-09-30,2021-11-14,77.2644,4.6142,8.8748,292.2475,343.4897,8.0155,0.1215,0.1032,1.2121,0.4164,0.1006
PG,Q4,2021-12-31,2022-03-31,74.306,4.8402,8.535,300.782,354.2467,8.3077,0.1135,0.0965,1.2121,0.4164,0.1006
PG,Q1,2022-03-31,2022-05-15,75.4131,4.8213,8.6622,309.4436,364.5918,7.442,0.112,0.0952,1.2121,0.4164,0.1006
PG,Q2,2022-06-30,2022-08-14,76.3183,4.3528,8.7661,318.2093,375.091,8.3502,0.1102,0.0937,1.2121,0.4164,0.1006
PG,Q3,2022-09-30,2022-11-14,79.7288,4.1706,9.1579,327.3668,385.7163,8.0217,0.1119,0.0951,1.2121,0.4164,0.1006
PG,Q4,2022-12-31,2023-03-31,82.9283,4.3248,9.5254,336.8917,396.8164,9.3098,0.1131,0.0961,1.2121,0.4164,0.1006
PG,Q1,2023-03-31,2023-05-15,84.0294,4.6455,9.6519,346.5431,408.362,8.6066,0.1114,0.0947,1.2121,0.4164,0.1006
PG,Q2,2023-06-30,2023-08-14,81.7305,4.3854,9.3878,355.9304,420.0609,7.665,0.1055,0.0897,1.2121,0.4164,0.1006
PG,Q3,2023-09-30,2023-11-14,82.7193,4.4742,9.5014,365.4313,431.4397,8.893,0.104,0.0884,1.2121,0.4164,0.1006
PG,Q4,2023-12-31,2024-03-30,81.7968,4.3763,9.3954,374.8263,442.9562,8.7931,0.1003,0.0852,1.2121,0.4164,0.1006
PG,Q1,2024-03-31,2024-05-15,86.2838,4.3758,9.9108,384.7367,454.3443,9.6857,0.103,0.0876,1.2121,0.4164,0.1006
PG,Q2,2024-06-30,2024-08-14,87.5126,4.5332,10.052,394.7881,466.3571,9.0929,0.1018,0.0866,1.2121,0.4164,0.1006
PG,Q3,2024-09-30,2024-11-14,89.6996,4.963,10.3032,405.0908,478.541,8.5424,0.1017,0.0865,1.2121,0.4164,0.1006
PG,Q4,2024-12-31,2025-03-31,91.0122,4.7988,10.4539,415.5442,491.0293,9.5431,0.1006,0.0855,1.2121,0.4164,0.1006
PG,Q1,2025-03-31,2025-05-15,91.6392,4.5943,10.5259,426.0697,503.7004,9.7902,0.0988,0.084,1.2121,0.4164,0.1006
PG,Q2,2025-06-30,2025-08-14,89.1464,4.7649,10.2396,436.3088,516.4588,9.5948,0.0939,0.0798,1.2121,0.4164,0.1006
PG,Q3,2025-09-30,2025-11-14,89.8894,5.1882,10.3249,446.6332,528.8701,8.8418,0.0925,0.0786,1.2121,0.4164,0.1006
PG,Q4,2025-12-31,2026-03-31,96.4186,4.9001,11.0749,457.7076,541.3848,10.8841,0.0968,0.0823,1.2121,0.4164,0.1006
PG,Q1,2026-03-31,2026-05-15,100.9448,4.8123,11.5948,469.3019,554.8086,10.107,0.0988,0.084,1.2121,0.4164,0.1006
KO,Q3,2009-09-30,2009-11-14,34.7511,0.9279,2.5713,51.8028,56.5596,2.015,0.1985,0.1688,1.1488,0.3277,0.1374
KO,Q4,2009-12-31,2010-03-31,34.2656,1.0596,2.5354,54.3367,59.5121,2.3178,0.1866,0.1586,1.1488,0.3277,0.1374
KO,Q1,2010-03-31,2010-05-15,32.8667,0.9708,2.4319,56.7672,62.4231,2.1204,0.1714,0.1457,1.1488,0.3277,0.1374
KO,Q2,2010-06-30,2010-08-14,32.5958,1.0831,2.4119,59.1775,65.2153,2.2167,0.163,0.1386,1.1488,0.3277,0.1374
KO,Q3,2010-09-30,2010-11-14,34.2016,1.1279,2.5307,61.7066,67.9843,2.0751,0.164,0.1394,1.1488,0.3277,0.1374
KO,Q4,2010-12-31,2011-03-31,34.3223,1.1225,2.5396,64.2446,70.8898,2.0091,0.1581,0.1344,1.1488,0.3277,0.1374
KO,Q1,2011-03-31,2011-05-15,35.6666,1.0096,2.6391,66.8822,73.8055,2.4056,0.1578,0.1342,1.1488,0.3277,0.1374
KO,Q2,2011-06-30,2011-08-14,36.5712,1.071,2.706,69.5867,76.8356,2.4104,0.1555,0.1322,1.1488,0.3277,0.1374
KO,Q3,2011-09-30,2011-11-14,36.5975,1.136,2.708,72.293,79.9426,2.2716,0.1498,0.1274,1.1488,0.3277,0.1374
KO,Q4,2011-12-31,2012-03-30,35.7986,0.9959,2.6488,74.9404,83.0517,2.2767,0.1414,0.1202,1.1488,0.3277,0.1374
KO,Q1,2012-03-31,2012-05-15,36.7317,1.1092,2.7179,77.6567,86.0931,2.1964,0.14,0.119,1.1488,0.3277,0.1374
KO,Q2,2012-06-30,2012-08-14,38.4646,1.031,2.8461,80.5013,89.2136,2.5353,0.1414,0.1202,1.1488,0.3277,0.1374
KO,Q3,2012-09-30,2012-11-14,37.932,1.07,2.8067,83.3065,92.4816,2.5673,0.1348,0.1146,1.1488,0.3277,0.1374
KO,Q4,2012-12-31,2013-03-31,38.7194,1.0087,2.865,86.17,95.7042,2.4777,0.133,0.113,1.1488,0.3277,0.1374
KO,Q1,2013-03-31,2013-05-15,38.4848,0.9923,2.8476,89.0162,98.9939,2.2644,0.128,0.1088,1.1488,0.3277,0.1374
KO,Q2,2013-06-30,2013-08-14,37.558,1.1843,2.779,91.7935,102.2636,2.5183,0.1211,0.1029,1.1488,0.3277,0.1374
KO,Q3,2013-09-30,2013-11-14,38.6136,1.0328,2.8571,94.6492,105.4543,2.2224,0.1207,0.1026,1.1488,0.3277,0.1374
KO,Q4,2013-12-31,2014-03-31,37.3573,1.221,2.7642,97.4116,108.7349,2.4632,0.1135,0.0965,1.1488,0.3277,0.1374
KO,Q1,2014-03-31,2014-05-15,40.6036,1.2822,3.0044,100.4141,111.9084,2.7488,0.1197,0.1017,1.1488,0.3277,0.1374
KO,Q2,2014-06-30,2014-08-14,40.914,1.2872,3.0273,103.4396,115.3578,2.812,0.1171,0.0995,1.1488,0.3277,0.1374
KO,Q3,2014-09-30,2014-11-14,42.1695,1.3294,3.1202,106.558,118.8335,2.4719,0.1171,0.0996,1.1488,0.3277,0.1374
KO,Q4,2014-12-31,2015-03-31,40.9439,1.3567,3.0296,109.5856,122.416,2.4784,0.1106,0.094,1.1488,0.3277,0.1374
KO,Q1,2015-03-31,2015-05-15,42.5511,1.4208,3.1485,112.732,125.8941,2.7047,0.1117,0.095,1.1488,0.3277,0.1374
KO,Q2,2015-06-30,2015-08-14,41.531,1.4723,3.073,115.8029,129.5088,2.5192,0.1061,0.0902,1.1488,0.3277,0.1374
KO,Q3,2015-09-30,2015-11-14,40.162,1.477,2.9717,118.7725,133.0367,2.6675,0.1001,0.0851,1.1488,0.3277,0.1374
KO,Q4,2015-12-31,2016-03-30,42.755,1.3572,3.1636,121.9341,136.4483,2.7722,0.1038,0.0882,1.1488,0.3277,0.1374
KO,Q1,2016-03-31,2016-05-15,42.9381,1.2179,3.1771,125.1095,140.0804,2.648,0.1016,0.0863,1.1488,0.3277,0.1374
KO,Q2,2016-06-30,2016-08-14,41.4435,1.1468,3.0665,128.1743,143.7283,2.7338,0.0957,0.0813,1.1488,0.3277,0.1374
KO,Q3,2016-09-30,2016-11-14,42.6885,1.2341,3.1586,131.3312,147.2493,2.6463,0.0962,0.0818,1.1488,0.3277,0.1374
KO,Q4,2016-12-31,2017-03-31,42.3236,1.2299,3.1316,134.4611,150.876,2.589,0.0932,0.0792,1.1488,0.3277,0.1374
KO,Q1,2017-03-31,2017-05-15,41.6158,1.1622,3.0793,137.5387,154.4717,2.8445,0.0896,0.0761,1.1488,0.3277,0.1374
KO,Q2,2017-06-30,2017-08-14,41.9687,1.1632,3.1054,140.6424,158.0073,2.6794,0.0883,0.0751,1.1488,0.3277,0.1374
KO,Q3,2017-09-30,2017-11-14,41.3178,1.3083,3.0572,143.6978,161.5729,2.8024,0.0851,0.0723,1.1488,0.3277,0.1374
KO,Q4,2017-12-31,2018-03-31,38.3453,1.3213,2.8373,146.5331,165.0829,2.507,0.0775,0.0658,1.1488,0.3277,0.1374
KO,Q1,2018-03-31,2018-05-15,38.0874,1.2581,2.8182,149.3495,168.3403,2.2782,0.0755,0.0642,1.1488,0.3277,0.1374
KO,Q2,2018-06-30,2018-08-14,38.3431,1.411,2.8371,152.1846,171.5758,2.5358,0.0746,0.0634,1.1488,0.3277,0.1374
KO,Q3,2018-09-30,2018-11-14,39.3459,1.4633,2.9113,155.0938,174.8328,2.475,0.0751,0.0638,1.1488,0.3277,0.1374
KO,Q4,2018-12-31,2019-03-31,41.6463,1.7237,3.0815,158.1729,178.175,2.7865,0.0779,0.0662,1.1488,0.3277,0.1374
KO,Q1,2019-03-31,2019-05-15,39.264,1.8723,2.9053,161.0755,181.7123,2.689,0.0721,0.0613,1.1488,0.3277,0.1374
KO,Q2,2019-06-30,2019-08-14,40.3381,1.7656,2.9847,164.0577,185.0468,2.4364,0.0728,0.0619,1.1488,0.3277,0.1374
KO,Q3,2019-09-30,2019-11-14,41.0257,1.6945,3.0356,167.0909,188.4728,2.5316,0.0727,0.0618,1.1488,0.3277,0.1374
KO,Q4,2019-12-31,2020-03-30,41.3714,1.6946,3.0612,170.1496,191.9574,2.5286,0.072,0.0612,1.1488,0.3277,0.1374
KO,Q1,2020-03-31,2020-05-15,38.5161,1.646,2.8499,172.9972,195.4714,2.6749,0.0659,0.056,1.1488,0.3277,0.1374
KO,Q2,2020-06-30,2020-08-14,37.9277,1.8023,2.8064,175.801,198.7427,2.2392,0.0639,0.0543,1.1488,0.3277,0.1374
KO,Q3,2020-09-30,2020-11-14,37.8713,1.9427,2.8022,178.6004,201.9637,2.5573,0.0628,0.0533,1.1488,0.3277,0.1374
KO,Q4,2020-12-31,2021-03-31,36.217,1.9015,2.6798,181.2775,205.1798,2.4702,0.0591,0.0503,1.1488,0.3277,0.1374
KO,Q1,2021-03-31,2021-05-15,36.4789,1.9688,2.6992,183.9738,208.2553,2.4064,0.0587,0.0499,1.1488,0.3277,0.1374
KO,Q2,2021-06-30,2021-08-14,37.1733,2.0066,2.7506,186.7215,211.3529,2.555,0.0589,0.0501,1.1488,0.3277,0.1374
KO,Q3,2021-09-30,2021-11-14,36.2304,1.867,2.6808,189.3996,214.5095,2.2215,0.0566,0.0481,1.1488,0.3277,0.1374
KO,Q4,2021-12-31,2022-03-31,35.1667,1.9124,2.6021,191.999,217.5862,2.2648,0.0542,0.0461,1.1488,0.3277,0.1374
KO,Q1,2022-03-31,2022-05-15,36.3935,1.7762,2.6929,194.6893,220.5723,2.4472,0.0553,0.047,1.1488,0.3277,0.1374
KO,Q2,2022-06-30,2022-08-14,36.5956,1.8044,2.7078,197.3945,223.663,2.1963,0.0549,0.0466,1.1488,0.3277,0.1374
KO,Q3,2022-09-30,2022-11-14,34.9803,2.0589,2.5883,199.9799,226.7708,2.2749,0.0518,0.044,1.1488,0.3277,0.1374
KO,Q4,2022-12-31,2023-03-31,36.8631,2.1522,2.7276,202.7044,229.7409,2.1178,0.0538,0.0458,1.1488,0.3277,0.1374
KO,Q1,2023-03-31,2023-05-15,35.6364,2.4513,2.6368,205.3377,232.8709,2.3918,0.0514,0.0437,1.1488,0.3277,0.1374
KO,Q2,2023-06-30,2023-08-14,34.3465,2.0687,2.5414,207.8761,235.8962,2.1761,0.0489,0.0416,1.1488,0.3277,0.1374
KO,Q3,2023-09-30,2023-11-14,34.9119,2.052,2.5832,210.4564,238.8124,2.0781,0.0491,0.0417,1.1488,0.3277,0.1374
KO,Q4,2023-12-31,2024-03-30,36.1779,2.1504,2.6769,213.1303,241.7766,2.4308,0.0502,0.0427,1.1488,0.3277,0.1374
KO,Q1,2024-03-31,2024-05-15,35.2196,2.2758,2.606,215.733,244.8484,2.1391,0.0483,0.0411,1.1488,0.3277,0.1374
KO,Q2,2024-06-30,2024-08-14,35.9123,2.4264,2.6572,218.3868,247.8385,2.2821,0.0487,0.0414,1.1488,0.3277,0.1374
KO,Q3,2024-09-30,2024-11-14,36.1532,2.4906,2.6751,221.0583,250.8872,2.3271,0.0484,0.0411,1.1488,0.3277,0.1374
KO,Q4,2024-12-31,2025-03-31,36.8989,2.7971,2.7303,223.7845,253.9563,2.1274,0.0488,0.0415,1.1488,0.3277,0.1374
KO,Q1,2025-03-31,2025-05-15,36.3156,2.6695,2.6871,226.4678,257.0882,2.1735,0.0475,0.0403,1.1488,0.3277,0.1374
KO,Q2,2025-06-30,2025-08-14,38.2327,3.0064,2.8289,229.2924,260.1708,2.2861,0.0494,0.0419,1.1488,0.3277,0.1374
KO,Q3,2025-09-30,2025-11-14,36.7135,3.1488,2.7165,232.0045,263.4158,2.1363,0.0468,0.0398,1.1488,0.3277,0.1374
KO,Q4,2025-12-31,2026-03-31,39.7543,2.7391,2.9415,234.9421,266.5315,2.7549,0.0501,0.0426,1.1488,0.3277,0.1374
KO,Q1,2026-03-31,2026-05-15,39.6692,2.8332,2.9352,237.8733,269.9063,2.6164,0.0494,0.042,1.1488,0.3277,0.1374
PEP,Q3,2009-09-30,2009-11-14,15.3149,1.7334,1.4805,39.7091,67.0235,1.302,0.1491,0.1268,1.7532,0.3709,0.1086
PEP,Q4,2009-12-31,2010-03-31,15.8769,1.6791,1.5348,41.2436,69.6186,1.4709,0.1489,0.1265,1.7532,0.3709,0.1086
PEP,Q1,2010-03-31,2010-05-15,16.7325,1.788,1.6175,42.8608,72.309,1.3393,0.151,0.1283,1.7532,0.3709,0.1086
PEP,Q2,2010-06-30,2010-08-14,17.1358,1.7619,1.6565,44.517,75.1443,1.4311,0.1488,0.1265,1.7532,0.3709,0.1086
PEP,Q3,2010-09-30,2010-11-14,17.8827,2.031,1.7287,46.2454,78.048,1.5225,0.1495,0.1271,1.7532,0.3709,0.1086
PEP,Q4,2010-12-31,2011-03-31,18.0316,1.935,1.7431,47.9882,81.0782,1.7374,0.1453,0.1235,1.7532,0.3709,0.1086
PEP,Q1,2011-03-31,2011-05-15,17.9742,1.7219,1.7376,49.7254,84.1336,1.7399,0.1398,0.1188,1.7532,0.3709,0.1086
PEP,Q2,2011-06-30,2011-08-14,18.8949,1.3298,1.8266,51.5518,87.1794,1.7467,0.1417,0.1205,1.7532,0.3709,0.1086
PEP,Q3,2011-09-30,2011-11-14,19.8305,1.4657,1.917,53.4685,90.3814,1.8638,0.1434,0.1219,1.7532,0.3709,0.1086
PEP,Q4,2011-12-31,2012-03-30,19.699,1.5648,1.9043,55.3726,93.7419,1.7063,0.1376,0.1169,1.7532,0.3709,0.1086
PEP,Q1,2012-03-31,2012-05-15,20.0748,1.3053,1.9406,57.313,97.0801,1.8949,0.1354,0.1151,1.7532,0.3709,0.1086
PEP,Q2,2012-06-30,2012-08-14,20.4843,1.3142,1.9802,59.293,100.482,1.6307,0.1336,0.1136,1.7532,0.3709,0.1086
PEP,Q3,2012-09-30,2012-11-14,21.4258,1.3743,2.0712,61.364,103.9534,1.8014,0.135,0.1148,1.7532,0.3709,0.1086
PEP,Q4,2012-12-31,2013-03-31,21.1887,1.2062,2.0483,63.4121,107.5843,1.7484,0.1292,0.1098,1.7532,0.3709,0.1086
PEP,Q1,2013-03-31,2013-05-15,21.1125,1.1128,2.041,65.4528,111.175,1.7347,0.1247,0.106,1.7532,0.3709,0.1086
PEP,Q2,2013-06-30,2013-08-14,20.5325,1.2096,1.9849,67.4375,114.7529,1.7436,0.1177,0.1001,1.7532,0.3709,0.1086
PEP,Q3,2013-09-30,2013-11-14,21.2088,1.2388,2.0503,69.4875,118.2325,1.9412,0.118,0.1003,1.7532,0.3709,0.1086
PEP,Q4,2013-12-31,2014-03-31,20.2652,1.2173,1.9591,71.4464,121.8266,1.6556,0.1097,0.0932,1.7532,0.3709,0.1086
PEP,Q1,2014-03-31,2014-05-15,20.8029,1.3064,2.011,73.4571,125.2609,1.7698,0.1095,0.0931,1.7532,0.3709,0.1086
PEP,Q2,2014-06-30,2014-08-14,22.6191,1.4047,2.1866,75.6435,128.7862,2.0934,0.1156,0.0983,1.7532,0.3709,0.1086
PEP,Q3,2014-09-30,2014-11-14,21.8289,1.4271,2.1102,77.7534,132.6194,2.0945,0.1086,0.0923,1.7532,0.3709,0.1086
PEP,Q4,2014-12-31,2015-03-31,22.7755,1.4484,2.2017,79.9549,136.3186,2.0382,0.1101,0.0936,1.7532,0.3709,0.1086
PEP,Q1,2015-03-31,2015-05-15,24.009,1.5406,2.321,82.2756,140.1782,2.0498,0.1128,0.0959,1.7532,0.3709,0.1086
PEP,Q2,2015-06-30,2015-08-14,23.4449,1.4842,2.2664,84.5417,144.2468,2.0978,0.1072,0.0911,1.7532,0.3709,0.1086
PEP,Q3,2015-09-30,2015-11-14,24.1132,1.5334,2.331,86.8725,148.2199,2.0169,0.1073,0.0912,1.7532,0.3709,0.1086
PEP,Q4,2015-12-31,2016-03-30,24.4035,1.5512,2.3591,89.2313,152.3062,2.2667,0.1058,0.0899,1.7532,0.3709,0.1086
PEP,Q1,2016-03-31,2016-05-15,25.9789,1.6211,2.5114,91.7424,156.4418,2.133,0.1095,0.0931,1.7532,0.3709,0.1086
PEP,Q2,2016-06-30,2016-08-14,27.5003,1.6748,2.6585,94.4006,160.8443,2.2544,0.1126,0.0957,1.7532,0.3709,0.1086
PEP,Q3,2016-09-30,2016-11-14,26.9199,1.758,2.6024,97.0026,165.5046,2.1674,0.1073,0.0912,1.7532,0.3709,0.1086
PEP,Q4,2016-12-31,2017-03-31,26.3241,1.796,2.5448,99.5471,170.0665,2.2878,0.1023,0.0869,1.7532,0.3709,0.1086
PEP,Q1,2017-03-31,2017-05-15,25.604,1.8531,2.4752,102.0219,174.5275,2.1069,0.097,0.0825,1.7532,0.3709,0.1086
PEP,Q2,2017-06-30,2017-08-14,27.2266,2.0501,2.632,104.6535,178.8664,2.5586,0.1006,0.0855,1.7532,0.3709,0.1086
PEP,Q3,2017-09-30,2017-11-14,27.8024,2.1492,2.6877,107.3408,183.4802,2.4488,0.1002,0.0851,1.7532,0.3709,0.1086
PEP,Q4,2017-12-31,2018-03-31,26.5072,2.3708,2.5625,109.9028,188.1916,2.5341,0.0933,0.0793,1.7532,0.3709,0.1086
PEP,Q1,2018-03-31,2018-05-15,27.3298,2.3692,2.642,112.5444,192.6834,2.2098,0.0939,0.0798,1.7532,0.3709,0.1086
PEP,Q2,2018-06-30,2018-08-14,27.8585,2.3873,2.6931,115.237,197.3146,2.4821,0.0935,0.0795,1.7532,0.3709,0.1086
PEP,Q3,2018-09-30,2018-11-14,26.5702,2.3656,2.5686,117.8052,202.0354,2.3509,0.0872,0.0741,1.7532,0.3709,0.1086
PEP,Q4,2018-12-31,2019-03-31,27.2771,2.5913,2.6369,120.4416,206.5379,2.5814,0.0876,0.0744,1.7532,0.3709,0.1086
PEP,Q1,2019-03-31,2019-05-15,27.2128,2.5458,2.6307,123.0718,211.1601,2.2925,0.0855,0.0727,1.7532,0.3709,0.1086
PEP,Q2,2019-06-30,2019-08-14,27.8503,2.4146,2.6923,125.7637,215.7715,2.3625,0.0856,0.0728,1.7532,0.3709,0.1086
PEP,Q3,2019-09-30,2019-11-14,30.4386,2.583,2.9425,128.7057,220.4909,2.6713,0.0914,0.0777,1.7532,0.3709,0.1086
PEP,Q4,2019-12-31,2020-03-30,30.609,2.6454,2.959,131.6642,225.6489,2.5372,0.0899,0.0764,1.7532,0.3709,0.1086
PEP,Q1,2020-03-31,2020-05-15,30.543,2.5982,2.9526,134.6164,230.8358,2.4372,0.0877,0.0746,1.7532,0.3709,0.1086
PEP,Q2,2020-06-30,2020-08-14,30.9875,2.6961,2.9956,137.6114,236.0116,2.4869,0.0871,0.074,1.7532,0.3709,0.1086
PEP,Q3,2020-09-30,2020-11-14,29.3517,2.8043,2.8374,140.4484,241.2626,2.3812,0.0808,0.0687,1.7532,0.3709,0.1086
PEP,Q4,2020-12-31,2021-03-31,28.4181,2.6812,2.7472,143.1951,246.2363,2.7532,0.0767,0.0652,1.7532,0.3709,0.1086
PEP,Q1,2021-03-31,2021-05-15,29.0248,2.7302,2.8058,146.0004,251.0519,2.3829,0.0769,0.0653,1.7532,0.3709,0.1086
PEP,Q2,2021-06-30,2021-08-14,29.792,2.7214,2.88,148.8799,255.9703,2.7267,0.0774,0.0658,1.7532,0.3709,0.1086
PEP,Q3,2021-09-30,2021-11-14,29.5659,2.7301,2.8582,151.7376,261.0187,2.7659,0.0753,0.064,1.7532,0.3709,0.1086
PEP,Q4,2021-12-31,2022-03-31,32.1942,2.6673,3.1122,154.8493,266.0288,2.6016,0.0804,0.0683,1.7532,0.3709,0.1086
PEP,Q1,2022-03-31,2022-05-15,32.1262,2.812,3.1057,157.9545,271.4843,3.0117,0.0786,0.0668,1.7532,0.3709,0.1086
PEP,Q2,2022-06-30,2022-08-14,32.4978,3.0399,3.1416,161.0955,276.9283,2.7056,0.078,0.0663,1.7532,0.3709,0.1086
PEP,Q3,2022-09-30,2022-11-14,31.0588,3.0781,3.0025,164.0974,282.4352,2.7902,0.0732,0.0622,1.7532,0.3709,0.1086
PEP,Q4,2022-12-31,2023-03-31,29.5961,3.2,2.8611,166.9579,287.6982,2.5306,0.0685,0.0583,1.7532,0.3709,0.1086
PEP,Q1,2023-03-31,2023-05-15,30.2236,3.1328,2.9217,169.8791,292.7133,2.6467,0.0688,0.0585,1.7532,0.3709,0.1086
PEP,Q2,2023-06-30,2023-08-14,30.359,3.1661,2.9348,172.8133,297.8347,2.7843,0.0679,0.0577,1.7532,0.3709,0.1086
PEP,Q3,2023-09-30,2023-11-14,30.2853,2.77,2.9277,175.7405,302.9791,2.6987,0.0666,0.0566,1.7532,0.3709,0.1086
PEP,Q4,2023-12-31,2024-03-30,31.5709,2.7514,3.052,178.792,308.111,2.6344,0.0683,0.058,1.7532,0.3709,0.1086
PEP,Q1,2024-03-31,2024-05-15,34.8458,2.6433,3.3686,182.16,313.4609,2.9292,0.074,0.0629,1.7532,0.3709,0.1086
PEP,Q2,2024-06-30,2024-08-14,32.2423,2.5733,3.1169,185.2765,319.3659,2.8424,0.0673,0.0572,1.7532,0.3709,0.1086
PEP,Q3,2024-09-30,2024-11-14,34.5674,2.5337,3.3417,188.6176,324.8296,2.9982,0.0709,0.0602,1.7532,0.3709,0.1086
PEP,Q4,2024-12-31,2025-03-31,33.5348,2.7184,3.2418,191.859,330.6875,3.0064,0.0676,0.0574,1.7532,0.3709,0.1086
PEP,Q1,2025-03-31,2025-05-15,33.8368,2.5541,3.271,195.1295,336.3702,3.0382,0.0671,0.057,1.7532,0.3709,0.1086
PEP,Q2,2025-06-30,2025-08-14,37.3863,2.4335,3.6142,198.7432,342.1042,3.1056,0.0727,0.0618,1.7532,0.3709,0.1086
PEP,Q3,2025-09-30,2025-11-14,35.9446,2.5273,3.4748,202.2176,348.4398,3.0424,0.0687,0.0584,1.7532,0.3709,0.1086
PEP,Q4,2025-12-31,2026-03-31,36.3093,2.3812,3.51,205.7272,354.5311,2.9054,0.0682,0.058,1.7532,0.3709,0.1086
PEP,Q1,2026-03-31,2026-05-15,36.1989,2.6522,3.4994,209.2261,360.6842,2.9856,0.0669,0.0569,1.7532,0.3709,0.1086
UNH,Q3,2009-09-30,2009-11-14,17.2536,3.5821,3.5627,80.2377,40.7418,3.2604,0.1776,0.151,0.5314,0.7476,0.2683
UNH,Q4,2009-12-31,2010-03-31,17.8228,4.1476,3.6802,83.9176,42.6346,3.1654,0.1754,0.1491,0.5314,0.7476,0.2683
UNH,Q1,2010-03-31,2010-05-15,18.9555,4.3082,3.9141,87.8313,44.5899,3.9262,0.1783,0.1515,0.5314,0.7476,0.2683
UNH,Q2,2010-06-30,2010-08-14,19.7036,4.5675,4.0686,91.8994,46.6695,3.9837,0.1771,0.1505,0.5314,0.7476,0.2683
UNH,Q3,2010-09-30,2010-11-14,19.3384,4.4682,3.9932,95.8922,48.8311,3.9376,0.1666,0.1416,0.5314,0.7476,0.2683
UNH,Q4,2010-12-31,2011-03-31,19.9738,4.2702,4.1244,100.0162,50.9527,3.6358,0.1649,0.1402,0.5314,0.7476,0.2683
UNH,Q1,2011-03-31,2011-05-15,20.0001,4.5518,4.1298,104.1456,53.144,3.7594,0.1586,0.1348,0.5314,0.7476,0.2683
UNH,Q2,2011-06-30,2011-08-14,20.4106,4.4625,4.2146,108.3597,55.3381,3.9175,0.1556,0.1322,0.5314,0.7476,0.2683
UNH,Q3,2011-09-30,2011-11-14,20.0125,3.8748,4.1324,112.4917,57.5773,3.6965,0.1469,0.1249,0.5314,0.7476,0.2683
UNH,Q4,2011-12-31,2012-03-30,20.8786,3.7578,4.3112,116.8026,59.7729,3.7338,0.1476,0.1255,0.5314,0.7476,0.2683
UNH,Q1,2012-03-31,2012-05-15,22.5064,3.794,4.6474,121.4496,62.0635,4.6103,0.1531,0.1301,0.5314,0.7476,0.2683
UNH,Q2,2012-06-30,2012-08-14,24.3825,4.8151,5.0347,126.4838,64.5327,4.9721,0.1592,0.1353,0.5314,0.7476,0.2683
UNH,Q3,2012-09-30,2012-11-14,24.8911,4.5809,5.1398,131.6232,67.2077,4.6668,0.1562,0.1328,0.5314,0.7476,0.2683
UNH,Q4,2012-12-31,2013-03-31,25.9063,4.5696,5.3494,136.9721,69.9385,4.8468,0.1562,0.1328,0.5314,0.7476,0.2683
UNH,Q1,2013-03-31,2013-05-15,26.9115,4.5754,5.557,142.5286,72.7807,5.0359,0.156,0.1326,0.5314,0.7476,0.2683
UNH,Q2,2013-06-30,2013-08-14,28.9062,4.6397,5.9689,148.497,75.7331,5.8213,0.1608,0.1367,0.5314,0.7476,0.2683
UNH,Q3,2013-09-30,2013-11-14,30.3648,4.5631,6.27,154.7666,78.9045,6.0601,0.1621,0.1377,0.5314,0.7476,0.2683
UNH,Q4,2013-12-31,2014-03-31,29.7153,4.2671,6.1359,160.9021,82.2359,5.7258,0.1525,0.1297,0.5314,0.7476,0.2683
UNH,Q1,2014-03-31,2014-05-15,30.0138,3.7459,6.1976,167.0993,85.496,5.5896,0.1484,0.1261,0.5314,0.7476,0.2683
UNH,Q2,2014-06-30,2014-08-14,30.7265,3.7683,6.3447,173.4437,88.7889,5.7932,0.1463,0.1244,0.5314,0.7476,0.2683
UNH,Q3,2014-09-30,2014-11-14,31.3961,4.2067,6.483,179.9262,92.16,6.2012,0.1441,0.1225,0.5314,0.7476,0.2683
UNH,Q4,2014-12-31,2015-03-31,32.5342,3.943,6.718,186.6439,95.6045,6.0448,0.144,0.1224,0.5314,0.7476,0.2683
UNH,Q1,2015-03-31,2015-05-15,33.9983,4.0972,7.0203,193.6638,99.1739,6.8857,0.145,0.1233,0.5314,0.7476,0.2683
UNH,Q2,2015-06-30,2015-08-14,34.7773,4.7426,7.1812,200.8445,102.904,6.3263,0.143,0.1216,0.5314,0.7476,0.2683
UNH,Q3,2015-09-30,2015-11-14,36.8675,4.4984,7.6128,208.4568,106.7195,7.5502,0.1461,0.1242,0.5314,0.7476,0.2683
UNH,Q4,2015-12-31,2016-03-30,39.2136,4.5424,8.0972,216.5536,110.7643,8.0618,0.1496,0.1271,0.5314,0.7476,0.2683
UNH,Q1,2016-03-31,2016-05-15,38.6807,4.2633,7.9872,224.5404,115.0666,7.8013,0.1423,0.1209,0.5314,0.7476,0.2683
UNH,Q2,2016-06-30,2016-08-14,38.9656,4.2801,8.046,232.586,119.3104,7.4334,0.1384,0.1176,0.5314,0.7476,0.2683
UNH,Q3,2016-09-30,2016-11-14,40.8079,4.6604,8.4264,241.0119,123.5855,8.0895,0.1399,0.1189,0.5314,0.7476,0.2683
UNH,Q4,2016-12-31,2017-03-31,42.1293,5.0829,8.6993,249.7108,128.0626,7.3825,0.1394,0.1184,0.5314,0.7476,0.2683
UNH,Q1,2017-03-31,2017-05-15,43.013,5.4063,8.8818,258.592,132.6848,8.5177,0.1374,0.1168,0.5314,0.7476,0.2683
UNH,Q2,2017-06-30,2017-08-14,43.9983,5.0989,9.0852,267.6767,137.4039,7.7528,0.1358,0.1154,0.5314,0.7476,0.2683
UNH,Q3,2017-09-30,2017-11-14,43.9892,5.6835,9.0834,276.7595,142.2311,7.9005,0.1313,0.1116,0.5314,0.7476,0.2683
UNH,Q4,2017-12-31,2018-03-31,46.4435,6.2621,9.5901,286.349,147.0572,8.3319,0.134,0.1139,0.5314,0.7476,0.2683
UNH,Q1,2018-03-31,2018-05-15,46.5821,6.836,9.6188,295.9671,152.1527,8.704,0.13,0.1105,0.5314,0.7476,0.2683
UNH,Q2,2018-06-30,2018-08-14,46.3394,6.8129,9.5686,305.5351,157.2633,8.5645,0.1253,0.1065,0.5314,0.7476,0.2683
UNH,Q3,2018-09-30,2018-11-14,49.1677,6.731,10.1527,315.6871,162.3473,9.5891,0.1286,0.1093,0.5314,0.7476,0.2683
UNH,Q4,2018-12-31,2019-03-31,51.9767,7.4899,10.7327,326.419,167.7416,10.7401,0.1315,0.1118,0.5314,0.7476,0.2683
UNH,Q1,2019-03-31,2019-05-15,56.8678,7.122,11.7426,338.161,173.444,11.1858,0.1389,0.1181,0.5314,0.7476,0.2683
UNH,Q2,2019-06-30,2019-08-14,58.99,7.518,12.1809,350.3411,179.6832,11.8508,0.1391,0.1182,0.5314,0.7476,0.2683
UNH,Q3,2019-09-30,2019-11-14,60.6913,7.4764,12.5322,362.8726,186.1551,11.8243,0.1381,0.1174,0.5314,0.7476,0.2683
UNH,Q4,2019-12-31,2020-03-30,59.9186,7.3499,12.3726,375.2445,192.8137,10.4914,0.1319,0.1121,0.5314,0.7476,0.2683
UNH,Q1,2020-03-31,2020-05-15,60.9327,8.369,12.582,387.8256,199.3876,11.4019,0.1298,0.1103,0.5314,0.7476,0.2683
UNH,Q2,2020-06-30,2020-08-14,65.8091,8.3898,13.5889,401.4138,206.0727,13.5197,0.1354,0.1151,0.5314,0.7476,0.2683
UNH,Q3,2020-09-30,2020-11-14,64.3564,8.8313,13.289,414.7019,213.2928,12.2801,0.1282,0.109,0.5314,0.7476,0.2683
UNH,Q4,2020-12-31,2021-03-31,66.876,10.3158,13.8092,428.5101,220.3534,11.7515,0.1289,0.1096,0.5314,0.7476,0.2683
UNH,Q1,2021-03-31,2021-05-15,66.1414,10.4831,13.6576,442.1666,227.6905,13.3877,0.1236,0.105,0.5314,0.7476,0.2683
UNH,Q2,2021-06-30,2021-08-14,66.3739,11.1266,13.7056,455.8711,234.947,13.8703,0.1203,0.1022,0.5314,0.7476,0.2683
UNH,Q3,2021-09-30,2021-11-14,67.1436,10.4571,13.8645,469.7346,242.2289,14.0832,0.1181,0.1004,0.5314,0.7476,0.2683
UNH,Q4,2021-12-31,2022-03-31,66.749,10.6411,13.783,483.5166,249.5953,11.6462,0.114,0.0969,0.5314,0.7476,0.2683
UNH,Q1,2022-03-31,2022-05-15,69.0229,10.3857,14.2526,497.7681,256.9184,13.5354,0.1145,0.0974,0.5314,0.7476,0.2683
UNH,Q2,2022-06-30,2022-08-14,73.5072,10.6105,15.1785,512.9456,264.491,13.983,0.1184,0.1006,0.5314,0.7476,0.2683
UNH,Q3,2022-09-30,2022-11-14,70.5416,11.1472,14.5661,527.5107,272.5557,14.534,0.1105,0.0939,0.5314,0.7476,0.2683
UNH,Q4,2022-12-31,2023-03-31,76.7263,11.3495,15.8432,543.3528,280.2949,14.4802,0.1166,0.0991,0.5314,0.7476,0.2683
UNH,Q1,2023-03-31,2023-05-15,78.3464,12.3255,16.1778,559.5294,288.7126,13.5935,0.1157,0.0983,0.5314,0.7476,0.2683
UNH,Q2,2023-06-30,2023-08-14,79.8883,13.6337,16.4962,576.0242,297.3081,15.3583,0.1146,0.0974,0.5314,0.7476,0.2683
UNH,Q3,2023-09-30,2023-11-14,83.1831,13.4287,17.1765,593.1994,306.0727,16.9766,0.1158,0.0984,0.5314,0.7476,0.2683
UNH,Q4,2023-12-31,2024-03-30,85.413,13.9144,17.637,610.835,315.1988,16.9571,0.1155,0.0982,0.5314,0.7476,0.2683
UNH,Q1,2024-03-31,2024-05-15,86.9119,15.9384,17.9465,628.7799,324.5696,15.9046,0.1142,0.097,0.5314,0.7476,0.2683
UNH,Q2,2024-06-30,2024-08-14,83.3936,16.0487,17.22,645.9983,334.1047,16.9478,0.1066,0.0906,0.5314,0.7476,0.2683
UNH,Q3,2024-09-30,2024-11-14,91.8724,17.3023,18.9708,664.9674,343.2537,17.1732,0.1141,0.097,0.5314,0.7476,0.2683
UNH,Q4,2024-12-31,2025-03-31,88.9912,16.3668,18.3758,683.3416,353.333,18.2548,0.1076,0.0914,0.5314,0.7476,0.2683
UNH,Q1,2025-03-31,2025-05-15,88.6219,16.2438,18.2996,701.6396,363.0962,17.9526,0.1043,0.0887,0.5314,0.7476,0.2683
UNH,Q2,2025-06-30,2025-08-14,89.4989,17.3462,18.4807,720.1186,372.8189,17.3972,0.1027,0.0873,0.5314,0.7476,0.2683
UNH,Q3,2025-09-30,2025-11-14,92.3807,18.5446,19.0757,739.1925,382.6378,17.1721,0.1032,0.0877,0.5314,0.7476,0.2683
UNH,Q4,2025-12-31,2026-03-31,94.7339,18.8317,19.5616,758.7523,392.7728,19.6406,0.1031,0.0877,0.5314,0.7476,0.2683
UNH,Q1,2026-03-31,2026-05-15,92.7892,19.2971,19.1601,777.9105,403.166,18.911,0.0985,0.0837,0.5314,0.7476,0.2683
JNJ,Q3,2009-09-30,2009-11-14,27.2713,2.3578,4.6915,66.1273,23.7245,4.8824,0.2838,0.2412,0.3862,0.6939,0.1972
JNJ,Q4,2009-12-31,2010-03-31,26.3616,2.0076,4.535,70.6618,25.536,4.7285,0.2567,0.2182,0.3862,0.6939,0.1972
JNJ,Q1,2010-03-31,2010-05-15,25.8695,1.6983,4.4503,75.1117,27.287,4.4845,0.237,0.2014,0.3862,0.6939,0.1972
JNJ,Q2,2010-06-30,2010-08-14,27.6368,1.6247,4.7544,79.8656,29.0054,4.434,0.2381,0.2024,0.3862,0.6939,0.1972
JNJ,Q3,2010-09-30,2010-11-14,28.3374,1.4528,4.8749,84.7401,30.8412,5.1426,0.2301,0.1956,0.3862,0.6939,0.1972
JNJ,Q4,2010-12-31,2011-03-31,29.7316,1.4607,5.1147,89.8545,32.7236,5.1429,0.2277,0.1935,0.3862,0.6939,0.1972
JNJ,Q1,2011-03-31,2011-05-15,31.9424,1.7419,5.4951,95.3491,34.6985,5.9464,0.2305,0.1959,0.3862,0.6939,0.1972
JNJ,Q2,2011-06-30,2011-08-14,31.7025,1.7883,5.4538,100.8024,36.8204,5.1481,0.2164,0.184,0.3862,0.6939,0.1972
JNJ,Q3,2011-09-30,2011-11-14,33.158,1.8629,5.7042,106.5061,38.9262,6.0142,0.2142,0.1821,0.3862,0.6939,0.1972
JNJ,Q4,2011-12-31,2012-03-30,36.3337,2.2481,6.2505,112.756,41.1288,5.8171,0.2217,0.1885,0.3862,0.6939,0.1972
JNJ,Q1,2012-03-31,2012-05-15,38.4021,2.2152,6.6063,119.3617,43.5423,6.116,0.2214,0.1882,0.3862,0.6939,0.1972
JNJ,Q2,2012-06-30,2012-08-14,38.4451,2.181,6.6137,125.9749,46.0932,6.8661,0.21,0.1785,0.3862,0.6939,0.1972
JNJ,Q3,2012-09-30,2012-11-14,38.4583,2.6258,6.616,132.5902,48.6469,7.2155,0.1996,0.1697,0.3862,0.6939,0.1972
JNJ,Q4,2012-12-31,2013-03-31,41.2397,3.0586,7.0945,139.6839,51.2015,6.8765,0.2032,0.1727,0.3862,0.6939,0.1972
JNJ,Q1,2013-03-31,2013-05-15,43.8522,3.2344,7.5439,147.2269,53.9409,7.5654,0.205,0.1742,0.3862,0.6939,0.1972
JNJ,Q2,2013-06-30,2013-08-14,44.9848,3.3074,7.7388,154.9648,56.8537,7.1275,0.1998,0.1698,0.3862,0.6939,0.1972
JNJ,Q3,2013-09-30,2013-11-14,45.475,3.1195,7.8231,162.7871,59.8418,7.7734,0.1922,0.1634,0.3862,0.6939,0.1972
JNJ,Q4,2013-12-31,2014-03-31,46.6044,2.9453,8.0174,170.8037,62.8625,7.4544,0.1878,0.1596,0.3862,0.6939,0.1972
JNJ,Q1,2014-03-31,2014-05-15,48.3772,2.6844,8.3224,179.1253,65.9582,7.5198,0.1858,0.158,0.3862,0.6939,0.1972
JNJ,Q2,2014-06-30,2014-08-14,47.2184,2.5211,8.123,187.2477,69.1717,8.0685,0.1735,0.1475,0.3862,0.6939,0.1972
JNJ,Q3,2014-09-30,2014-11-14,49.4302,2.3461,8.5035,195.7506,72.3083,9.1499,0.1738,0.1477,0.3862,0.6939,0.1972
JNJ,Q4,2014-12-31,2015-03-31,48.9462,2.8497,8.4202,204.17,75.5918,8.2586,0.165,0.1402,0.3862,0.6939,0.1972
JNJ,Q1,2015-03-31,2015-05-15,50.9303,2.751,8.7616,212.9309,78.8431,7.9363,0.1646,0.1399,0.3862,0.6939,0.1972
JNJ,Q2,2015-06-30,2015-08-14,54.4924,2.3894,9.3744,222.3046,82.2262,9.2713,0.1687,0.1434,0.3862,0.6939,0.1972
JNJ,Q3,2015-09-30,2015-11-14,53.7438,2.5656,9.2456,231.5495,85.846,9.9669,0.1597,0.1358,0.3862,0.6939,0.1972
JNJ,Q4,2015-12-31,2016-03-30,55.7021,2.788,9.5825,241.1312,89.416,10.2576,0.159,0.1351,0.3862,0.6939,0.1972
JNJ,Q1,2016-03-31,2016-05-15,58.1559,2.6714,10.0046,251.1351,93.1162,10.701,0.1593,0.1354,0.3862,0.6939,0.1972
JNJ,Q2,2016-06-30,2016-08-14,60.0393,2.2784,10.3286,261.4631,96.9793,9.4961,0.158,0.1343,0.3862,0.6939,0.1972
JNJ,Q3,2016-09-30,2016-11-14,63.9809,2.2744,11.0067,272.4692,100.9676,11.0495,0.1616,0.1373,0.3862,0.6939,0.1972
JNJ,Q4,2016-12-31,2017-03-31,72.3894,1.9706,12.4532,284.9218,105.2177,11.4704,0.1748,0.1486,0.3862,0.6939,0.1972
JNJ,Q1,2017-03-31,2017-05-15,71.2976,1.8259,12.2654,297.1867,110.0265,12.2745,0.1651,0.1403,0.3862,0.6939,0.1972
JNJ,Q2,2017-06-30,2017-08-14,77.0066,1.8967,13.2475,310.4337,114.7628,12.3597,0.1707,0.1451,0.3862,0.6939,0.1972
JNJ,Q3,2017-09-30,2017-11-14,82.7396,2.0746,14.2337,324.6668,119.8783,14.2526,0.1754,0.1491,0.3862,0.6939,0.1972
JNJ,Q4,2017-12-31,2018-03-31,92.1112,2.248,15.8459,340.5122,125.3746,16.3646,0.1861,0.1582,0.3862,0.6939,0.1972
JNJ,Q1,2018-03-31,2018-05-15,92.0795,1.7339,15.8405,356.3522,131.4935,16.0309,0.1778,0.1511,0.3862,0.6939,0.1972
JNJ,Q2,2018-06-30,2018-08-14,92.0123,1.5971,15.8289,372.1807,137.6103,16.0232,0.1701,0.1446,0.3862,0.6939,0.1972
JNJ,Q3,2018-09-30,2018-11-14,96.9329,1.8111,16.6754,388.8556,143.7227,16.8593,0.1715,0.1458,0.3862,0.6939,0.1972
JNJ,Q4,2018-12-31,2019-03-31,100.2444,1.9378,17.2451,406.1002,150.162,18.4023,0.1699,0.1444,0.3862,0.6939,0.1972
JNJ,Q1,2019-03-31,2019-05-15,97.5049,1.9165,16.7738,422.8735,156.8212,17.4521,0.1587,0.1349,0.3862,0.6939,0.1972
JNJ,Q2,2019-06-30,2019-08-14,98.8253,2.2063,17.0009,439.8739,163.2985,17.5934,0.1546,0.1314,0.3862,0.6939,0.1972
JNJ,Q3,2019-09-30,2019-11-14,104.8055,1.7516,18.0297,457.9031,169.8634,16.4981,0.1575,0.1339,0.3862,0.6939,0.1972
JNJ,Q4,2019-12-31,2020-03-30,109.3793,1.6791,18.8166,476.7193,176.8256,18.3022,0.1579,0.1342,0.3862,0.6939,0.1972
JNJ,Q1,2020-03-31,2020-05-15,107.1152,1.3721,18.4271,495.146,184.0918,17.2688,0.1489,0.1265,0.3862,0.6939,0.1972
JNJ,Q2,2020-06-30,2020-08-14,112.2555,1.3492,19.3113,514.457,191.2075,19.7117,0.1501,0.1276,0.3862,0.6939,0.1972
JNJ,Q3,2020-09-30,2020-11-14,116.6468,1.2988,20.0668,534.5234,198.6647,18.8765,0.1502,0.1276,0.3862,0.6939,0.1972
JNJ,Q4,2020-12-31,2021-03-31,118.5479,1.0361,20.3938,554.917,206.4136,19.7416,0.147,0.125,0.3862,0.6939,0.1972
JNJ,Q1,2021-03-31,2021-05-15,120.8168,1.103,20.7842,575.7009,214.2889,20.3358,0.1444,0.1227,0.3862,0.6939,0.1972
JNJ,Q2,2021-06-30,2021-08-14,120.0058,1.1039,20.6446,596.3452,222.3149,19.6446,0.1385,0.1177,0.3862,0.6939,0.1972
JNJ,Q3,2021-09-30,2021-11-14,128.1389,1.2468,22.0438,618.3887,230.287,19.94,0.1426,0.1212,0.3862,0.6939,0.1972
JNJ,Q4,2021-12-31,2022-03-31,132.5187,1.256,22.7972,641.1856,238.7994,24.4236,0.1422,0.1209,0.3862,0.6939,0.1972
JNJ,Q1,2022-03-31,2022-05-15,141.2929,1.3409,24.3067,665.4919,247.6027,22.1549,0.1461,0.1242,0.3862,0.6939,0.1972
JNJ,Q2,2022-06-30,2022-08-14,143.7089,1.1601,24.7223,690.2139,256.9889,23.3336,0.1433,0.1218,0.3862,0.6939,0.1972
JNJ,Q3,2022-09-30,2022-11-14,145.8616,1.0354,25.0926,715.3062,266.5357,23.4451,0.1403,0.1193,0.3862,0.6939,0.1972
JNJ,Q4,2022-12-31,2023-03-31,151.6647,1.1584,26.0909,741.3969,276.2254,27.3108,0.1408,0.1197,0.3862,0.6939,0.1972
JNJ,Q1,2023-03-31,2023-05-15,160.3134,1.0322,27.5788,768.9754,286.3007,25.8689,0.1435,0.1219,0.3862,0.6939,0.1972
JNJ,Q2,2023-06-30,2023-08-14,167.6549,1.0654,28.8417,797.8168,296.9505,26.9866,0.1446,0.1229,0.3862,0.6939,0.1972
JNJ,Q3,2023-09-30,2023-11-14,177.6945,0.8694,30.5689,828.3854,308.088,30.1003,0.1476,0.1255,0.3862,0.6939,0.1972
JNJ,Q4,2023-12-31,2024-03-30,168.8877,0.8504,29.0538,857.439,319.8925,28.0131,0.1355,0.1152,0.3862,0.6939,0.1972
JNJ,Q1,2024-03-31,2024-05-15,184.4245,0.8309,31.7266,889.1654,331.112,32.5182,0.1427,0.1213,0.3862,0.6939,0.1972
JNJ,Q2,2024-06-30,2024-08-14,188.1414,0.8713,32.366,921.5312,343.3636,30.3938,0.1405,0.1194,0.3862,0.6939,0.1972
JNJ,Q3,2024-09-30,2024-11-14,189.5033,0.8406,32.6003,954.1314,355.8621,30.502,0.1367,0.1162,0.3862,0.6939,0.1972
JNJ,Q4,2024-12-31,2025-03-31,198.275,0.8634,34.1093,988.2404,368.451,30.9659,0.1381,0.1174,0.3862,0.6939,0.1972
JNJ,Q1,2025-03-31,2025-05-15,200.0,0.8297,34.4061,1022.6463,381.6227,32.3289,0.1346,0.1144,0.3862,0.6939,0.1972
JNJ,Q2,2025-06-30,2025-08-14,200.0,0.7239,34.4061,1057.0522,394.909,34.0712,0.1302,0.1107,0.3862,0.6939,0.1972
JNJ,Q3,2025-09-30,2025-11-14,193.9564,0.7762,33.3664,1090.4184,408.1954,30.7247,0.1224,0.104,0.3862,0.6939,0.1972
JNJ,Q4,2025-12-31,2026-03-31,199.957,0.6217,34.3987,1124.8169,421.0802,33.7743,0.1223,0.104,0.3862,0.6939,0.1972
JNJ,Q1,2026-03-31,2026-05-15,200.0,0.6662,34.4061,1159.2228,434.3636,35.7452,0.1187,0.1009,0.3862,0.6939,0.1972
MRK,Q3,2009-09-30,2009-11-14,5.6818,2.4768,0.847,13.717,8.7128,0.8812,0.247,0.21,0.677,0.7249,0.179
MRK,Q4,2009-12-31,2010-03-31,5.7783,2.7096,0.8614,14.5783,9.2861,0.8059,0.2364,0.2009,0.677,0.7249,0.179
MRK,Q1,2010-03-31,2010-05-15,6.1286,2.7612,0.9137,15.4919,9.8692,1.0036,0.2359,0.2005,0.677,0.7249,0.179
MRK,Q2,2010-06-30,2010-08-14,6.5065,2.6416,0.97,16.4618,10.4877,0.9301,0.2357,0.2003,0.677,0.7249,0.179
MRK,Q3,2010-09-30,2010-11-14,6.7622,2.5342,1.0081,17.4698,11.1443,1.0724,0.2308,0.1962,0.677,0.7249,0.179
MRK,Q4,2010-12-31,2011-03-31,7.2171,2.6095,1.0759,18.5456,11.8267,1.0877,0.2321,0.1973,0.677,0.7249,0.179
MRK,Q1,2011-03-31,2011-05-15,6.9281,2.6688,1.0328,19.5784,12.555,1.0384,0.211,0.1794,0.677,0.7249,0.179
MRK,Q2,2011-06-30,2011-08-14,6.8254,2.7769,1.0175,20.5958,13.2541,1.0703,0.1976,0.168,0.677,0.7249,0.179
MRK,Q3,2011-09-30,2011-11-14,7.028,2.9925,1.0477,21.6434,13.9429,0.9987,0.1936,0.1646,0.677,0.7249,0.179
MRK,Q4,2011-12-31,2012-03-30,6.949,2.9457,1.036,22.6793,14.6521,0.9713,0.1827,0.1553,0.677,0.7249,0.179
MRK,Q1,2012-03-31,2012-05-15,6.9598,3.0982,1.0376,23.7167,15.3534,1.0067,0.175,0.1487,0.677,0.7249,0.179
MRK,Q2,2012-06-30,2012-08-14,7.0772,3.1893,1.0551,24.7717,16.0557,1.0942,0.1704,0.1448,0.677,0.7249,0.179
MRK,Q3,2012-09-30,2012-11-14,8.0168,3.0403,1.1951,25.9667,16.7699,1.1658,0.1841,0.1565,0.677,0.7249,0.179
MRK,Q4,2012-12-31,2013-03-31,7.5634,3.1026,1.1276,27.0942,17.5789,1.1481,0.1665,0.1415,0.677,0.7249,0.179
MRK,Q1,2013-03-31,2013-05-15,7.6293,3.3219,1.1374,28.2314,18.3422,1.2302,0.1612,0.137,0.677,0.7249,0.179
MRK,Q2,2013-06-30,2013-08-14,8.0986,3.5403,1.2073,29.4386,19.1121,1.2772,0.164,0.1394,0.677,0.7249,0.179
MRK,Q3,2013-09-30,2013-11-14,8.0693,3.8521,1.203,30.6414,19.9293,1.3415,0.157,0.1335,0.677,0.7249,0.179
MRK,Q4,2013-12-31,2014-03-31,8.4393,3.6133,1.2581,31.8994,20.7436,1.4032,0.1578,0.1341,0.677,0.7249,0.179
MRK,Q1,2014-03-31,2014-05-15,8.4059,3.6905,1.2532,33.1525,21.5953,1.2708,0.1512,0.1285,0.677,0.7249,0.179
MRK,Q2,2014-06-30,2014-08-14,8.7329,3.8572,1.3019,34.4542,22.4435,1.3502,0.1511,0.1285,0.677,0.7249,0.179
MRK,Q3,2014-09-30,2014-11-14,8.1808,4.3655,1.2196,35.6737,23.3248,1.3591,0.1368,0.1162,0.677,0.7249,0.179
MRK,Q4,2014-12-31,2015-03-31,8.4938,4.5467,1.2663,36.9397,24.1503,1.3565,0.1371,0.1165,0.677,0.7249,0.179
MRK,Q1,2015-03-31,2015-05-15,8.7283,5.5854,1.3012,38.2407,25.0074,1.3904,0.1361,0.1157,0.677,0.7249,0.179
MRK,Q2,2015-06-30,2015-08-14,9.4163,5.9535,1.4038,39.6443,25.8882,1.5311,0.1416,0.1204,0.677,0.7249,0.179
MRK,Q3,2015-09-30,2015-11-14,9.9874,6.1664,1.4889,41.133,26.8384,1.5171,0.1448,0.1231,0.677,0.7249,0.179
MRK,Q4,2015-12-31,2016-03-30,9.4161,6.8232,1.4038,42.5365,27.8462,1.3781,0.132,0.1122,0.677,0.7249,0.179
MRK,Q1,2016-03-31,2016-05-15,9.6749,7.8938,1.4423,43.9785,28.7963,1.5876,0.1312,0.1115,0.677,0.7249,0.179
MRK,Q2,2016-06-30,2016-08-14,9.1126,7.3979,1.3585,45.3367,29.7726,1.3423,0.1199,0.1019,0.677,0.7249,0.179
MRK,Q3,2016-09-30,2016-11-14,8.9467,7.517,1.3338,46.6702,30.692,1.4667,0.1143,0.0972,0.677,0.7249,0.179
MRK,Q4,2016-12-31,2017-03-31,9.5858,8.9792,1.4291,48.099,31.5948,1.5129,0.1188,0.101,0.677,0.7249,0.179
MRK,Q1,2017-03-31,2017-05-15,9.312,9.234,1.3882,49.4868,32.562,1.334,0.1122,0.0954,0.677,0.7249,0.179
MRK,Q2,2017-06-30,2017-08-14,9.1654,10.3822,1.3664,50.8528,33.5016,1.2658,0.1075,0.0914,0.677,0.7249,0.179
MRK,Q3,2017-09-30,2017-11-14,9.3322,10.726,1.3912,52.2437,34.4263,1.4944,0.1065,0.0905,0.677,0.7249,0.179
MRK,Q4,2017-12-31,2018-03-31,9.3769,10.4576,1.3979,53.6412,35.3679,1.5504,0.1042,0.0886,0.677,0.7249,0.179
MRK,Q1,2018-03-31,2018-05-15,9.9419,11.1985,1.4822,55.1229,36.314,1.6207,0.1076,0.0914,0.677,0.7249,0.179
MRK,Q2,2018-06-30,2018-08-14,10.7273,12.1096,1.5992,56.7217,37.3171,1.7358,0.1128,0.0959,0.677,0.7249,0.179
MRK,Q3,2018-09-30,2018-11-14,9.9146,12.4583,1.4781,58.1993,38.3994,1.5851,0.1016,0.0863,0.677,0.7249,0.179
MRK,Q4,2018-12-31,2019-03-31,10.1919,13.0916,1.5194,59.7182,39.3997,1.4608,0.1018,0.0865,0.677,0.7249,0.179
MRK,Q1,2019-03-31,2019-05-15,10.0375,11.9929,1.4964,61.2142,40.428,1.5073,0.0978,0.0831,0.677,0.7249,0.179
MRK,Q2,2019-06-30,2019-08-14,10.3987,12.4276,1.5503,62.7639,41.4407,1.6928,0.0988,0.084,0.677,0.7249,0.179
MRK,Q3,2019-09-30,2019-11-14,10.859,12.8287,1.6189,64.3823,42.4899,1.7345,0.1006,0.0855,0.677,0.7249,0.179
MRK,Q4,2019-12-31,2020-03-30,11.3033,14.4303,1.6851,66.0669,43.5855,1.5938,0.102,0.0867,0.677,0.7249,0.179
MRK,Q1,2020-03-31,2020-05-15,11.0252,15.7625,1.6436,67.7099,44.7259,1.7974,0.0971,0.0825,0.677,0.7249,0.179
MRK,Q2,2020-06-30,2020-08-14,10.6131,15.8623,1.5822,69.2915,45.8382,1.5541,0.0913,0.0776,0.677,0.7249,0.179
MRK,Q3,2020-09-30,2020-11-14,9.8059,17.9663,1.4619,70.7527,46.9089,1.623,0.0826,0.0702,0.677,0.7249,0.179
MRK,Q4,2020-12-31,2021-03-31,10.2713,15.7578,1.5313,72.2834,47.8981,1.4217,0.0847,0.072,0.677,0.7249,0.179
MRK,Q1,2021-03-31,2021-05-15,10.1849,18.1824,1.5184,73.8011,48.9344,1.4776,0.0823,0.07,0.677,0.7249,0.179
MRK,Q2,2021-06-30,2021-08-14,10.4363,18.2295,1.5558,75.3562,49.9618,1.5258,0.0826,0.0702,0.677,0.7249,0.179
MRK,Q3,2021-09-30,2021-11-14,10.7252,20.0,1.5989,76.9544,51.0146,1.7301,0.0831,0.0706,0.677,0.7249,0.179
MRK,Q4,2021-12-31,2022-03-31,10.8178,20.0,1.6127,78.5663,52.0965,1.6376,0.0821,0.0698,0.677,0.7249,0.179
MRK,Q1,2022-03-31,2022-05-15,11.3659,20.0,1.6944,80.26,53.1878,1.6013,0.0844,0.0718,0.677,0.7249,0.179
MRK,Q2,2022-06-30,2022-08-14,11.388,20.0,1.6977,81.957,54.3344,1.6533,0.0829,0.0704,0.677,0.7249,0.179
MRK,Q3,2022-09-30,2022-11-14,11.8672,20.0,1.7692,83.7254,55.4832,1.8044,0.0845,0.0718,0.677,0.7249,0.179
MRK,Q4,2022-12-31,2023-03-31,11.2463,18.6954,1.6766,85.4013,56.6804,1.8518,0.0785,0.0667,0.677,0.7249,0.179
MRK,Q1,2023-03-31,2023-05-15,10.8544,20.0,1.6182,87.0187,57.8149,1.5205,0.0744,0.0632,0.677,0.7249,0.179
MRK,Q2,2023-06-30,2023-08-14,10.9234,18.7222,1.6285,88.6465,58.9099,1.6123,0.0735,0.0625,0.677,0.7249,0.179
MRK,Q3,2023-09-30,2023-11-14,11.3516,16.0391,1.6923,90.3382,60.0118,1.7747,0.0749,0.0637,0.677,0.7249,0.179
MRK,Q4,2023-12-31,2024-03-30,11.4885,17.0367,1.7127,92.0502,61.1571,1.7829,0.0744,0.0633,0.677,0.7249,0.179
MRK,Q1,2024-03-31,2024-05-15,11.8155,17.1972,1.7615,93.8111,62.3161,1.7063,0.0751,0.0638,0.677,0.7249,0.179
MRK,Q2,2024-06-30,2024-08-14,11.9297,18.4452,1.7785,95.5888,63.5082,1.7318,0.0744,0.0633,0.677,0.7249,0.179
MRK,Q3,2024-09-30,2024-11-14,12.2771,18.5878,1.8303,97.4184,64.7117,1.7202,0.0752,0.0639,0.677,0.7249,0.179
MRK,Q4,2024-12-31,2025-03-31,13.2956,18.0394,1.9821,99.3998,65.9503,1.8498,0.0798,0.0678,0.677,0.7249,0.179
MRK,Q1,2025-03-31,2025-05-15,14.1196,19.3836,2.105,101.5041,67.2917,2.0712,0.083,0.0705,0.677,0.7249,0.179
MRK,Q2,2025-06-30,2025-08-14,14.4894,20.0,2.1601,103.6634,68.7162,2.2949,0.0834,0.0708,0.677,0.7249,0.179
MRK,Q3,2025-09-30,2025-11-14,15.2153,19.3536,2.2683,105.931,70.178,2.5588,0.0857,0.0728,0.677,0.7249,0.179
MRK,Q4,2025-12-31,2026-03-31,15.6987,17.8486,2.3404,108.2707,71.7131,2.2749,0.0865,0.0735,0.677,0.7249,0.179
MRK,Q1,2026-03-31,2026-05-15,16.7342,18.285,2.4947,110.7647,73.297,2.6295,0.0901,0.0766,0.677,0.7249,0.179
ABBV,Q3,2009-09-30,2009-11-14,11.8957,0.3611,1.5484,28.0178,13.9475,1.3162,0.2211,0.1879,0.5269,0.7713,0.1603
ABBV,Q4,2009-12-31,2010-03-31,11.8964,0.3886,1.5485,29.5653,14.7629,1.3571,0.2095,0.1781,0.5269,0.7713,0.1603
ABBV,Q1,2010-03-31,2010-05-15,12.7429,0.3993,1.6587,31.223,15.5783,1.624,0.2125,0.1806,0.5269,0.7713,0.1603
ABBV,Q2,2010-06-30,2010-08-14,12.9966,0.4285,1.6917,32.9136,16.4518,1.654,0.2056,0.1748,0.5269,0.7713,0.1603
ABBV,Q3,2010-09-30,2010-11-14,13.5846,0.4005,1.7682,34.6809,17.3426,1.5178,0.2039,0.1734,0.5269,0.7713,0.1603
ABBV,Q4,2010-12-31,2011-03-31,13.2722,0.4276,1.7276,36.4074,18.2738,1.7165,0.1898,0.1613,0.5269,0.7713,0.1603
ABBV,Q1,2011-03-31,2011-05-15,13.3631,0.4024,1.7394,38.1458,19.1835,1.5751,0.1824,0.155,0.5269,0.7713,0.1603
ABBV,Q2,2011-06-30,2011-08-14,14.0459,0.4012,1.8283,39.9731,20.0995,1.8169,0.183,0.1555,0.5269,0.7713,0.1603
ABBV,Q3,2011-09-30,2011-11-14,13.7216,0.3679,1.7861,41.7583,21.0623,1.5435,0.1711,0.1454,0.5269,0.7713,0.1603
ABBV,Q4,2011-12-31,2012-03-30,13.727,0.3297,1.7868,43.5442,22.003,1.5001,0.1641,0.1395,0.5269,0.7713,0.1603
ABBV,Q1,2012-03-31,2012-05-15,14.5718,0.354,1.8967,45.4401,22.944,1.5838,0.167,0.1419,0.5269,0.7713,0.1603
ABBV,Q2,2012-06-30,2012-08-14,14.8415,0.3546,1.9318,47.371,23.943,1.9332,0.1631,0.1387,0.5269,0.7713,0.1603
ABBV,Q3,2012-09-30,2012-11-14,15.674,0.4615,2.0402,49.4101,24.9604,2.028,0.1652,0.1404,0.5269,0.7713,0.1603
ABBV,Q4,2012-12-31,2013-03-31,15.9681,0.5021,2.0785,51.4874,26.0348,1.9063,0.1615,0.1373,0.5269,0.7713,0.1603
ABBV,Q1,2013-03-31,2013-05-15,16.3553,0.5239,2.1289,53.6149,27.1293,2.1121,0.1588,0.135,0.5269,0.7713,0.1603
ABBV,Q2,2013-06-30,2013-08-14,16.9949,0.5406,2.2122,55.8258,28.2504,2.1575,0.1585,0.1347,0.5269,0.7713,0.1603
ABBV,Q3,2013-09-30,2013-11-14,16.8631,0.6027,2.195,58.0193,29.4153,2.0828,0.1513,0.1286,0.5269,0.7713,0.1603
ABBV,Q4,2013-12-31,2014-03-31,17.0948,0.5619,2.2252,60.243,30.5711,2.2092,0.1477,0.1256,0.5269,0.7713,0.1603
ABBV,Q1,2014-03-31,2014-05-15,17.8062,0.6029,2.3177,62.5593,31.7428,2.2118,0.1482,0.126,0.5269,0.7713,0.1603
ABBV,Q2,2014-06-30,2014-08-14,18.6291,0.5746,2.4249,64.9827,32.9633,2.3911,0.1493,0.1269,0.5269,0.7713,0.1603
ABBV,Q3,2014-09-30,2014-11-14,19.6966,0.5577,2.5638,67.5451,34.2402,2.5306,0.1518,0.1291,0.5269,0.7713,0.1603
ABBV,Q4,2014-12-31,2015-03-31,19.3977,0.5557,2.5249,70.0687,35.5904,2.3418,0.1441,0.1225,0.5269,0.7713,0.1603
ABBV,Q1,2015-03-31,2015-05-15,19.8197,0.5875,2.5798,72.647,36.9201,2.2888,0.142,0.1207,0.5269,0.7713,0.1603
ABBV,Q2,2015-06-30,2015-08-14,20.1118,0.5964,2.6179,75.2634,38.2786,2.5324,0.1391,0.1183,0.5269,0.7713,0.1603
ABBV,Q3,2015-09-30,2015-11-14,18.8944,0.6043,2.4594,77.7213,39.6572,2.235,0.1266,0.1076,0.5269,0.7713,0.1603
ABBV,Q4,2015-12-31,2016-03-30,19.4449,0.5957,2.531,80.2509,40.9523,2.4653,0.1262,0.1072,0.5269,0.7713,0.1603
ABBV,Q1,2016-03-31,2016-05-15,19.8468,0.5998,2.5834,82.8328,42.2852,2.2704,0.1248,0.106,0.5269,0.7713,0.1603
ABBV,Q2,2016-06-30,2016-08-14,20.3785,0.5355,2.6526,85.484,43.6456,2.5343,0.1241,0.1055,0.5269,0.7713,0.1603
ABBV,Q3,2016-09-30,2016-11-14,19.9822,0.5207,2.601,88.0837,45.0426,2.2738,0.1181,0.1004,0.5269,0.7713,0.1603
ABBV,Q4,2016-12-31,2017-03-31,20.793,0.491,2.7065,90.789,46.4124,2.4925,0.1192,0.1014,0.5269,0.7713,0.1603
ABBV,Q1,2017-03-31,2017-05-15,22.0923,0.4835,2.8756,93.6635,47.8379,2.4051,0.1228,0.1044,0.5269,0.7713,0.1603
ABBV,Q2,2017-06-30,2017-08-14,22.6771,0.4498,2.9518,96.6141,49.3525,2.7819,0.1222,0.1039,0.5269,0.7713,0.1603
ABBV,Q3,2017-09-30,2017-11-14,23.357,0.4729,3.0403,99.6532,50.9072,2.6982,0.122,0.1037,0.5269,0.7713,0.1603
ABBV,Q4,2017-12-31,2018-03-31,23.4219,0.4623,3.0487,102.7008,52.5085,2.6652,0.1187,0.1009,0.5269,0.7713,0.1603
ABBV,Q1,2018-03-31,2018-05-15,22.9375,0.5087,2.9857,105.6852,54.1143,2.7541,0.113,0.0961,0.5269,0.7713,0.1603
ABBV,Q2,2018-06-30,2018-08-14,24.6485,0.5386,3.2084,108.8922,55.6869,3.0462,0.1179,0.1002,0.5269,0.7713,0.1603
ABBV,Q3,2018-09-30,2018-11-14,25.124,0.5545,3.2703,112.1611,57.3767,3.1264,0.1166,0.0991,0.5269,0.7713,0.1603
ABBV,Q4,2018-12-31,2019-03-31,26.5064,0.5393,3.4502,115.61,59.0991,3.0242,0.1194,0.1015,0.5269,0.7713,0.1603
ABBV,Q1,2019-03-31,2019-05-15,28.406,0.5662,3.6975,119.3061,60.9164,3.3136,0.124,0.1054,0.5269,0.7713,0.1603
ABBV,Q2,2019-06-30,2019-08-14,28.4107,0.5351,3.6981,123.0028,62.8639,3.4343,0.1203,0.1022,0.5269,0.7713,0.1603
ABBV,Q3,2019-09-30,2019-11-14,29.738,0.5872,3.8709,126.8722,64.8118,3.3589,0.122,0.1037,0.5269,0.7713,0.1603
ABBV,Q4,2019-12-31,2020-03-30,30.4276,0.6947,3.9606,130.8311,66.8506,3.287,0.1211,0.1029,0.5269,0.7713,0.1603
ABBV,Q1,2020-03-31,2020-05-15,31.2371,0.651,4.066,134.8955,68.9366,3.5867,0.1206,0.1025,0.5269,0.7713,0.1603
ABBV,Q2,2020-06-30,2020-08-14,33.37,0.7569,4.3436,139.2373,71.0781,3.7484,0.1248,0.1061,0.5269,0.7713,0.1603
ABBV,Q3,2020-09-30,2020-11-14,33.2933,0.8365,4.3336,143.5688,73.3659,3.8511,0.1207,0.1026,0.5269,0.7713,0.1603
ABBV,Q4,2020-12-31,2021-03-31,34.723,0.8476,4.5197,148.0864,75.6482,3.7787,0.1221,0.1038,0.5269,0.7713,0.1603
ABBV,Q1,2021-03-31,2021-05-15,36.0724,0.8812,4.6954,152.7796,78.0286,4.4753,0.1229,0.1045,0.5269,0.7713,0.1603
ABBV,Q2,2021-06-30,2021-08-14,37.2884,0.9517,4.8537,157.6309,80.5015,4.4964,0.1232,0.1047,0.5269,0.7713,0.1603
ABBV,Q3,2021-09-30,2021-11-14,38.2019,1.0397,4.9726,162.6009,83.0577,4.6913,0.1223,0.104,0.5269,0.7713,0.1603
ABBV,Q4,2021-12-31,2022-03-31,40.5819,1.0157,5.2824,167.8807,85.6765,4.382,0.1259,0.107,0.5269,0.7713,0.1603
ABBV,Q1,2022-03-31,2022-05-15,42.1489,1.1432,5.4863,173.3642,88.4585,4.665,0.1266,0.1076,0.5269,0.7713,0.1603
ABBV,Q2,2022-06-30,2022-08-14,43.7455,1.2379,5.6941,179.0553,91.3478,5.6205,0.1272,0.1081,0.5269,0.7713,0.1603
ABBV,Q3,2022-09-30,2022-11-14,41.8248,1.2087,5.4441,184.4964,94.3465,5.0486,0.118,0.1003,0.5269,0.7713,0.1603
ABBV,Q4,2022-12-31,2023-03-31,40.7922,1.2036,5.3097,189.8032,97.2135,4.8935,0.1119,0.0951,0.5269,0.7713,0.1603
ABBV,Q1,2023-03-31,2023-05-15,38.6401,1.2973,5.0296,194.8296,100.0097,4.2822,0.1033,0.0878,0.5269,0.7713,0.1603
ABBV,Q2,2023-06-30,2023-08-14,39.3583,1.3958,5.1231,199.9492,102.6582,4.8016,0.1025,0.0871,0.5269,0.7713,0.1603
ABBV,Q3,2023-09-30,2023-11-14,39.2882,1.4162,5.114,205.0596,105.3558,4.9892,0.0998,0.0848,0.5269,0.7713,0.1603
ABBV,Q4,2023-12-31,2024-03-30,40.9684,1.425,5.3327,210.3888,108.0485,5.2574,0.1014,0.0862,0.5269,0.7713,0.1603
ABBV,Q1,2024-03-31,2024-05-15,42.6005,1.4876,5.5451,215.9302,110.8565,5.2604,0.1027,0.0873,0.5269,0.7713,0.1603
ABBV,Q2,2024-06-30,2024-08-14,41.9114,1.3502,5.4554,221.3823,113.7763,5.0068,0.0986,0.0838,0.5269,0.7713,0.1603
ABBV,Q3,2024-09-30,2024-11-14,45.6911,1.4278,5.9474,227.3261,116.6491,5.5492,0.1046,0.089,0.5269,0.7713,0.1603
ABBV,Q4,2024-12-31,2025-03-31,48.8951,1.4428,6.3644,233.687,119.781,5.5157,0.1089,0.0926,0.5269,0.7713,0.1603
ABBV,Q1,2025-03-31,2025-05-15,50.3597,1.4865,6.5551,240.2384,123.1326,5.9425,0.1091,0.0928,0.5269,0.7713,0.1603
ABBV,Q2,2025-06-30,2025-08-14,51.1473,1.5527,6.6576,246.8921,126.5846,6.4703,0.1079,0.0917,0.5269,0.7713,0.1603
ABBV,Q3,2025-09-30,2025-11-14,50.8056,1.549,6.6131,253.5014,130.0906,6.2852,0.1043,0.0887,0.5269,0.7713,0.1603
ABBV,Q4,2025-12-31,2026-03-31,50.8657,1.7195,6.6209,260.1181,133.5731,5.4764,0.1018,0.0865,0.5269,0.7713,0.1603
ABBV,Q1,2026-03-31,2026-05-15,54.9298,1.9875,7.1499,267.2631,137.0595,6.1548,0.107,0.091,0.5269,0.7713,0.1603
JPM,Q3,2009-09-30,2009-11-14,32.8591,2.7333,8.0445,272.9962,749.4403,6.874,0.1179,0.1002,2.8286,0.7741,0.3525
JPM,Q4,2009-12-31,2010-03-31,32.807,2.9698,8.0318,281.0262,772.1904,7.6251,0.1143,0.0972,2.8286,0.7741,0.3525
JPM,Q1,2010-03-31,2010-05-15,34.3056,2.2357,8.3987,289.4236,794.904,7.3233,0.1161,0.0987,2.8286,0.7741,0.3525
JPM,Q2,2010-06-30,2010-08-14,33.7323,1.7719,8.2583,297.6808,818.6566,7.8171,0.111,0.0943,2.8286,0.7741,0.3525
JPM,Q3,2010-09-30,2010-11-14,33.2328,1.69,8.136,305.8159,842.0129,7.8651,0.1064,0.0905,2.8286,0.7741,0.3525
JPM,Q4,2010-12-31,2011-03-31,32.4539,1.7258,7.9453,313.7602,865.0235,6.4463,0.1013,0.0861,2.8286,0.7741,0.3525
JPM,Q1,2011-03-31,2011-05-15,32.88,1.8045,8.0496,321.8088,887.4946,7.4006,0.1001,0.085,2.8286,0.7741,0.3525
JPM,Q2,2011-06-30,2011-08-14,33.9362,1.9556,8.3082,330.1159,910.2606,7.4852,0.1007,0.0856,2.8286,0.7741,0.3525
JPM,Q3,2011-09-30,2011-11-14,34.6064,2.1301,8.4723,338.5869,933.7579,7.7116,0.1001,0.0851,2.8286,0.7741,0.3525
JPM,Q4,2011-12-31,2012-03-30,33.8775,2.2214,8.2938,346.8795,957.7189,6.6215,0.0956,0.0813,2.8286,0.7741,0.3525
JPM,Q1,2012-03-31,2012-05-15,33.7467,2.5444,8.2618,355.1398,981.175,7.4558,0.0931,0.0791,2.8286,0.7741,0.3525
JPM,Q2,2012-06-30,2012-08-14,34.9877,2.496,8.5656,363.704,1004.54,6.9719,0.0942,0.0801,2.8286,0.7741,0.3525
JPM,Q3,2012-09-30,2012-11-14,35.5971,1.9675,8.7148,372.4177,1028.7645,7.0445,0.0936,0.0796,2.8286,0.7741,0.3525
JPM,Q4,2012-12-31,2013-03-31,36.0362,1.9564,8.8223,381.2389,1053.4118,8.3887,0.0926,0.0787,2.8286,0.7741,0.3525
JPM,Q1,2013-03-31,2013-05-15,33.9724,1.8206,8.3171,389.5549,1078.3633,7.5098,0.0854,0.0726,2.8286,0.7741,0.3525
JPM,Q2,2013-06-30,2013-08-14,34.1526,2.316,8.3612,397.9148,1101.8857,7.512,0.084,0.0714,2.8286,0.7741,0.3525
JPM,Q3,2013-09-30,2013-11-14,33.6188,2.9283,8.2305,406.1436,1125.5322,7.056,0.0811,0.0689,2.8286,0.7741,0.3525
JPM,Q4,2013-12-31,2014-03-31,32.9469,2.7583,8.066,414.208,1148.8081,7.4975,0.0779,0.0662,2.8286,0.7741,0.3525
JPM,Q1,2014-03-31,2014-05-15,33.0333,2.5133,8.0872,422.2937,1171.6189,7.1753,0.0766,0.0651,2.8286,0.7741,0.3525
JPM,Q2,2014-06-30,2014-08-14,35.052,3.1306,8.5814,430.8733,1194.4899,8.2696,0.0797,0.0677,2.8286,0.7741,0.3525
JPM,Q3,2014-09-30,2014-11-14,37.2875,3.096,9.1287,440.0002,1218.7579,7.6443,0.083,0.0705,2.8286,0.7741,0.3525
JPM,Q4,2014-12-31,2015-03-31,37.9677,3.563,9.2952,449.2933,1244.574,7.5645,0.0828,0.0703,2.8286,0.7741,0.3525
JPM,Q1,2015-03-31,2015-05-15,38.1534,4.1764,9.3407,458.6316,1270.8603,8.9389,0.0815,0.0692,2.8286,0.7741,0.3525
JPM,Q2,2015-06-30,2015-08-14,38.4449,4.9847,9.412,468.0407,1297.2743,8.2745,0.0804,0.0684,2.8286,0.7741,0.3525
JPM,Q3,2015-09-30,2015-11-14,38.8104,6.751,9.5015,477.5383,1323.8888,8.8718,0.0796,0.0676,2.8286,0.7741,0.3525
JPM,Q4,2015-12-31,2016-03-30,41.9295,6.7604,10.2651,487.7995,1350.7534,9.0054,0.0842,0.0715,2.8286,0.7741,0.3525
JPM,Q1,2016-03-31,2016-05-15,42.4747,7.367,10.3986,498.1939,1379.7781,8.2354,0.0835,0.071,2.8286,0.7741,0.3525
JPM,Q2,2016-06-30,2016-08-14,44.3855,7.176,10.8664,509.0561,1409.1793,9.0749,0.0854,0.0726,2.8286,0.7741,0.3525
JPM,Q3,2016-09-30,2016-11-14,41.3734,6.6188,10.129,519.1813,1439.904,8.2008,0.078,0.0663,2.8286,0.7741,0.3525
JPM,Q4,2016-12-31,2017-03-31,43.0157,6.701,10.531,529.7085,1468.5438,8.4453,0.0795,0.0676,2.8286,0.7741,0.3525
JPM,Q1,2017-03-31,2017-05-15,40.0053,8.2237,9.794,539.4978,1498.3207,9.0125,0.0726,0.0617,2.8286,0.7741,0.3525
JPM,Q2,2017-06-30,2017-08-14,40.1059,7.2708,9.8187,549.3122,1526.0105,8.0014,0.0715,0.0608,2.8286,0.7741,0.3525
JPM,Q3,2017-09-30,2017-11-14,38.7288,4.9292,9.4815,558.7909,1553.7714,7.8539,0.0679,0.0577,2.8286,0.7741,0.3525
JPM,Q4,2017-12-31,2018-03-31,40.4301,3.7217,9.898,568.6868,1580.5826,8.6559,0.0696,0.0592,2.8286,0.7741,0.3525
JPM,Q1,2018-03-31,2018-05-15,42.0563,3.8958,10.2961,578.9807,1608.5739,9.1867,0.0711,0.0605,2.8286,0.7741,0.3525
JPM,Q2,2018-06-30,2018-08-14,41.2282,3.3323,10.0934,589.0722,1637.6909,9.6139,0.0685,0.0583,2.8286,0.7741,0.3525
JPM,Q3,2018-09-30,2018-11-14,43.6392,3.2718,10.6837,599.754,1666.2355,9.792,0.0713,0.0606,2.8286,0.7741,0.3525
JPM,Q4,2018-12-31,2019-03-31,45.1265,3.313,11.0478,610.7999,1696.4497,8.9354,0.0723,0.0615,2.8286,0.7741,0.3525
JPM,Q1,2019-03-31,2019-05-15,45.1867,3.5286,11.0625,621.8604,1727.6939,8.8645,0.0712,0.0605,2.8286,0.7741,0.3525
JPM,Q2,2019-06-30,2019-08-14,42.4644,3.674,10.3961,632.2543,1758.9793,8.4994,0.0658,0.0559,2.8286,0.7741,0.3525
JPM,Q3,2019-09-30,2019-11-14,42.7528,3.5001,10.4667,642.719,1788.3794,8.2849,0.0651,0.0554,2.8286,0.7741,0.3525
JPM,Q4,2019-12-31,2020-03-30,44.9805,3.5507,11.0121,653.729,1817.9795,9.122,0.0674,0.0573,2.8286,0.7741,0.3525
JPM,Q1,2020-03-31,2020-05-15,44.8042,3.3456,10.9689,664.696,1849.1222,9.4639,0.066,0.0561,2.8286,0.7741,0.3525
JPM,Q2,2020-06-30,2020-08-14,43.6547,3.3825,10.6875,675.3815,1880.1431,9.798,0.0633,0.0538,2.8286,0.7741,0.3525
JPM,Q3,2020-09-30,2020-11-14,43.121,3.9685,10.5568,685.9361,1910.3679,9.4437,0.0616,0.0523,2.8286,0.7741,0.3525
JPM,Q4,2020-12-31,2021-03-31,46.7612,4.4643,11.448,697.3815,1940.2222,9.4793,0.0657,0.0558,2.8286,0.7741,0.3525
JPM,Q1,2021-03-31,2021-05-15,48.1038,3.3722,11.7767,709.1562,1972.5965,10.5764,0.0664,0.0565,2.8286,0.7741,0.3525
JPM,Q2,2021-06-30,2021-08-14,48.6798,4.5517,11.9177,721.0713,2005.9023,10.4756,0.0661,0.0562,2.8286,0.7741,0.3525
JPM,Q3,2021-09-30,2021-11-14,48.0495,5.3011,11.7634,732.8317,2039.605,10.8186,0.0642,0.0546,2.8286,0.7741,0.3525
JPM,Q4,2021-12-31,2022-03-31,48.8854,4.0018,11.9681,744.7974,2072.8701,10.9424,0.0643,0.0546,2.8286,0.7741,0.3525
JPM,Q1,2022-03-31,2022-05-15,52.4542,3.3831,12.8417,757.6372,2106.7161,11.3209,0.0678,0.0576,2.8286,0.7741,0.3525
JPM,Q2,2022-06-30,2022-08-14,50.0797,3.527,12.2604,769.8956,2143.0345,11.2966,0.0637,0.0541,2.8286,0.7741,0.3525
JPM,Q3,2022-09-30,2022-11-14,48.9292,4.2733,11.9788,781.8719,2177.7082,11.5521,0.0613,0.0521,2.8286,0.7741,0.3525
JPM,Q4,2022-12-31,2023-03-31,54.0981,5.9011,13.2442,795.1127,2211.5841,12.7173,0.0666,0.0566,2.8286,0.7741,0.3525
JPM,Q1,2023-03-31,2023-05-15,54.8324,5.7868,13.424,808.5334,2249.0367,10.6598,0.0664,0.0564,2.8286,0.7741,0.3525
JPM,Q2,2023-06-30,2023-08-14,53.8036,5.5111,13.1721,821.7023,2286.9981,11.2435,0.0641,0.0545,2.8286,0.7741,0.3525
JPM,Q3,2023-09-30,2023-11-14,57.0027,5.516,13.9553,835.6544,2324.2474,13.4096,0.0668,0.0568,2.8286,0.7741,0.3525
JPM,Q4,2023-12-31,2024-03-30,60.393,4.488,14.7853,850.4372,2363.7121,12.7204,0.0695,0.0591,2.8286,0.7741,0.3525
JPM,Q1,2024-03-31,2024-05-15,61.9609,3.46,15.1692,865.6044,2405.5262,12.5696,0.0701,0.0596,2.8286,0.7741,0.3525
JPM,Q2,2024-06-30,2024-08-14,66.2489,2.8609,16.219,881.8217,2448.4277,13.698,0.0736,0.0625,2.8286,0.7741,0.3525
JPM,Q3,2024-09-30,2024-11-14,63.0274,2.5006,15.4303,897.2505,2494.2996,14.4895,0.0688,0.0585,2.8286,0.7741,0.3525
JPM,Q4,2024-12-31,2025-03-31,68.7766,2.6093,16.8378,914.0868,2537.9412,15.6861,0.0737,0.0626,2.8286,0.7741,0.3525
JPM,Q1,2025-03-31,2025-05-15,69.2979,2.2472,16.9654,931.0509,2585.5639,13.6603,0.0729,0.062,2.8286,0.7741,0.3525
JPM,Q2,2025-06-30,2025-08-14,70.5224,2.0126,17.2652,948.3149,2633.5481,14.6969,0.0728,0.0619,2.8286,0.7741,0.3525
JPM,Q3,2025-09-30,2025-11-14,70.8419,2.1728,17.3434,965.657,2682.3807,16.314,0.0718,0.0611,2.8286,0.7741,0.3525
JPM,Q4,2025-12-31,2026-03-31,69.3951,2.1572,16.9892,982.645,2731.4343,13.824,0.0692,0.0588,2.8286,0.7741,0.3525
JPM,Q1,2026-03-31,2026-05-15,70.4512,2.3939,17.2478,999.8914,2779.4861,15.5254,0.069,0.0586,2.8286,0.7741,0.3525
BAC,Q3,2009-09-30,2009-11-14,4.3938,3.5603,1.2414,27.2982,77.8486,1.0498,0.1819,0.1546,2.9876,0.7427,0.3714
BAC,Q4,2009-12-31,2010-03-31,4.309,4.071,1.2175,28.5156,81.5573,1.034,0.1708,0.1452,2.9876,0.7427,0.3714
BAC,Q1,2010-03-31,2010-05-15,4.1323,4.8594,1.1675,29.683,85.1944,1.006,0.1573,0.1337,2.9876,0.7427,0.3714
BAC,Q2,2010-06-30,2010-08-14,3.9593,5.213,1.1187,30.8015,88.6822,1.1282,0.1453,0.1235,2.9876,0.7427,0.3714
BAC,Q3,2010-09-30,2010-11-14,4.0816,4.8007,1.1532,31.9546,92.024,1.1129,0.1444,0.1227,2.9876,0.7427,0.3714
BAC,Q4,2010-12-31,2011-03-31,4.1712,4.2424,1.1785,33.1331,95.4691,1.1476,0.1423,0.1209,2.9876,0.7427,0.3714
BAC,Q1,2011-03-31,2011-05-15,4.2777,4.6068,1.2086,34.3416,98.9898,1.2082,0.1408,0.1197,2.9876,0.7427,0.3714
BAC,Q2,2011-06-30,2011-08-14,4.0972,5.0589,1.1576,35.4991,102.6004,1.1494,0.1304,0.1109,2.9876,0.7427,0.3714
BAC,Q3,2011-09-30,2011-11-14,3.9931,5.502,1.1282,36.6272,106.0587,1.1386,0.1232,0.1047,2.9876,0.7427,0.3714
BAC,Q4,2011-12-31,2012-03-30,4.2726,5.8433,1.2072,37.8342,109.429,1.0445,0.1276,0.1085,2.9876,0.7427,0.3714
BAC,Q1,2012-03-31,2012-05-15,4.3919,5.8588,1.2409,39.075,113.0352,1.0794,0.127,0.108,2.9876,0.7427,0.3714
BAC,Q2,2012-06-30,2012-08-14,4.2116,6.581,1.1899,40.2648,116.7422,1.0334,0.1182,0.1005,2.9876,0.7427,0.3714
BAC,Q3,2012-09-30,2012-11-14,4.1707,7.0958,1.1784,41.4431,120.2969,1.0696,0.1137,0.0967,2.9876,0.7427,0.3714
BAC,Q4,2012-12-31,2013-03-31,4.1228,7.3512,1.1648,42.6077,123.8171,1.061,0.1094,0.093,2.9876,0.7427,0.3714
BAC,Q1,2013-03-31,2013-05-15,4.1093,6.9532,1.161,43.7686,127.2967,1.0432,0.1061,0.0902,2.9876,0.7427,0.3714
BAC,Q2,2013-06-30,2013-08-14,4.4933,8.5809,1.2695,45.038,130.7651,1.0588,0.1128,0.0958,2.9876,0.7427,0.3714
BAC,Q3,2013-09-30,2013-11-14,4.5237,8.2473,1.2781,46.316,134.5575,1.1564,0.1104,0.0938,2.9876,0.7427,0.3714
BAC,Q4,2013-12-31,2014-03-31,4.3484,8.1558,1.2286,47.5444,138.3755,1.1993,0.1034,0.0879,2.9876,0.7427,0.3714
BAC,Q1,2014-03-31,2014-05-15,4.5865,9.8941,1.2959,48.84,142.0456,1.2786,0.1061,0.0902,2.9876,0.7427,0.3714
BAC,Q2,2014-06-30,2014-08-14,4.7444,8.5169,1.3405,50.1803,145.9165,1.3527,0.1069,0.0908,2.9876,0.7427,0.3714
BAC,Q3,2014-09-30,2014-11-14,4.3053,7.9792,1.2164,51.3966,149.9208,1.0302,0.0947,0.0805,2.9876,0.7427,0.3714
BAC,Q4,2014-12-31,2015-03-31,4.4005,9.002,1.2433,52.6397,153.5545,1.0426,0.0945,0.0803,2.9876,0.7427,0.3714
BAC,Q1,2015-03-31,2015-05-15,4.3984,7.6218,1.2427,53.8822,157.2685,1.1186,0.0923,0.0784,2.9876,0.7427,0.3714
BAC,Q2,2015-06-30,2015-08-14,4.7324,7.6864,1.3371,55.2191,160.9808,1.1152,0.0969,0.0823,2.9876,0.7427,0.3714
BAC,Q3,2015-09-30,2015-11-14,4.9747,7.4416,1.4055,56.6245,164.9751,1.1734,0.0993,0.0844,2.9876,0.7427,0.3714
BAC,Q4,2015-12-31,2016-03-30,4.9324,5.8164,1.3936,58.018,169.1738,1.3645,0.0961,0.0817,2.9876,0.7427,0.3714
BAC,Q1,2016-03-31,2016-05-15,5.0054,6.5597,1.4142,59.4321,173.337,1.2423,0.0952,0.0809,2.9876,0.7427,0.3714
BAC,Q2,2016-06-30,2016-08-14,5.1186,6.5676,1.4462,60.8781,177.5618,1.4389,0.095,0.0808,2.9876,0.7427,0.3714
BAC,Q3,2016-09-30,2016-11-14,5.2568,5.7168,1.4853,62.3633,181.8821,1.4923,0.0953,0.081,2.9876,0.7427,0.3714
BAC,Q4,2016-12-31,2017-03-31,5.2971,6.73,1.4966,63.8598,186.3192,1.4913,0.0937,0.0797,2.9876,0.7427,0.3714
BAC,Q1,2017-03-31,2017-05-15,5.2699,6.1433,1.489,65.3486,190.7902,1.473,0.0911,0.0775,2.9876,0.7427,0.3714
BAC,Q2,2017-06-30,2017-08-14,5.3739,7.0114,1.5183,66.8668,195.2383,1.2765,0.0908,0.0772,2.9876,0.7427,0.3714
BAC,Q3,2017-09-30,2017-11-14,5.9161,7.5351,1.6715,68.5381,199.774,1.5811,0.0976,0.0829,2.9876,0.7427,0.3714
BAC,Q4,2017-12-31,2018-03-31,5.6933,8.3055,1.6086,70.1466,204.7675,1.623,0.0917,0.078,2.9876,0.7427,0.3714
BAC,Q1,2018-03-31,2018-05-15,5.6458,8.48,1.5952,71.7416,209.5729,1.3984,0.0889,0.0756,2.9876,0.7427,0.3714
BAC,Q2,2018-06-30,2018-08-14,5.581,8.6148,1.5768,73.3182,214.3381,1.5966,0.086,0.0731,2.9876,0.7427,0.3714
BAC,Q3,2018-09-30,2018-11-14,5.672,9.1025,1.6026,74.9206,219.0486,1.337,0.0856,0.0727,2.9876,0.7427,0.3714
BAC,Q4,2018-12-31,2019-03-31,6.0548,8.3486,1.7107,76.6311,223.836,1.6471,0.0893,0.0759,2.9876,0.7427,0.3714
BAC,Q1,2019-03-31,2019-05-15,5.7908,6.3706,1.6361,78.2671,228.9464,1.5732,0.0836,0.0711,2.9876,0.7427,0.3714
BAC,Q2,2019-06-30,2019-08-14,6.1664,6.7685,1.7423,80.0093,233.8342,1.7185,0.0871,0.074,2.9876,0.7427,0.3714
BAC,Q3,2019-09-30,2019-11-14,6.1403,3.9245,1.7349,81.744,239.0391,1.5407,0.0849,0.0722,2.9876,0.7427,0.3714
BAC,Q4,2019-12-31,2020-03-30,6.2987,4.4881,1.7796,83.5236,244.222,1.7348,0.0852,0.0724,2.9876,0.7427,0.3714
BAC,Q1,2020-03-31,2020-05-15,5.8899,4.6633,1.6641,85.1876,249.5386,1.639,0.0781,0.0664,2.9876,0.7427,0.3714
BAC,Q2,2020-06-30,2020-08-14,5.9527,5.2336,1.6819,86.8694,254.5102,1.6631,0.0774,0.0658,2.9876,0.7427,0.3714
BAC,Q3,2020-09-30,2020-11-14,5.7696,6.3505,1.6301,88.4994,259.5347,1.6162,0.0737,0.0626,2.9876,0.7427,0.3714
BAC,Q4,2020-12-31,2021-03-31,5.4687,7.324,1.5451,90.0444,264.4046,1.5507,0.0686,0.0583,2.9876,0.7427,0.3714
BAC,Q1,2021-03-31,2021-05-15,5.7798,8.9186,1.633,91.6772,269.0204,1.4779,0.0713,0.0606,2.9876,0.7427,0.3714
BAC,Q2,2021-06-30,2021-08-14,5.9512,8.8594,1.6814,93.3584,273.8987,1.4102,0.072,0.0612,2.9876,0.7427,0.3714
BAC,Q3,2021-09-30,2021-11-14,6.8264,10.0858,1.9287,95.287,278.9217,1.821,0.081,0.0688,2.9876,0.7427,0.3714
BAC,Q4,2021-12-31,2022-03-31,7.0357,10.2873,1.9879,97.2746,284.6834,1.753,0.0817,0.0695,2.9876,0.7427,0.3714
BAC,Q1,2022-03-31,2022-05-15,6.9243,10.3575,1.9564,99.2308,290.6218,1.7541,0.0789,0.067,2.9876,0.7427,0.3714
BAC,Q2,2022-06-30,2022-08-14,7.1314,10.6827,2.0149,101.2454,296.4661,2.0327,0.0796,0.0677,2.9876,0.7427,0.3714
BAC,Q3,2022-09-30,2022-11-14,7.2828,8.9266,2.0577,103.3029,302.4852,1.9885,0.0797,0.0677,2.9876,0.7427,0.3714
BAC,Q4,2022-12-31,2023-03-31,7.4653,7.7565,2.1092,105.412,308.6322,2.0468,0.08,0.068,2.9876,0.7427,0.3714
BAC,Q1,2023-03-31,2023-05-15,7.6386,7.006,2.1582,107.5701,314.9334,1.8088,0.0803,0.0682,2.9876,0.7427,0.3714
BAC,Q2,2023-06-30,2023-08-14,7.6924,7.7484,2.1734,109.7433,321.3809,1.8441,0.0792,0.0673,2.9876,0.7427,0.3714
BAC,Q3,2023-09-30,2023-11-14,8.3342,8.1631,2.3547,112.0979,327.8737,2.2812,0.084,0.0714,2.9876,0.7427,0.3714
BAC,Q4,2023-12-31,2024-03-30,8.0652,9.4504,2.2787,114.3764,334.9084,2.2545,0.0797,0.0677,2.9876,0.7427,0.3714
BAC,Q1,2024-03-31,2024-05-15,8.6986,10.7139,2.4577,116.8339,341.7158,2.4567,0.0841,0.0715,2.9876,0.7427,0.3714
BAC,Q2,2024-06-30,2024-08-14,8.843,9.0994,2.4985,119.3321,349.0578,2.5291,0.0837,0.0712,2.9876,0.7427,0.3714
BAC,Q3,2024-09-30,2024-11-14,9.1506,9.3341,2.5854,121.9174,356.5218,2.4683,0.0848,0.0721,2.9876,0.7427,0.3714
BAC,Q4,2024-12-31,2025-03-31,9.0869,10.4904,2.5674,124.4845,364.2455,2.4669,0.0825,0.0701,2.9876,0.7427,0.3714
BAC,Q1,2025-03-31,2025-05-15,8.5996,9.9891,2.4297,126.9141,371.9153,2.0493,0.0766,0.0651,2.9876,0.7427,0.3714
BAC,Q2,2025-06-30,2025-08-14,8.9044,8.0728,2.5158,129.4297,379.1738,2.435,0.0778,0.0661,2.9876,0.7427,0.3714
BAC,Q3,2025-09-30,2025-11-14,9.0681,8.0166,2.5621,131.9916,386.6897,2.5217,0.0776,0.066,2.9876,0.7427,0.3714
BAC,Q4,2025-12-31,2026-03-31,9.1329,9.4116,2.5804,134.5718,394.3438,2.4307,0.0767,0.0652,2.9876,0.7427,0.3714
BAC,Q1,2026-03-31,2026-05-15,8.6086,7.8798,2.4323,137.0039,402.0526,2.4495,0.071,0.0604,2.9876,0.7427,0.3714
V,Q3,2009-09-30,2009-11-14,17.4914,4.0226,4.4302,87.5179,151.1259,3.1991,0.2025,0.1721,1.8189,0.7177,0.3546
V,Q4,2009-12-31,2010-03-31,17.8688,5.9065,4.5257,92.0432,159.1832,3.262,0.1967,0.1672,1.8189,0.7177,0.3546
V,Q1,2010-03-31,2010-05-15,18.4293,6.9531,4.6677,96.7105,167.4142,3.7238,0.1931,0.1641,1.8189,0.7177,0.3546
V,Q2,2010-06-30,2010-08-14,18.6387,5.9195,4.7207,101.4308,175.9033,3.2417,0.1862,0.1582,1.8189,0.7177,0.3546
V,Q3,2010-09-30,2010-11-14,19.508,6.176,4.9409,106.3713,184.489,3.6185,0.1858,0.1579,1.8189,0.7177,0.3546
V,Q4,2010-12-31,2011-03-31,19.2753,7.8305,4.882,111.2528,193.4751,3.9673,0.1755,0.1492,1.8189,0.7177,0.3546
V,Q1,2011-03-31,2011-05-15,18.4688,8.4536,4.6777,115.9299,202.3538,3.4763,0.1614,0.1372,1.8189,0.7177,0.3546
V,Q2,2011-06-30,2011-08-14,18.9983,9.4367,4.8118,120.7411,210.8609,3.9914,0.1594,0.1355,1.8189,0.7177,0.3546
V,Q3,2011-09-30,2011-11-14,20.0716,10.2823,5.0837,125.8241,219.6118,3.5348,0.1616,0.1374,1.8189,0.7177,0.3546
V,Q4,2011-12-31,2012-03-30,18.759,10.902,4.7512,130.5746,228.8571,3.7794,0.1455,0.1237,1.8189,0.7177,0.3546
V,Q1,2012-03-31,2012-05-15,19.0912,11.5791,4.8353,135.4091,237.4976,3.6002,0.1428,0.1214,1.8189,0.7177,0.3546
V,Q2,2012-06-30,2012-08-14,19.9042,9.8731,5.0413,140.4498,246.291,3.7337,0.1436,0.122,1.8189,0.7177,0.3546
V,Q3,2012-09-30,2012-11-14,20.5796,10.1844,5.2123,145.6614,255.4592,4.2147,0.1431,0.1217,1.8189,0.7177,0.3546
V,Q4,2012-12-31,2013-03-31,20.823,6.5945,5.274,150.9349,264.9385,3.8476,0.1398,0.1188,1.8189,0.7177,0.3546
V,Q1,2013-03-31,2013-05-15,20.4893,6.3128,5.1895,156.124,274.5304,3.6994,0.133,0.113,1.8189,0.7177,0.3546
V,Q2,2013-06-30,2013-08-14,20.8339,6.0394,5.2767,161.4003,283.9685,4.3727,0.1308,0.1112,1.8189,0.7177,0.3546
V,Q3,2013-09-30,2013-11-14,21.6168,5.5138,5.475,166.875,293.5655,3.8244,0.1312,0.1116,1.8189,0.7177,0.3546
V,Q4,2013-12-31,2014-03-31,21.3395,4.4908,5.4048,172.2794,303.5231,3.9282,0.1255,0.1067,1.8189,0.7177,0.3546
V,Q1,2014-03-31,2014-05-15,21.077,5.7763,5.3383,177.6174,313.3532,4.0645,0.1202,0.1022,1.8189,0.7177,0.3546
V,Q2,2014-06-30,2014-08-14,22.1909,4.9457,5.6204,183.2375,323.0621,4.4051,0.1227,0.1043,1.8189,0.7177,0.3546
V,Q3,2014-09-30,2014-11-14,23.8983,5.5079,6.0529,189.29,333.2843,4.6995,0.1279,0.1087,1.8189,0.7177,0.3546
V,Q4,2014-12-31,2015-03-31,23.7305,6.1624,6.0104,195.3,344.293,4.1952,0.1231,0.1046,1.8189,0.7177,0.3546
V,Q1,2015-03-31,2015-05-15,24.3618,6.7515,6.1703,201.4698,355.2244,4.3046,0.1225,0.1041,1.8189,0.7177,0.3546
V,Q2,2015-06-30,2015-08-14,24.8154,7.6498,6.2851,207.7544,366.4464,5.1458,0.121,0.1029,1.8189,0.7177,0.3546
V,Q3,2015-09-30,2015-11-14,22.8931,8.0065,5.7983,213.5521,377.8773,4.7048,0.1086,0.0923,1.8189,0.7177,0.3546
V,Q4,2015-12-31,2016-03-30,23.3336,11.0143,5.9098,219.4613,388.4226,4.3478,0.1077,0.0916,1.8189,0.7177,0.3546
V,Q1,2016-03-31,2016-05-15,23.3741,10.2715,5.9201,225.3807,399.1705,4.4635,0.1051,0.0893,1.8189,0.7177,0.3546
V,Q2,2016-06-30,2016-08-14,24.8478,12.3332,6.2933,231.6732,409.9371,4.5406,0.1087,0.0924,1.8189,0.7177,0.3546
V,Q3,2016-09-30,2016-11-14,24.5293,12.2604,6.2127,237.8851,421.3824,4.4966,0.1045,0.0888,1.8189,0.7177,0.3546
V,Q4,2016-12-31,2017-03-31,25.6159,11.7041,6.4879,244.3722,432.6809,4.9386,0.1062,0.0903,1.8189,0.7177,0.3546
V,Q1,2017-03-31,2017-05-15,25.0879,10.9406,6.3542,250.7256,444.4801,4.4956,0.1014,0.0862,1.8189,0.7177,0.3546
V,Q2,2017-06-30,2017-08-14,27.3287,10.667,6.9217,257.6466,456.0362,4.9365,0.1075,0.0913,1.8189,0.7177,0.3546
V,Q3,2017-09-30,2017-11-14,27.0505,9.5103,6.8513,264.4972,468.6245,4.6604,0.1036,0.0881,1.8189,0.7177,0.3546
V,Q4,2017-12-31,2018-03-31,28.0241,7.4122,7.0978,271.5946,481.0849,4.9126,0.1045,0.0889,1.8189,0.7177,0.3546
V,Q1,2018-03-31,2018-05-15,27.6007,7.418,6.9906,278.5847,493.994,5.6953,0.1004,0.0853,1.8189,0.7177,0.3546
V,Q2,2018-06-30,2018-08-14,28.7216,8.9382,7.2745,285.8586,506.7081,5.8795,0.1018,0.0865,1.8189,0.7177,0.3546
V,Q3,2018-09-30,2018-11-14,27.884,10.6614,7.0623,292.9202,519.9383,4.8053,0.0964,0.082,1.8189,0.7177,0.3546
V,Q4,2018-12-31,2019-03-31,26.9936,11.3035,6.8368,299.7563,532.7825,5.4407,0.0912,0.0775,1.8189,0.7177,0.3546
V,Q1,2019-03-31,2019-05-15,25.4612,10.991,6.4487,306.2043,545.2164,4.9912,0.0842,0.0716,1.8189,0.7177,0.3546
V,Q2,2019-06-30,2019-08-14,25.2517,8.8974,6.3957,312.5994,556.9445,4.5046,0.0818,0.0696,1.8189,0.7177,0.3546
V,Q3,2019-09-30,2019-11-14,25.1096,9.7553,6.3596,318.9584,568.5762,4.79,0.0798,0.0678,1.8189,0.7177,0.3546
V,Q4,2019-12-31,2020-03-30,23.62,11.5377,5.9824,324.94,580.1424,4.3877,0.0736,0.0626,1.8189,0.7177,0.3546
V,Q1,2020-03-31,2020-05-15,24.1005,14.1753,6.1041,331.0431,591.0222,4.3813,0.0738,0.0627,1.8189,0.7177,0.3546
V,Q2,2020-06-30,2020-08-14,26.1037,13.5715,6.6114,337.6537,602.123,4.9256,0.0783,0.0666,1.8189,0.7177,0.3546
V,Q3,2020-09-30,2020-11-14,26.8913,14.5488,6.8109,344.4637,614.1467,5.1369,0.0791,0.0672,1.8189,0.7177,0.3546
V,Q4,2020-12-31,2021-03-31,25.5205,14.1901,6.4637,350.9264,626.5331,4.9691,0.0737,0.0626,1.8189,0.7177,0.3546
V,Q1,2021-03-31,2021-05-15,25.1421,15.7063,6.3679,357.2933,638.288,5.022,0.0713,0.0606,1.8189,0.7177,0.3546
V,Q2,2021-06-30,2021-08-14,25.2933,13.9413,6.4062,363.6986,649.8685,5.0622,0.0705,0.0599,1.8189,0.7177,0.3546
V,Q3,2021-09-30,2021-11-14,26.5697,12.5546,6.7295,370.4272,661.5188,5.3516,0.0727,0.0618,1.8189,0.7177,0.3546
V,Q4,2021-12-31,2022-03-31,27.9049,7.1957,7.0676,377.4944,673.7573,5.4708,0.0749,0.0637,1.8189,0.7177,0.3546
V,Q1,2022-03-31,2022-05-15,28.0448,8.3477,7.1031,384.5969,686.6116,5.2486,0.0739,0.0628,1.8189,0.7177,0.3546
V,Q2,2022-06-30,2022-08-14,28.2591,9.0023,7.1574,391.7537,699.5301,5.514,0.0731,0.0621,1.8189,0.7177,0.3546
V,Q3,2022-09-30,2022-11-14,27.4017,8.2336,6.9402,398.6933,712.5473,5.7042,0.0696,0.0592,1.8189,0.7177,0.3546
V,Q4,2022-12-31,2023-03-31,25.8081,6.2805,6.5366,405.2295,725.1696,5.3218,0.0645,0.0548,1.8189,0.7177,0.3546
V,Q1,2023-03-31,2023-05-15,25.3789,4.8017,6.4279,411.657,737.058,4.6007,0.0625,0.0531,1.8189,0.7177,0.3546
V,Q2,2023-06-30,2023-08-14,27.5782,4.5131,6.9849,418.6417,748.7488,5.0986,0.0667,0.0567,1.8189,0.7177,0.3546
V,Q3,2023-09-30,2023-11-14,26.3647,3.9023,6.6775,425.3189,761.4529,4.7909,0.0628,0.0534,1.8189,0.7177,0.3546
V,Q4,2023-12-31,2024-03-30,27.5975,2.9763,6.9898,432.3085,773.598,4.937,0.0647,0.055,1.8189,0.7177,0.3546
V,Q1,2024-03-31,2024-05-15,24.9008,1.9909,6.3068,438.6152,786.3111,4.6308,0.0575,0.0489,1.8189,0.7177,0.3546
V,Q2,2024-06-30,2024-08-14,24.5947,1.7066,6.2293,444.8443,797.782,4.9829,0.056,0.0476,1.8189,0.7177,0.3546
V,Q3,2024-09-30,2024-11-14,25.2723,2.0572,6.4009,451.245,809.112,4.4798,0.0567,0.0482,1.8189,0.7177,0.3546
V,Q4,2024-12-31,2025-03-31,25.0714,2.2462,6.35,457.5949,820.7541,5.0073,0.0555,0.0472,1.8189,0.7177,0.3546
V,Q1,2025-03-31,2025-05-15,24.358,2.5701,6.1693,463.764,832.3036,4.3368,0.0532,0.0452,1.8189,0.7177,0.3546
V,Q2,2025-06-30,2025-08-14,27.1974,2.9072,6.8884,470.6523,843.5244,5.5733,0.0585,0.0498,1.8189,0.7177,0.3546
V,Q3,2025-09-30,2025-11-14,27.5953,2.6382,6.9892,477.6413,856.0532,5.369,0.0585,0.0498,1.8189,0.7177,0.3546
V,Q4,2025-12-31,2026-03-31,27.3531,2.6138,6.9279,484.569,868.7653,5.6508,0.0572,0.0486,1.8189,0.7177,0.3546
V,Q1,2026-03-31,2026-05-15,26.7955,1.8712,6.7866,491.3555,881.3659,5.2615,0.0552,0.047,1.8189,0.7177,0.3546
MA,Q3,2009-09-30,2009-11-14,38.8365,5.331,8.5997,217.6367,747.9814,8.1352,0.1581,0.1343,3.5782,0.5586,0.305
MA,Q4,2009-12-31,2010-03-31,35.8851,6.6553,7.9462,225.5824,778.7515,7.2117,0.1409,0.1198,3.5782,0.5586,0.305
MA,Q1,2010-03-31,2010-05-15,35.2512,6.9553,7.8058,233.3876,807.1827,7.1025,0.1338,0.1137,3.5782,0.5586,0.305
MA,Q2,2010-06-30,2010-08-14,36.39,7.2457,8.058,241.445,835.1117,7.182,0.1335,0.1135,3.5782,0.5586,0.305
MA,Q3,2010-09-30,2010-11-14,35.4254,8.2585,7.8444,249.2888,863.9428,7.1064,0.1259,0.107,3.5782,0.5586,0.305
MA,Q4,2010-12-31,2011-03-31,38.5044,11.3915,8.5262,257.814,892.0093,7.6025,0.1323,0.1124,3.5782,0.5586,0.305
MA,Q1,2011-03-31,2011-05-15,40.2524,11.0783,8.9132,266.7264,922.5146,8.3646,0.1337,0.1136,3.5782,0.5586,0.305
MA,Q2,2011-06-30,2011-08-14,41.8472,9.6145,9.2664,275.992,954.405,8.1462,0.1343,0.1142,3.5782,0.5586,0.305
MA,Q3,2011-09-30,2011-11-14,40.7539,12.6392,9.0243,285.0153,987.5593,8.3578,0.1266,0.1077,3.5782,0.5586,0.305
MA,Q4,2011-12-31,2012-03-30,40.8459,14.8216,9.0447,294.0588,1019.8466,7.9534,0.123,0.1046,3.5782,0.5586,0.305
MA,Q1,2012-03-31,2012-05-15,41.5297,17.1568,9.1961,303.2535,1052.2062,8.2349,0.1213,0.1031,3.5782,0.5586,0.305
MA,Q2,2012-06-30,2012-08-14,45.907,15.6814,10.1654,313.4176,1085.1069,9.167,0.1297,0.1103,3.5782,0.5586,0.305
MA,Q3,2012-09-30,2012-11-14,47.3416,17.2345,10.483,323.8993,1121.4763,8.4213,0.1295,0.11,3.5782,0.5586,0.305
MA,Q4,2012-12-31,2013-03-31,49.0491,17.8985,10.8611,334.759,1158.982,9.3618,0.1298,0.1103,3.5782,0.5586,0.305
MA,Q1,2013-03-31,2013-05-15,50.6188,18.2302,11.2087,345.9663,1197.8404,9.2332,0.1296,0.1102,3.5782,0.5586,0.305
MA,Q2,2013-06-30,2013-08-14,51.494,20.0,11.4025,357.3672,1237.9425,10.3303,0.1276,0.1085,3.5782,0.5586,0.305
MA,Q3,2013-09-30,2013-11-14,52.0153,20.0,11.5179,368.8836,1278.7374,10.6074,0.1249,0.1062,3.5782,0.5586,0.305
MA,Q4,2013-12-31,2014-03-31,53.6136,20.0,11.8719,380.7538,1319.9455,11.1479,0.1247,0.106,3.5782,0.5586,0.305
MA,Q1,2014-03-31,2014-05-15,53.1699,20.0,11.7736,392.5258,1362.4199,11.0166,0.12,0.102,3.5782,0.5586,0.305
MA,Q2,2014-06-30,2014-08-14,53.9426,20.0,11.9447,404.4689,1404.5427,11.0805,0.1181,0.1004,3.5782,0.5586,0.305
MA,Q3,2014-09-30,2014-11-14,59.2137,20.0,13.1119,417.5793,1447.2777,11.4661,0.1256,0.1068,3.5782,0.5586,0.305
MA,Q4,2014-12-31,2015-03-31,62.1614,20.0,13.7646,431.3423,1494.1894,11.032,0.1276,0.1085,3.5782,0.5586,0.305
MA,Q1,2015-03-31,2015-05-15,62.6288,20.0,13.8681,445.2089,1543.4365,11.0544,0.1246,0.1059,3.5782,0.5586,0.305
MA,Q2,2015-06-30,2015-08-14,62.2173,18.3568,13.777,458.9844,1593.054,12.5322,0.1201,0.1021,3.5782,0.5586,0.305
MA,Q3,2015-09-30,2015-11-14,62.9592,19.9751,13.9413,472.9241,1642.3459,12.7265,0.1179,0.1002,3.5782,0.5586,0.305
MA,Q4,2015-12-31,2016-03-30,65.8737,20.0,14.5867,487.5092,1692.2252,11.8753,0.1197,0.1017,3.5782,0.5586,0.305
MA,Q1,2016-03-31,2016-05-15,68.12,20.0,15.0841,502.5917,1744.4138,13.1775,0.1201,0.102,3.5782,0.5586,0.305
MA,Q2,2016-06-30,2016-08-14,72.6559,20.0,16.0885,518.6786,1798.3822,15.0905,0.1241,0.1055,3.5782,0.5586,0.305
MA,Q3,2016-09-30,2016-11-14,77.7306,20.0,17.2122,535.8891,1855.9445,15.044,0.1285,0.1092,3.5782,0.5586,0.305
MA,Q4,2016-12-31,2017-03-31,77.0019,17.4994,17.0508,552.9386,1917.5278,14.6152,0.1233,0.1048,3.5782,0.5586,0.305
MA,Q1,2017-03-31,2017-05-15,80.9699,16.8517,17.9295,570.8667,1978.5343,14.7115,0.1256,0.1068,3.5782,0.5586,0.305
MA,Q2,2017-06-30,2017-08-14,85.4186,15.0353,18.9146,589.7801,2042.6851,15.4529,0.1283,0.109,3.5782,0.5586,0.305
MA,Q3,2017-09-30,2017-11-14,89.367,16.1063,19.7889,609.5677,2110.3612,15.7535,0.1299,0.1104,3.5782,0.5586,0.305
MA,Q4,2017-12-31,2018-03-31,93.2166,16.1017,20.6413,630.2077,2181.1654,18.6631,0.131,0.1114,3.5782,0.5586,0.305
MA,Q1,2018-03-31,2018-05-15,93.0365,18.0365,20.6014,650.8077,2255.02,17.5763,0.1266,0.1076,3.5782,0.5586,0.305
MA,Q2,2018-06-30,2018-08-14,95.473,20.0,21.1409,671.947,2328.7312,19.5172,0.1258,0.107,3.5782,0.5586,0.305
MA,Q3,2018-09-30,2018-11-14,93.6995,17.5767,20.7482,692.6938,2404.3723,19.1296,0.1198,0.1018,3.5782,0.5586,0.305
MA,Q4,2018-12-31,2019-03-31,94.9852,16.6697,21.0329,713.7254,2478.609,19.3362,0.1179,0.1002,3.5782,0.5586,0.305
MA,Q1,2019-03-31,2019-05-15,101.9005,16.468,22.5642,736.2883,2553.8647,20.9652,0.1226,0.1042,3.5782,0.5586,0.305
MA,Q2,2019-06-30,2019-08-14,108.3486,19.2734,23.992,760.2788,2634.5996,22.9619,0.1262,0.1073,3.5782,0.5586,0.305
MA,Q3,2019-09-30,2019-11-14,111.0863,17.7857,24.5983,784.8757,2720.4428,23.7232,0.1254,0.1066,3.5782,0.5586,0.305
MA,Q4,2019-12-31,2020-03-30,116.9331,16.4539,25.8929,810.7673,2808.4557,21.5748,0.1277,0.1086,3.5782,0.5586,0.305
MA,Q1,2020-03-31,2020-05-15,123.0406,20.0,27.2453,838.0111,2901.1015,22.8813,0.13,0.1105,3.5782,0.5586,0.305
MA,Q2,2020-06-30,2020-08-14,126.0651,20.0,27.9151,865.9245,2998.5856,22.1063,0.1289,0.1096,3.5782,0.5586,0.305
MA,Q3,2020-09-30,2020-11-14,123.2923,20.0,27.3011,893.224,3098.4661,26.0381,0.1223,0.1039,3.5782,0.5586,0.305
MA,Q4,2020-12-31,2021-03-31,125.506,19.0213,27.7913,921.0138,3196.1496,22.0449,0.1207,0.1026,3.5782,0.5586,0.305
MA,Q1,2021-03-31,2021-05-15,117.4137,16.5392,25.9993,947.0118,3295.5873,20.6574,0.1098,0.0933,3.5782,0.5586,0.305
MA,Q2,2021-06-30,2021-08-14,112.4378,18.6788,24.8975,971.9079,3388.6139,23.7276,0.1025,0.0871,3.5782,0.5586,0.305
MA,Q3,2021-09-30,2021-11-14,112.0426,20.0,24.81,996.7163,3477.6974,21.2087,0.0996,0.0846,3.5782,0.5586,0.305
MA,Q4,2021-12-31,2022-03-31,110.4475,20.0,24.4568,1021.1715,3566.4674,22.3106,0.0958,0.0814,3.5782,0.5586,0.305
MA,Q1,2022-03-31,2022-05-15,103.927,19.5721,23.0129,1044.1829,3653.9734,18.2754,0.0882,0.0749,3.5782,0.5586,0.305
MA,Q2,2022-06-30,2022-08-14,102.6303,19.4337,22.7258,1066.9072,3736.3132,20.3253,0.0852,0.0724,3.5782,0.5586,0.305
MA,Q3,2022-09-30,2022-11-14,101.1795,20.0,22.4046,1089.3101,3817.6255,18.8781,0.0823,0.0699,3.5782,0.5586,0.305
MA,Q4,2022-12-31,2023-03-31,102.2161,20.0,22.6341,1111.9426,3897.7882,18.9317,0.0814,0.0692,3.5782,0.5586,0.305
MA,Q1,2023-03-31,2023-05-15,104.1018,20.0,23.0516,1134.9927,3978.7722,18.608,0.0812,0.0691,3.5782,0.5586,0.305
MA,Q2,2023-06-30,2023-08-14,112.2436,20.0,24.8545,1159.8456,4061.2503,20.5147,0.0857,0.0729,3.5782,0.5586,0.305
MA,Q3,2023-09-30,2023-11-14,103.4914,20.0,22.9165,1182.7605,4150.1795,20.5959,0.0775,0.0659,3.5782,0.5586,0.305
MA,Q4,2023-12-31,2024-03-30,102.2985,18.2711,22.6523,1205.4114,4232.174,19.6372,0.0752,0.0639,3.5782,0.5586,0.305
MA,Q1,2024-03-31,2024-05-15,102.1216,13.829,22.6132,1228.0235,4313.2238,21.1971,0.0737,0.0626,3.5782,0.5586,0.305
MA,Q2,2024-06-30,2024-08-14,104.9621,16.608,23.2421,1251.2643,4394.1347,18.4694,0.0743,0.0632,3.5782,0.5586,0.305
MA,Q3,2024-09-30,2024-11-14,112.8247,18.9676,24.9832,1276.246,4477.2954,21.5388,0.0783,0.0666,3.5782,0.5586,0.305
MA,Q4,2024-12-31,2025-03-31,113.6585,19.6477,25.1678,1301.4122,4566.6852,21.5809,0.0774,0.0658,3.5782,0.5586,0.305
MA,Q1,2025-03-31,2025-05-15,123.0334,20.0,27.2437,1328.6544,4656.7356,24.2683,0.082,0.0697,3.5782,0.5586,0.305
MA,Q2,2025-06-30,2025-08-14,119.9719,16.1927,26.5658,1355.2189,4754.2139,21.4674,0.0784,0.0666,3.5782,0.5586,0.305
MA,Q3,2025-09-30,2025-11-14,127.7912,16.1209,28.2973,1383.5149,4849.2676,24.5989,0.0818,0.0695,3.5782,0.5586,0.305
MA,Q4,2025-12-31,2026-03-31,127.6155,15.0992,28.2584,1411.7721,4950.5168,24.2959,0.0801,0.0681,3.5782,0.5586,0.305
MA,Q1,2026-03-31,2026-05-15,121.2355,16.6135,26.8456,1438.6164,5051.6271,25.9304,0.0746,0.0634,3.5782,0.5586,0.305
HD,Q3,2009-09-30,2009-11-14,37.8769,0.7137,2.6227,50.502,35.9081,1.9343,0.2077,0.1766,0.75,0.4922,0.1377
HD,Q4,2009-12-31,2010-03-31,37.0262,0.7531,2.5638,53.0643,37.8739,2.0747,0.1933,0.1643,0.75,0.4922,0.1377
HD,Q1,2010-03-31,2010-05-15,37.6609,0.8081,2.6077,55.6704,39.7955,2.0497,0.1874,0.1593,0.75,0.4922,0.1377
HD,Q2,2010-06-30,2010-08-14,38.9399,0.9173,2.6963,58.3649,41.75,1.8603,0.1848,0.1571,0.75,0.4922,0.1377
HD,Q3,2010-09-30,2010-11-14,40.9002,1.0503,2.832,61.1949,43.7708,2.0452,0.1851,0.1573,0.75,0.4922,0.1377
HD,Q4,2010-12-31,2011-03-31,42.4745,1.1228,2.941,64.1337,45.8931,2.2027,0.1834,0.1559,0.75,0.4922,0.1377
HD,Q1,2011-03-31,2011-05-15,43.4517,1.2903,3.0087,67.1399,48.0971,1.9999,0.1792,0.1524,0.75,0.4922,0.1377
HD,Q2,2011-06-30,2011-08-14,40.7212,1.2475,2.8196,69.9571,50.3516,2.0637,0.1612,0.137,0.75,0.4922,0.1377
HD,Q3,2011-09-30,2011-11-14,43.2757,1.2269,2.9965,72.9512,52.4643,2.4094,0.1643,0.1397,0.75,0.4922,0.1377
HD,Q4,2011-12-31,2012-03-30,42.8347,1.0044,2.966,75.9152,54.7097,2.355,0.1563,0.1328,0.75,0.4922,0.1377
HD,Q1,2012-03-31,2012-05-15,43.2022,1.0894,2.9914,78.9045,56.9326,2.3411,0.1516,0.1289,0.75,0.4922,0.1377
HD,Q2,2012-06-30,2012-08-14,40.3196,1.1602,2.7918,81.694,59.1744,1.9776,0.1367,0.1162,0.75,0.4922,0.1377
HD,Q3,2012-09-30,2012-11-14,40.1587,1.2038,2.7807,84.4724,61.2664,1.91,0.1317,0.1119,0.75,0.4922,0.1377
HD,Q4,2012-12-31,2013-03-31,40.2759,1.2481,2.7888,87.2587,63.3501,1.8618,0.1278,0.1087,0.75,0.4922,0.1377
HD,Q1,2013-03-31,2013-05-15,40.0016,1.2237,2.7698,90.0261,65.4397,1.8987,0.1231,0.1046,0.75,0.4922,0.1377
HD,Q2,2013-06-30,2013-08-14,41.0009,1.2592,2.839,92.8627,67.5151,2.2715,0.1223,0.1039,0.75,0.4922,0.1377
HD,Q3,2013-09-30,2013-11-14,41.909,1.046,2.9019,95.7625,69.6424,2.0557,0.1212,0.103,0.75,0.4922,0.1377
HD,Q4,2013-12-31,2014-03-31,43.8264,1.1965,3.0346,98.7948,71.8171,2.137,0.1229,0.1044,0.75,0.4922,0.1377
HD,Q1,2014-03-31,2014-05-15,45.8868,1.2438,3.1773,101.9697,74.0912,2.4869,0.1246,0.1059,0.75,0.4922,0.1377
HD,Q2,2014-06-30,2014-08-14,44.6195,1.2947,3.0895,105.0567,76.4722,2.3829,0.1176,0.1,0.75,0.4922,0.1377
HD,Q3,2014-09-30,2014-11-14,45.2823,1.478,3.1354,108.1892,78.7873,2.3935,0.1159,0.0985,0.75,0.4922,0.1377
HD,Q4,2014-12-31,2015-03-31,45.8254,1.3776,3.173,111.3596,81.1365,2.2501,0.114,0.0969,0.75,0.4922,0.1377
HD,Q1,2015-03-31,2015-05-15,45.3126,1.3383,3.1375,114.4945,83.5141,2.2408,0.1096,0.0932,0.75,0.4922,0.1377
HD,Q2,2015-06-30,2015-08-14,48.3946,1.2481,3.3509,117.843,85.8652,2.4447,0.1137,0.0967,0.75,0.4922,0.1377
HD,Q3,2015-09-30,2015-11-14,53.5706,1.2888,3.7093,121.5499,88.3764,2.9169,0.1221,0.1038,0.75,0.4922,0.1377
HD,Q4,2015-12-31,2016-03-30,51.456,1.4876,3.5629,125.1099,91.1563,2.8239,0.1139,0.0968,0.75,0.4922,0.1377
HD,Q1,2016-03-31,2016-05-15,51.1872,1.5122,3.5443,128.6513,93.8262,2.4545,0.1102,0.0937,0.75,0.4922,0.1377
HD,Q2,2016-06-30,2016-08-14,51.9502,1.7265,3.5971,132.245,96.482,2.8911,0.1088,0.0925,0.75,0.4922,0.1377
HD,Q3,2016-09-30,2016-11-14,51.6815,1.4874,3.5785,135.8207,99.1772,2.8456,0.1054,0.0896,0.75,0.4922,0.1377
HD,Q4,2016-12-31,2017-03-31,54.0881,1.4318,3.7452,139.5631,101.8587,2.614,0.1073,0.0912,0.75,0.4922,0.1377
HD,Q1,2017-03-31,2017-05-15,56.1216,1.6705,3.886,143.4458,104.6653,2.8797,0.1084,0.0921,0.75,0.4922,0.1377
HD,Q2,2017-06-30,2017-08-14,57.0283,1.8347,3.9488,147.391,107.5772,2.8301,0.1072,0.0911,0.75,0.4922,0.1377
HD,Q3,2017-09-30,2017-11-14,56.8528,1.5434,3.9366,151.3246,110.5359,2.6357,0.1041,0.0884,0.75,0.4922,0.1377
HD,Q4,2017-12-31,2018-03-31,53.9743,1.4062,3.7373,155.0591,113.4859,2.6923,0.0964,0.0819,0.75,0.4922,0.1377
HD,Q1,2018-03-31,2018-05-15,53.453,1.416,3.7012,158.7576,116.2866,2.7928,0.0933,0.0793,0.75,0.4922,0.1377
HD,Q2,2018-06-30,2018-08-14,54.2164,1.2272,3.7541,162.5092,119.0603,2.5988,0.0924,0.0785,0.75,0.4922,0.1377
HD,Q3,2018-09-30,2018-11-14,55.9606,1.1438,3.8748,166.3818,121.8738,2.7631,0.0932,0.0792,0.75,0.4922,0.1377
HD,Q4,2018-12-31,2019-03-31,55.2723,1.1076,3.8272,170.2069,124.7781,2.6032,0.0899,0.0765,0.75,0.4922,0.1377
HD,Q1,2019-03-31,2019-05-15,56.8787,1.2162,3.9384,174.1429,127.6466,2.7044,0.0905,0.0769,0.75,0.4922,0.1377
HD,Q2,2019-06-30,2019-08-14,59.7224,1.3497,4.1353,178.2756,130.5985,2.974,0.0928,0.0789,0.75,0.4922,0.1377
HD,Q3,2019-09-30,2019-11-14,59.7476,1.3099,4.1371,182.4101,133.6978,2.9478,0.0907,0.0771,0.75,0.4922,0.1377
HD,Q4,2019-12-31,2020-03-30,62.1124,1.1535,4.3008,186.7086,136.7984,3.3547,0.0921,0.0783,0.75,0.4922,0.1377
HD,Q1,2020-03-31,2020-05-15,62.7611,1.0119,4.3457,191.0523,140.0221,3.2709,0.091,0.0773,0.75,0.4922,0.1377
HD,Q2,2020-06-30,2020-08-14,60.496,1.004,4.1889,195.2393,143.2797,3.1348,0.0858,0.0729,0.75,0.4922,0.1377
HD,Q3,2020-09-30,2020-11-14,64.2071,1.1307,4.4458,199.6829,146.4197,3.0966,0.0891,0.0757,0.75,0.4922,0.1377
HD,Q4,2020-12-31,2021-03-31,65.6486,1.1839,4.5456,204.2262,149.7522,3.4251,0.089,0.0757,0.75,0.4922,0.1377
HD,Q1,2021-03-31,2021-05-15,63.1385,1.3334,4.3718,208.5955,153.1595,3.462,0.0838,0.0713,0.75,0.4922,0.1377
HD,Q2,2021-06-30,2021-08-14,63.8152,1.3097,4.4187,213.0116,156.4362,3.4442,0.083,0.0705,0.75,0.4922,0.1377
HD,Q3,2021-09-30,2021-11-14,59.8724,1.1333,4.1457,217.1551,159.7481,3.0889,0.0764,0.0649,0.75,0.4922,0.1377
HD,Q4,2021-12-31,2022-03-31,60.9374,1.2455,4.2194,221.3721,162.8555,3.1419,0.0762,0.0648,0.75,0.4922,0.1377
HD,Q1,2022-03-31,2022-05-15,57.8279,1.0697,4.0041,225.3741,166.018,2.9487,0.0711,0.0604,0.75,0.4922,0.1377
HD,Q2,2022-06-30,2022-08-14,59.7347,1.3816,4.1362,229.5076,169.0194,2.932,0.0721,0.0613,0.75,0.4922,0.1377
HD,Q3,2022-09-30,2022-11-14,58.1211,1.6502,4.0244,233.5288,172.1193,2.772,0.0689,0.0586,0.75,0.4922,0.1377
HD,Q4,2022-12-31,2023-03-31,58.0612,1.842,4.0203,237.5455,175.135,3.0659,0.0677,0.0575,0.75,0.4922,0.1377
HD,Q1,2023-03-31,2023-05-15,59.7008,1.7426,4.1338,241.6759,178.1473,3.0832,0.0684,0.0582,0.75,0.4922,0.1377
HD,Q2,2023-06-30,2023-08-14,62.2794,1.5152,4.3124,245.9853,181.2449,3.2064,0.0701,0.0596,0.75,0.4922,0.1377
HD,Q3,2023-09-30,2023-11-14,61.1642,1.4706,4.2351,250.2176,184.4767,3.1445,0.0677,0.0575,0.75,0.4922,0.1377
HD,Q4,2023-12-31,2024-03-30,60.1425,1.443,4.1644,254.3792,187.6507,3.0695,0.0655,0.0557,0.75,0.4922,0.1377
HD,Q1,2024-03-31,2024-05-15,60.4973,1.4617,4.189,258.5653,190.7717,2.9904,0.0648,0.0551,0.75,0.4922,0.1377
HD,Q2,2024-06-30,2024-08-14,61.7283,1.6363,4.2742,262.8363,193.9111,2.9546,0.065,0.0553,0.75,0.4922,0.1377
HD,Q3,2024-09-30,2024-11-14,68.0348,1.5431,4.7109,267.5442,197.1141,3.7499,0.0704,0.0599,0.75,0.4922,0.1377
HD,Q4,2024-12-31,2025-03-31,65.273,1.2994,4.5196,272.0613,200.6448,3.1768,0.0665,0.0565,0.75,0.4922,0.1377
HD,Q1,2025-03-31,2025-05-15,65.7118,1.1782,4.55,276.609,204.0324,3.4543,0.0658,0.0559,0.75,0.4922,0.1377
HD,Q2,2025-06-30,2025-08-14,67.3359,1.2502,4.6625,281.2691,207.443,3.4905,0.0663,0.0564,0.75,0.4922,0.1377
HD,Q3,2025-09-30,2025-11-14,67.1428,1.2334,4.6491,285.9158,210.9378,3.1872,0.065,0.0553,0.75,0.4922,0.1377
HD,Q4,2025-12-31,2026-03-31,64.4478,1.2453,4.4625,290.3758,214.4226,3.2857,0.0615,0.0523,0.75,0.4922,0.1377
HD,Q1,2026-03-31,2026-05-15,66.4223,1.1989,4.5992,294.9727,217.7674,3.2983,0.0624,0.053,0.75,0.4922,0.1377
XOM,Q3,2009-09-30,2009-11-14,6.2752,0.8456,0.9295,32.4227,22.7587,0.862,0.1147,0.0975,0.7226,0.2532,0.103
XOM,Q4,2009-12-31,2010-03-31,6.3856,0.8972,0.9458,33.3678,23.4299,0.8731,0.1134,0.0964,0.7226,0.2532,0.103
XOM,Q1,2010-03-31,2010-05-15,5.9065,0.588,0.8749,34.2423,24.1129,0.7636,0.1022,0.0869,0.7226,0.2532,0.103
XOM,Q2,2010-06-30,2010-08-14,5.9302,0.5073,0.8784,35.1203,24.7448,0.7789,0.1,0.085,0.7226,0.2532,0.103
XOM,Q3,2010-09-30,2010-11-14,6.0913,0.6363,0.9022,36.022,25.3792,0.7218,0.1002,0.0852,0.7226,0.2532,0.103
XOM,Q4,2010-12-31,2011-03-31,5.9818,0.5515,0.886,36.9076,26.0309,0.8096,0.096,0.0816,0.7226,0.2532,0.103
XOM,Q1,2011-03-31,2011-05-15,6.0292,0.4201,0.893,37.8003,26.6708,0.7557,0.0945,0.0803,0.7226,0.2532,0.103
XOM,Q2,2011-06-30,2011-08-14,6.3082,0.4221,0.9344,38.7344,27.316,0.7928,0.0965,0.082,0.7226,0.2532,0.103
XOM,Q3,2011-09-30,2011-11-14,6.0932,0.4257,0.9025,39.6366,27.9909,0.7923,0.0911,0.0774,0.7226,0.2532,0.103
XOM,Q4,2011-12-31,2012-03-30,6.0866,0.539,0.9015,40.5377,28.6429,0.7439,0.089,0.0756,0.7226,0.2532,0.103
XOM,Q1,2012-03-31,2012-05-15,5.9762,0.4122,0.8852,41.4226,29.2941,0.7721,0.0855,0.0727,0.7226,0.2532,0.103
XOM,Q2,2012-06-30,2012-08-14,5.9634,0.4043,0.8833,42.3056,29.9335,0.8446,0.0835,0.071,0.7226,0.2532,0.103
XOM,Q3,2012-09-30,2012-11-14,5.7676,0.5353,0.8543,43.1595,30.5716,0.7098,0.0792,0.0673,0.7226,0.2532,0.103
XOM,Q4,2012-12-31,2013-03-31,5.8001,0.6397,0.8591,44.0181,31.1887,0.748,0.0781,0.0664,0.7226,0.2532,0.103
XOM,Q1,2013-03-31,2013-05-15,5.8372,0.5512,0.8646,44.8823,31.8091,0.8041,0.0771,0.0655,0.7226,0.2532,0.103
XOM,Q2,2013-06-30,2013-08-14,5.7687,0.8004,0.8545,45.7361,32.4336,0.6973,0.0747,0.0635,0.7226,0.2532,0.103
XOM,Q3,2013-09-30,2013-11-14,5.6896,1.3304,0.8427,46.5779,33.0507,0.6935,0.0724,0.0615,0.7226,0.2532,0.103
XOM,Q4,2013-12-31,2014-03-31,6.0625,1.3825,0.898,47.4748,33.6589,0.7696,0.0757,0.0643,0.7226,0.2532,0.103
XOM,Q1,2014-03-31,2014-05-15,6.7541,1.8261,1.0004,48.4738,34.3071,0.8927,0.0826,0.0702,0.7226,0.2532,0.103
XOM,Q2,2014-06-30,2014-08-14,6.4847,1.9183,0.9605,49.4329,35.029,0.7733,0.0777,0.0661,0.7226,0.2532,0.103
XOM,Q3,2014-09-30,2014-11-14,6.3987,1.8164,0.9478,50.3793,35.7221,0.8079,0.0753,0.064,0.7226,0.2532,0.103
XOM,Q4,2014-12-31,2015-03-31,6.3658,1.471,0.9429,51.3211,36.406,0.7686,0.0735,0.0625,0.7226,0.2532,0.103
XOM,Q1,2015-03-31,2015-05-15,6.8083,1.28,1.0084,52.3285,37.0866,0.9361,0.0771,0.0655,0.7226,0.2532,0.103
XOM,Q2,2015-06-30,2015-08-14,6.9303,1.2413,1.0265,53.3541,37.8146,0.9754,0.077,0.0654,0.7226,0.2532,0.103
XOM,Q3,2015-09-30,2015-11-14,6.4269,1.125,0.9519,54.3052,38.5557,0.8894,0.0701,0.0596,0.7226,0.2532,0.103
XOM,Q4,2015-12-31,2016-03-30,6.3762,0.8156,0.9444,55.249,39.243,0.8028,0.0684,0.0581,0.7226,0.2532,0.103
XOM,Q1,2016-03-31,2016-05-15,6.7536,0.9117,1.0003,56.2487,39.925,0.8066,0.0711,0.0605,0.7226,0.2532,0.103
XOM,Q2,2016-06-30,2016-08-14,6.5387,1.0759,0.9685,57.2163,40.6474,0.8946,0.0677,0.0576,0.7226,0.2532,0.103
XOM,Q3,2016-09-30,2016-11-14,6.5507,1.1968,0.9703,58.1857,41.3467,0.8688,0.0667,0.0567,0.7226,0.2532,0.103
XOM,Q4,2016-12-31,2017-03-31,6.7228,1.2235,0.9958,59.1806,42.0472,0.8013,0.0673,0.0572,0.7226,0.2532,0.103
XOM,Q1,2017-03-31,2017-05-15,6.9811,1.2225,1.034,60.2137,42.7661,0.8984,0.0687,0.0584,0.7226,0.2532,0.103
XOM,Q2,2017-06-30,2017-08-14,6.9652,0.7296,1.0317,61.2448,43.5127,0.8767,0.0674,0.0573,0.7226,0.2532,0.103
XOM,Q3,2017-09-30,2017-11-14,6.8647,0.9698,1.0168,62.2609,44.2578,0.869,0.0653,0.0555,0.7226,0.2532,0.103
XOM,Q4,2017-12-31,2018-03-31,6.8112,1.4526,1.0089,63.2686,44.9921,0.9025,0.0638,0.0542,0.7226,0.2532,0.103
XOM,Q1,2018-03-31,2018-05-15,6.7799,1.6205,1.0042,64.2717,45.7203,0.9336,0.0625,0.0531,0.7226,0.2532,0.103
XOM,Q2,2018-06-30,2018-08-14,6.6334,1.6931,0.9825,65.2529,46.4451,0.9011,0.0602,0.0512,0.7226,0.2532,0.103
XOM,Q3,2018-09-30,2018-11-14,6.3966,1.685,0.9475,66.1991,47.1542,0.8031,0.0572,0.0487,0.7226,0.2532,0.103
XOM,Q4,2018-12-31,2019-03-31,6.5958,0.8481,0.977,67.1754,47.838,0.8432,0.0582,0.0494,0.7226,0.2532,0.103
XOM,Q1,2019-03-31,2019-05-15,6.3373,0.672,0.9387,68.1136,48.5435,0.7917,0.0551,0.0469,0.7226,0.2532,0.103
XOM,Q2,2019-06-30,2019-08-14,6.451,0.7851,0.9555,69.0685,49.2215,0.7899,0.0553,0.047,0.7226,0.2532,0.103
XOM,Q3,2019-09-30,2019-11-14,6.4576,0.4806,0.9565,70.0247,49.9115,0.8662,0.0546,0.0464,0.7226,0.2532,0.103
XOM,Q4,2019-12-31,2020-03-30,6.3876,0.5145,0.9461,70.9704,50.6025,0.8377,0.0533,0.0453,0.7226,0.2532,0.103
XOM,Q1,2020-03-31,2020-05-15,6.9085,0.3288,1.0233,71.9934,51.2859,0.9844,0.0569,0.0483,0.7226,0.2532,0.103
XOM,Q2,2020-06-30,2020-08-14,6.6803,0.3773,0.9895,72.9826,52.0252,0.8035,0.0542,0.0461,0.7226,0.2532,0.103
XOM,Q3,2020-09-30,2020-11-14,7.3802,0.3704,1.0932,74.0755,52.74,1.0409,0.059,0.0502,0.7226,0.2532,0.103
XOM,Q4,2020-12-31,2021-03-31,7.4814,0.394,1.1081,75.1833,53.5298,0.9439,0.059,0.0501,0.7226,0.2532,0.103
XOM,Q1,2021-03-31,2021-05-15,8.1446,0.4494,1.2064,76.3894,54.3303,1.0502,0.0632,0.0537,0.7226,0.2532,0.103
XOM,Q2,2021-06-30,2021-08-14,8.081,0.4026,1.1969,77.586,55.2019,1.11,0.0617,0.0525,0.7226,0.2532,0.103
XOM,Q3,2021-09-30,2021-11-14,8.5087,0.2972,1.2603,78.8461,56.0666,1.1132,0.0639,0.0543,0.7226,0.2532,0.103
XOM,Q4,2021-12-31,2022-03-31,8.786,0.2419,1.3014,80.1473,56.9772,1.0359,0.0649,0.0552,0.7226,0.2532,0.103
XOM,Q1,2022-03-31,2022-05-15,8.6818,0.2915,1.2859,81.433,57.9175,1.1623,0.0632,0.0537,0.7226,0.2532,0.103
XOM,Q2,2022-06-30,2022-08-14,9.4167,0.3223,1.3948,82.8276,58.8466,1.2931,0.0674,0.0573,0.7226,0.2532,0.103
XOM,Q3,2022-09-30,2022-11-14,9.3274,0.3804,1.3816,84.2088,59.8543,1.1921,0.0656,0.0558,0.7226,0.2532,0.103
XOM,Q4,2022-12-31,2023-03-31,10.0701,0.1815,1.4916,85.7003,60.8525,1.3181,0.0696,0.0592,0.7226,0.2532,0.103
XOM,Q1,2023-03-31,2023-05-15,10.0698,0.2276,1.4915,87.1916,61.9303,1.2056,0.0684,0.0582,0.7226,0.2532,0.103
XOM,Q2,2023-06-30,2023-08-14,10.3233,0.1751,1.5291,88.7206,63.008,1.2133,0.0689,0.0586,0.7226,0.2532,0.103
XOM,Q3,2023-09-30,2023-11-14,10.2539,0.1332,1.5188,90.2393,64.1129,1.4294,0.0673,0.0572,0.7226,0.2532,0.103
XOM,Q4,2023-12-31,2024-03-30,10.5992,0.1127,1.57,91.8091,65.2103,1.33,0.0684,0.0581,0.7226,0.2532,0.103
XOM,Q1,2024-03-31,2024-05-15,10.8585,0.1371,1.6084,93.4174,66.3448,1.4969,0.0689,0.0585,0.7226,0.2532,0.103
XOM,Q2,2024-06-30,2024-08-14,11.6192,0.1347,1.721,95.1383,67.507,1.6137,0.0724,0.0615,0.7226,0.2532,0.103
XOM,Q3,2024-09-30,2024-11-14,12.1481,0.129,1.7994,96.9376,68.7506,1.6116,0.0742,0.0631,0.7226,0.2532,0.103
XOM,Q4,2024-12-31,2025-03-31,11.8682,0.1144,1.7579,98.6954,70.0508,1.6798,0.0712,0.0606,0.7226,0.2532,0.103
XOM,Q1,2025-03-31,2025-05-15,11.5958,0.1113,1.7176,100.4129,71.321,1.5879,0.0684,0.0582,0.7226,0.2532,0.103
XOM,Q2,2025-06-30,2025-08-14,12.2796,0.1083,1.8188,102.2316,72.5622,1.5609,0.0712,0.0605,0.7226,0.2532,0.103
XOM,Q3,2025-09-30,2025-11-14,12.4577,0.1237,1.8452,104.0768,73.8765,1.5365,0.0709,0.0603,0.7226,0.2532,0.103
XOM,Q4,2025-12-31,2026-03-31,12.5852,0.195,1.8641,105.9407,75.2098,1.6626,0.0704,0.0598,0.7226,0.2532,0.103
XOM,Q1,2026-03-31,2026-05-15,12.2892,0.2462,1.8203,107.7608,76.5568,1.6264,0.0676,0.0574,0.7226,0.2532,0.103
CVX,Q3,2009-09-30,2009-11-14,30.4275,4.3884,1.6181,40.5562,24.4062,1.3183,0.1596,0.1356,0.6268,0.2849,0.098
CVX,Q4,2009-12-31,2010-03-31,28.6994,3.2154,1.5262,42.0822,25.4202,1.2684,0.1451,0.1233,0.6268,0.2849,0.098
CVX,Q1,2010-03-31,2010-05-15,27.4218,3.339,1.4582,43.5402,26.3767,1.2447,0.134,0.1139,0.6268,0.2849,0.098
CVX,Q2,2010-06-30,2010-08-14,28.5611,3.276,1.5188,45.0588,27.2905,1.2016,0.1348,0.1146,0.6268,0.2849,0.098
CVX,Q3,2010-09-30,2010-11-14,30.1976,3.4669,1.6058,46.6644,28.2424,1.2488,0.1376,0.117,0.6268,0.2849,0.098
CVX,Q4,2010-12-31,2011-03-31,28.7469,2.6359,1.5287,48.1929,29.2488,1.2299,0.1269,0.1078,0.6268,0.2849,0.098
CVX,Q1,2011-03-31,2011-05-15,31.8205,2.4962,1.6921,49.8849,30.2068,1.451,0.1357,0.1153,0.6268,0.2849,0.098
CVX,Q2,2011-06-30,2011-08-14,34.5273,3.1475,1.8361,51.7208,31.2673,1.3659,0.142,0.1207,0.6268,0.2849,0.098
CVX,Q3,2011-09-30,2011-11-14,34.5869,4.0233,1.8392,53.5598,32.4181,1.3955,0.1374,0.1168,0.6268,0.2849,0.098
CVX,Q4,2011-12-31,2012-03-30,35.1764,2.9992,1.8706,55.4302,33.5707,1.4452,0.135,0.1147,0.6268,0.2849,0.098
CVX,Q1,2012-03-31,2012-05-15,32.6036,2.5181,1.7338,57.1638,34.7431,1.3963,0.1213,0.1031,0.6268,0.2849,0.098
CVX,Q2,2012-06-30,2012-08-14,31.7516,2.149,1.6885,58.8522,35.8297,1.3363,0.1148,0.0975,0.6268,0.2849,0.098
CVX,Q3,2012-09-30,2012-11-14,29.7889,3.0462,1.5841,60.4361,36.8879,1.2436,0.1048,0.0891,0.6268,0.2849,0.098
CVX,Q4,2012-12-31,2013-03-31,31.3756,3.5865,1.6685,62.1043,37.8807,1.348,0.1075,0.0913,0.6268,0.2849,0.098
CVX,Q1,2013-03-31,2013-05-15,28.7841,3.0562,1.5307,63.6348,38.9263,1.146,0.0962,0.0818,0.6268,0.2849,0.098
CVX,Q2,2013-06-30,2013-08-14,30.6147,4.1442,1.628,65.2626,39.8856,1.25,0.0998,0.0848,0.6268,0.2849,0.098
CVX,Q3,2013-09-30,2013-11-14,29.6723,2.6169,1.5779,66.8403,40.9059,1.1491,0.0944,0.0803,0.6268,0.2849,0.098
CVX,Q4,2013-12-31,2014-03-31,32.1829,1.8753,1.7114,68.5516,41.8948,1.355,0.0999,0.0849,0.6268,0.2849,0.098
CVX,Q1,2014-03-31,2014-05-15,30.9476,1.5829,1.6457,70.1972,42.9674,1.2863,0.0938,0.0797,0.6268,0.2849,0.098
CVX,Q2,2014-06-30,2014-08-14,30.3413,1.0617,1.6135,71.8106,43.9989,1.3867,0.0899,0.0764,0.6268,0.2849,0.098
CVX,Q3,2014-09-30,2014-11-14,30.4584,1.0008,1.6197,73.4302,45.0101,1.2228,0.0882,0.075,0.6268,0.2849,0.098
CVX,Q4,2014-12-31,2015-03-31,30.221,0.6745,1.6071,75.0373,46.0253,1.1948,0.0857,0.0728,0.6268,0.2849,0.098
CVX,Q1,2015-03-31,2015-05-15,28.7604,0.5633,1.5294,76.5667,47.0326,1.2783,0.0799,0.0679,0.6268,0.2849,0.098
CVX,Q2,2015-06-30,2015-08-14,28.3724,0.6316,1.5088,78.0754,47.9912,1.1077,0.0773,0.0657,0.6268,0.2849,0.098
CVX,Q3,2015-09-30,2015-11-14,30.5563,0.628,1.6249,79.7003,48.9368,1.1724,0.0816,0.0693,0.6268,0.2849,0.098
CVX,Q4,2015-12-31,2016-03-30,32.8067,0.654,1.7446,81.4448,49.9553,1.4613,0.0857,0.0728,0.6268,0.2849,0.098
CVX,Q1,2016-03-31,2016-05-15,31.9826,0.4832,1.7008,83.1455,51.0487,1.2137,0.0818,0.0695,0.6268,0.2849,0.098
CVX,Q2,2016-06-30,2016-08-14,31.6075,0.3646,1.6808,84.8263,52.1147,1.318,0.0793,0.0674,0.6268,0.2849,0.098
CVX,Q3,2016-09-30,2016-11-14,30.1783,0.3665,1.6048,86.4311,53.1682,1.2447,0.0743,0.0631,0.6268,0.2849,0.098
CVX,Q4,2016-12-31,2017-03-31,28.874,0.4173,1.5354,87.9665,54.1741,1.1437,0.0698,0.0593,0.6268,0.2849,0.098
CVX,Q1,2017-03-31,2017-05-15,30.1797,0.5486,1.6049,89.5713,55.1365,1.3892,0.0717,0.0609,0.6268,0.2849,0.098
CVX,Q2,2017-06-30,2017-08-14,31.2701,0.771,1.6629,91.2342,56.1424,1.3519,0.0729,0.062,0.6268,0.2849,0.098
CVX,Q3,2017-09-30,2017-11-14,29.2065,1.0071,1.5531,92.7872,57.1846,1.1128,0.067,0.0569,0.6268,0.2849,0.098
CVX,Q4,2017-12-31,2018-03-31,29.5967,1.2309,1.5739,94.361,58.158,1.188,0.0667,0.0567,0.6268,0.2849,0.098
CVX,Q1,2018-03-31,2018-05-15,29.4623,0.9477,1.5667,95.9277,59.1445,1.3406,0.0653,0.0555,0.6268,0.2849,0.098
CVX,Q2,2018-06-30,2018-08-14,27.8435,0.7977,1.4806,97.4083,60.1265,1.1265,0.0608,0.0517,0.6268,0.2849,0.098
CVX,Q3,2018-09-30,2018-11-14,30.3418,0.9427,1.6135,99.0217,61.0545,1.2487,0.0652,0.0554,0.6268,0.2849,0.098
CVX,Q4,2018-12-31,2019-03-31,28.1327,0.7926,1.496,100.5177,62.0658,1.0879,0.0595,0.0506,0.6268,0.2849,0.098
CVX,Q1,2019-03-31,2019-05-15,27.8382,0.7489,1.4804,101.998,63.0034,1.2247,0.0581,0.0493,0.6268,0.2849,0.098
CVX,Q2,2019-06-30,2019-08-14,27.1715,0.5479,1.4449,103.4429,63.9313,1.052,0.0559,0.0475,0.6268,0.2849,0.098
CVX,Q3,2019-09-30,2019-11-14,29.3969,0.5792,1.5632,105.0061,64.8369,1.3332,0.0595,0.0506,0.6268,0.2849,0.098
CVX,Q4,2019-12-31,2020-03-30,29.9647,0.5055,1.5934,106.5995,65.8167,1.2167,0.0598,0.0508,0.6268,0.2849,0.098
CVX,Q1,2020-03-31,2020-05-15,29.0117,0.5121,1.5428,108.1423,66.8155,1.1667,0.0571,0.0485,0.6268,0.2849,0.098
CVX,Q2,2020-06-30,2020-08-14,28.021,0.5442,1.4901,109.6323,67.7824,1.2773,0.0544,0.0462,0.6268,0.2849,0.098
CVX,Q3,2020-09-30,2020-11-14,28.1402,0.4569,1.4964,111.1287,68.7164,1.1061,0.0539,0.0458,0.6268,0.2849,0.098
CVX,Q4,2020-12-31,2021-03-31,29.3117,0.3001,1.5587,112.6874,69.6543,1.2667,0.0553,0.047,0.6268,0.2849,0.098
CVX,Q1,2021-03-31,2021-05-15,29.3029,0.4629,1.5583,114.2456,70.6313,1.3262,0.0546,0.0464,0.6268,0.2849,0.098
CVX,Q2,2021-06-30,2021-08-14,28.4992,0.4892,1.5155,115.7611,71.608,1.2,0.0524,0.0445,0.6268,0.2849,0.098
CVX,Q3,2021-09-30,2021-11-14,26.91,0.4488,1.431,117.1921,72.5578,1.1174,0.0488,0.0415,0.6268,0.2849,0.098
CVX,Q4,2021-12-31,2022-03-31,26.956,0.4958,1.4334,118.6255,73.4548,1.1708,0.0483,0.0411,0.6268,0.2849,0.098
CVX,Q1,2022-03-31,2022-05-15,27.3388,0.4886,1.4538,120.0793,74.3532,1.0391,0.0484,0.0412,0.6268,0.2849,0.098
CVX,Q2,2022-06-30,2022-08-14,26.7871,0.4236,1.4245,121.5037,75.2644,1.0381,0.0469,0.0399,0.6268,0.2849,0.098
CVX,Q3,2022-09-30,2022-11-14,27.4138,0.324,1.4578,122.9615,76.1572,1.2524,0.0474,0.0403,0.6268,0.2849,0.098
CVX,Q4,2022-12-31,2023-03-31,27.2859,0.3192,1.451,124.4125,77.071,1.0659,0.0467,0.0397,0.6268,0.2849,0.098
CVX,Q1,2023-03-31,2023-05-15,25.9821,0.347,1.3817,125.7941,77.9804,1.0363,0.0439,0.0373,0.6268,0.2849,0.098
CVX,Q2,2023-06-30,2023-08-14,27.0566,0.2648,1.4388,127.2329,78.8464,1.0351,0.0452,0.0384,0.6268,0.2849,0.098
CVX,Q3,2023-09-30,2023-11-14,28.5541,0.3127,1.5184,128.7513,79.7482,1.1791,0.0472,0.0401,0.6268,0.2849,0.098
CVX,Q4,2023-12-31,2024-03-30,26.8121,0.3014,1.4258,130.1771,80.7,1.2257,0.0438,0.0372,0.6268,0.2849,0.098
CVX,Q1,2024-03-31,2024-05-15,26.6201,0.3549,1.4156,131.5927,81.5936,1.1201,0.043,0.0366,0.6268,0.2849,0.098
CVX,Q2,2024-06-30,2024-08-14,26.6964,0.2957,1.4196,133.0123,82.4809,1.1425,0.0427,0.0363,0.6268,0.2849,0.098
CVX,Q3,2024-09-30,2024-11-14,25.2867,0.3088,1.3447,134.3569,83.3707,1.0284,0.04,0.034,0.6268,0.2849,0.098
CVX,Q4,2024-12-31,2025-03-31,25.8945,0.3303,1.377,135.7339,84.2135,1.086,0.0406,0.0345,0.6268,0.2849,0.098
CVX,Q1,2025-03-31,2025-05-15,26.7923,0.29,1.4247,137.1586,85.0766,1.2271,0.0416,0.0353,0.6268,0.2849,0.098
CVX,Q2,2025-06-30,2025-08-14,27.4558,0.3429,1.46,138.6187,85.9696,1.2289,0.0421,0.0358,0.6268,0.2849,0.098
CVX,Q3,2025-09-30,2025-11-14,28.6522,0.2423,1.5236,140.1423,86.8847,1.2176,0.0435,0.037,0.6268,0.2849,0.098
CVX,Q4,2025-12-31,2026-03-31,29.3872,0.2118,1.5627,141.705,87.8397,1.3447,0.0441,0.0375,0.6268,0.2849,0.098
CVX,Q1,2026-03-31,2026-05-15,29.516,0.1438,1.5696,143.2746,88.8192,1.2406,0.0438,0.0372,0.6268,0.2849,0.098
