ticker,date,adjusted_close,monthly_return,volume,data_quality_flag
AAPL,2009-10-31,126.85,,80306023.0,ok
AAPL,2009-11-30,121.46584051638281,-0.042445088558275,64475452.0,ok
AAPL,2009-12-31,153.32260798881023,0.2622693535647227,45152719.0,ok
AAPL,2010-01-31,149.26706701565428,-0.026451030453721103,57511517.0,ok
AAPL,2010-02-28,141.8454285040242,-0.04972053554754807,31382290.0,ok
AAPL,2010-03-31,139.1946721336021,-0.018687640471591882,59118507.0,ok
AAPL,2010-04-30,156.68508082916608,0.12565429716143384,54228198.0,ok
AAPL,2010-05-31,156.06218299147793,-0.003975476378426213,24217009.0,ok
AAPL,2010-06-30,155.92870915116688,-0.0008552606259412121,50902638.0,ok
AAPL,2010-07-31,185.90665432840603,0.19225417397752387,111270760.0,ok
AAPL,2010-08-31,233.42281937796028,0.2555915237203745,28187660.0,ok
AAPL,2010-09-30,246.66818251090703,0.056744079984312634,69810155.0,ok
AAPL,2010-10-31,215.57575399722793,-0.1260496112517644,55702265.0,ok
AAPL,2010-11-30,269.33065684485865,0.2493550496792971,56054909.0,ok
AAPL,2010-12-31,294.09707350073063,0.09195543108981497,45198810.0,ok
AAPL,2011-01-31,270.78735990677285,-0.07925857036418238,59525976.0,ok
AAPL,2011-02-28,300.5090917575454,0.10976041075552856,50500755.0,ok
AAPL,2011-03-31,336.4538597955684,0.11961291363198989,58417275.0,ok
AAPL,2011-04-30,397.8965658607857,0.1826185204192643,86223263.0,ok
AAPL,2011-05-31,403.16600238426895,0.013243231974328973,39213365.0,ok
AAPL,2011-06-30,351.0927706020332,-0.12916077118180036,84137765.0,ok
AAPL,2011-07-31,322.31920623524036,-0.08195430602986686,92238344.0,ok
AAPL,2011-08-31,294.0263549440925,-0.08777898041390286,68892673.0,ok
AAPL,2011-09-30,303.21150342988074,0.031239201287023288,31318287.0,ok
AAPL,2011-10-31,283.9743039183759,-0.06344482083923819,80104474.0,ok
AAPL,2011-11-30,261.48267800324584,-0.07920303212221247,44710512.0,ok
AAPL,2011-12-31,255.58447869790345,-0.02255674964927956,77191236.0,ok
AAPL,2012-01-31,266.82667931147023,0.04398624153877062,32022321.0,ok
AAPL,2012-02-29,269.51035140647247,0.01005773523819764,71093434.0,ok
AAPL,2012-03-31,325.1233942523372,0.20634844842003774,73044805.0,ok
AAPL,2012-04-30,398.2492231503815,0.2249171551195399,94230391.0,ok
AAPL,2012-05-31,418.9275078731721,0.05192297566637638,75423932.0,ok
AAPL,2012-06-30,418.69951068209025,-0.0005442402009820935,76832913.0,ok
AAPL,2012-07-31,393.5584060717065,-0.06004569857133857,81169625.0,ok
AAPL,2012-08-31,448.7052554979562,0.14012367306976525,79215083.0,ok
AAPL,2012-09-30,445.8092939204012,-0.006454039800227407,48269422.0,ok
AAPL,2012-10-31,440.0513474647913,-0.01291571650508927,63554664.0,ok
AAPL,2012-11-30,516.8161377451223,0.1744450749272457,43525837.0,ok
AAPL,2012-12-31,439.8584226391371,-0.14890733761092112,73838842.0,ok
AAPL,2013-01-31,465.9006051082658,0.05920582880481495,50131927.0,ok
AAPL,2013-02-28,533.3772774631254,0.14483061755023785,54253158.0,ok
AAPL,2013-03-31,557.2200106181987,0.04470144147961297,70512213.0,ok
AAPL,2013-04-30,426.023807432781,-0.23544775974549836,42301670.0,ok
AAPL,2013-05-31,403.4570382755535,-0.05297067620050355,75558719.0,ok
AAPL,2013-06-30,389.4154004643205,-0.034803303646032346,73289906.0,ok
AAPL,2013-07-31,356.1467389895859,-0.08543232094844377,54835959.0,ok
AAPL,2013-08-31,336.47290267328987,-0.05524081554729987,64800869.0,ok
AAPL,2013-09-30,404.0758933186175,0.20091659717088461,53250822.0,ok
AAPL,2013-10-31,387.8401721784522,-0.04017988058338162,44157129.0,ok
AAPL,2013-11-30,402.91044793284823,0.038856923123120835,76663333.0,ok
AAPL,2013-12-31,428.4092105438359,0.06328642690158648,77735353.0,ok
AAPL,2014-01-31,425.92867269437994,-0.005790113257152174,29147340.0,ok
AAPL,2014-02-28,401.58583542768696,-0.05715237979331789,76294273.0,ok
AAPL,2014-03-31,413.0142315888229,0.028458165485256037,80233436.0,ok
AAPL,2014-04-30,372.53479215034355,-0.09800979322857506,50355259.0,ok
AAPL,2014-05-31,392.6124275213732,0.05389465841603047,61590000.0,ok
AAPL,2014-06-30,423.9501540209429,0.07981847823159827,56911377.0,ok
AAPL,2014-07-31,425.3851745313753,0.0033848802667530986,36978635.0,ok
AAPL,2014-08-31,363.80996372157426,-0.14475166154447028,30766860.0,ok
AAPL,2014-09-30,433.39583973196073,0.19126984675890002,39346032.0,ok
AAPL,2014-10-31,463.7598841475386,0.07006076577559428,57889236.0,ok
AAPL,2014-11-30,542.4093834341995,0.16959099304423586,59870041.0,ok
AAPL,2014-12-31,594.212592546838,0.09550573919767524,79702806.0,ok
AAPL,2015-01-31,606.2886751307819,0.020322831820485332,68488448.0,ok
AAPL,2015-02-28,514.6060587834197,-0.15121941099689096,78987217.0,ok
AAPL,2015-03-31,492.7132815487767,-0.042542789500768285,33197044.0,ok
AAPL,2015-04-30,416.50966980919753,-0.15466116825599574,80575742.0,ok
AAPL,2015-05-31,334.12751685034283,-0.1977916935196099,47775337.0,ok
AAPL,2015-06-30,388.567239280059,0.16293097600249418,38960290.0,ok
AAPL,2015-07-31,370.6063799399719,-0.04622329811788872,56254684.0,ok
AAPL,2015-08-31,404.5990705589287,0.0917218171593881,48419028.0,ok
AAPL,2015-09-30,455.5419247783779,0.12590946921621637,84530973.0,ok
AAPL,2015-10-31,445.09847592955794,-0.022925329768276992,40897807.0,ok
AAPL,2015-11-30,468.72846629853433,0.05308935358546618,48210761.0,ok
AAPL,2015-12-31,555.9110337355974,0.18599802168092827,40346346.0,ok
AAPL,2016-01-31,423.40472666321176,-0.23835883627272691,66068489.0,ok
AAPL,2016-02-29,418.67847694404054,-0.011162486910380243,75765791.0,ok
AAPL,2016-03-31,455.4147967167983,0.08774351153873106,42658928.0,ok
AAPL,2016-04-30,536.2421749213645,0.17748079067099143,83020597.0,ok
AAPL,2016-05-31,513.1943154270831,-0.04298031854294415,64362254.0,ok
AAPL,2016-06-30,538.8423745798943,0.04997728615030894,48940525.0,ok
AAPL,2016-07-31,596.8976074295348,0.10774065958510204,64763303.0,ok
AAPL,2016-08-31,741.5861181730828,0.2424008891016185,61740649.0,ok
AAPL,2016-09-30,697.1715762975695,-0.0598912800376169,102675714.0,ok
AAPL,2016-10-31,766.9548416826829,0.100094822791984,84121396.0,ok
AAPL,2016-11-30,791.579460298396,0.03210699936607386,53722252.0,ok
AAPL,2016-12-31,760.6021180867862,-0.03913358514877652,44764176.0,ok
AAPL,2017-01-31,611.197734626141,-0.19642909204152104,52521818.0,ok
AAPL,2017-02-28,600.0690171733906,-0.01820804761254169,53587479.0,ok
AAPL,2017-03-31,654.5880832442172,0.09085465923176161,53984335.0,ok
AAPL,2017-04-30,704.1955461720504,0.07578424385908877,50866783.0,ok
AAPL,2017-05-31,581.9143609938303,-0.17364663244880008,66159732.0,ok
AAPL,2017-06-30,603.573196637526,0.03721997100519303,60873075.0,ok
AAPL,2017-07-31,530.8023810744827,-0.12056667852125591,62829423.0,ok
AAPL,2017-08-31,462.355497330435,-0.12894984307623736,84131292.0,ok
AAPL,2017-09-30,439.65008588035977,-0.0491081247680033,51998744.0,ok
AAPL,2017-10-31,416.9288213670012,-0.051680336802075844,64800620.0,ok
AAPL,2017-11-30,366.7063138120011,-0.12045822927360494,48708271.0,ok
AAPL,2017-12-31,331.8353325100609,-0.09509239407265146,49605534.0,ok
AAPL,2018-01-31,352.1988214239537,0.0613662468063898,81433127.0,ok
AAPL,2018-02-28,345.4709004589911,-0.019102622029685823,56537517.0,ok
AAPL,2018-03-31,359.38949976909703,0.04028877480451687,58482124.0,ok
AAPL,2018-04-30,293.63230236329554,-0.18296916701252985,66132727.0,ok
AAPL,2018-05-31,252.43956593453268,-0.14028680120417159,55702245.0,ok
AAPL,2018-06-30,293.21216042342127,0.16151427902337034,52394429.0,ok
AAPL,2018-07-31,243.9969573658386,-0.1678484377541234,75417975.0,ok
AAPL,2018-08-31,199.12806339360384,-0.18389120281102633,65256415.0,ok
AAPL,2018-09-30,220.26943786392297,0.10616973876017832,86068254.0,ok
AAPL,2018-10-31,222.61697734707113,0.010657581487080403,71196423.0,ok
AAPL,2018-11-30,215.77601606743087,-0.030729737512224187,70242736.0,ok
AAPL,2018-12-31,206.21714538649252,-0.04429996834287264,91709948.0,ok
AAPL,2019-01-31,177.87733216737962,-0.13742704645628945,38080748.0,ok
AAPL,2019-02-28,192.5122679527955,0.08227544008611876,53082957.0,ok
AAPL,2019-03-31,173.81341222097512,-0.09713072278804269,78535529.0,ok
AAPL,2019-04-30,193.1156709180786,0.11105160672275294,63816538.0,ok
AAPL,2019-05-31,188.15109790971502,-0.02570776874171743,98492954.0,ok
AAPL,2019-06-30,200.3910591091831,0.06505389198069667,49942504.0,ok
AAPL,2019-07-31,223.2766948172795,0.11420487425852244,70953656.0,ok
AAPL,2019-08-31,271.0750945803404,0.21407697656119984,74735254.0,ok
AAPL,2019-09-30,298.0285985246283,0.09943187140085818,79856332.0,ok
AAPL,2019-10-31,291.3779009019489,-0.02231563566584971,73219252.0,ok
AAPL,2019-11-30,317.74287799466475,0.09048379101882498,87375374.0,ok
AAPL,2019-12-31,350.95550757656275,0.10452674751204238,98330189.0,ok
AAPL,2020-01-31,356.9815492977043,0.017170386533475135,69214594.0,ok
AAPL,2020-02-29,348.34217978569205,-0.024201165379579503,80243421.0,ok
AAPL,2020-03-31,289.51935371873816,-0.1688650685459424,76058186.0,ok
AAPL,2020-04-30,343.0148733314732,0.1847735528751726,29579088.0,ok
AAPL,2020-05-31,294.90586482223716,-0.14025341829054094,37779911.0,ok
AAPL,2020-06-30,280.1930912373422,-0.049889728689402446,61495306.0,ok
AAPL,2020-07-31,253.71397761852572,-0.09450309249911837,49612713.0,ok
AAPL,2020-08-31,247.84154077243483,-0.02314589405444767,87483318.0,ok
AAPL,2020-09-30,218.6993953973641,-0.11758378068601782,57043490.0,ok
AAPL,2020-10-31,220.63680413492034,0.008858775005006647,41272292.0,ok
AAPL,2020-11-30,218.02403328819176,-0.011841953825304952,63859038.0,ok
AAPL,2020-12-31,245.87353147422797,0.12773590950509472,35838937.0,ok
AAPL,2021-01-31,241.05653824873764,-0.019591345178995967,76253655.0,ok
AAPL,2021-02-28,263.7460505077123,0.09412527212002919,57990136.0,ok
AAPL,2021-03-31,248.68716269717297,-0.05709616421383723,34546953.0,ok
AAPL,2021-04-30,258.5310051951059,0.0395832353836445,71347573.0,ok
AAPL,2021-05-31,238.15974813059574,-0.07879618558376211,51662638.0,ok
AAPL,2021-06-30,222.14816630902547,-0.06723042809396262,56441401.0,ok
AAPL,2021-07-31,185.4108282560308,-0.16537313210089766,77271672.0,ok
AAPL,2021-08-31,196.36602845294956,0.05908608628720913,57314960.0,ok
AAPL,2021-09-30,186.41230162429403,-0.050689658018115424,74672835.0,ok
AAPL,2021-10-31,176.6385780135606,-0.052430679335916164,44410111.0,ok
AAPL,2021-11-30,190.51636415893282,0.07856599787792007,65789880.0,ok
AAPL,2021-12-31,197.5916351568652,0.03713734003463376,64005871.0,ok
AAPL,2022-01-31,162.53263678283554,-0.1774315919102386,36427237.0,ok
AAPL,2022-02-28,164.83402025591778,0.014159516012511197,67504259.0,ok
AAPL,2022-03-31,158.28579916041423,-0.03972615049573458,57547906.0,ok
AAPL,2022-04-30,163.12512391400455,0.03057333493755765,42171346.0,ok
AAPL,2022-05-31,164.32714211387912,0.007368688348143415,42735126.0,ok
AAPL,2022-06-30,140.9652997849368,-0.1421666684421038,71308295.0,ok
AAPL,2022-07-31,147.95762125932117,0.04960313981562958,64851781.0,ok
AAPL,2022-08-31,134.95532483735713,-0.08787851758697374,77206961.0,ok
AAPL,2022-09-30,129.63253622208254,-0.039441115952182026,24650855.0,ok
AAPL,2022-10-31,119.92923543816214,-0.0748523562579767,63610418.0,ok
AAPL,2022-11-30,136.68894727756415,0.13974667459665113,76357928.0,ok
AAPL,2022-12-31,148.7571092187686,0.08828923026745183,59555026.0,ok
AAPL,2023-01-31,139.84361513730565,-0.059919785536799997,73116306.0,ok
AAPL,2023-02-28,118.5743691336515,-0.15209307899235092,39189499.0,ok
AAPL,2023-03-31,119.40375849903029,0.00699467660202302,43166229.0,ok
AAPL,2023-04-30,130.54560113779365,0.09331232767563047,82318204.0,ok
AAPL,2023-05-31,137.8871811769258,0.05623766695426946,38618325.0,ok
AAPL,2023-06-30,166.1630739030241,0.20506542003942307,70177674.0,ok
AAPL,2023-07-31,178.80138115456035,0.07605966208179438,69765694.0,ok
AAPL,2023-08-31,203.32157569584928,0.13713649404135797,63306574.0,ok
AAPL,2023-09-30,182.9541815300207,-0.10017330475687625,67892868.0,ok
AAPL,2023-10-31,158.91146353199244,-0.13141387530452875,60627835.0,ok
AAPL,2023-11-30,159.09516867685795,0.001156021980934785,74972810.0,ok
AAPL,2023-12-31,167.21990465642034,0.0510684016814158,40652923.0,ok
AAPL,2024-01-31,164.09502923711494,-0.0186872216302596,75461147.0,ok
AAPL,2024-02-29,136.48893712785065,-0.16823234827774025,72249203.0,ok
AAPL,2024-03-31,155.75637658141963,0.1411648435324906,67263007.0,ok
AAPL,2024-04-30,149.6716708471996,-0.039065532132736336,22450460.0,ok
AAPL,2024-05-31,125.6179974242852,-0.1607095937845906,66048709.0,ok
AAPL,2024-06-30,119.10612703666305,-0.051838673766051,67361677.0,ok
AAPL,2024-07-31,122.12750646308396,0.02536712007679398,69204640.0,ok
AAPL,2024-08-31,128.15713411281914,0.04937157749599819,79550933.0,ok
AAPL,2024-09-30,131.81760204537122,0.028562342298710464,54232899.0,ok
AAPL,2024-10-31,134.1419275611915,0.01763289181228056,9158930.0,ok
AAPL,2024-11-30,131.64550039990453,-0.01861034209567447,39701885.0,ok
AAPL,2024-12-31,139.4441351206104,0.059239660277150996,41728771.0,ok
AAPL,2025-01-31,140.4567998516307,0.0072621536226273875,71627860.0,ok
AAPL,2025-02-28,124.62020319712903,-0.1127506583606519,18456555.0,ok
AAPL,2025-03-31,142.2120040259503,0.1411633136321715,42114474.0,ok
AAPL,2025-04-30,124.9331505953967,-0.12150066760468847,67642096.0,ok
AAPL,2025-05-31,142.24456407249494,0.13856541193907979,75870500.0,ok
AAPL,2025-06-30,129.0987345947175,-0.09241709560920486,108348092.0,ok
AAPL,2025-07-31,147.3632209185858,0.1414768810957472,71357396.0,ok
AAPL,2025-08-31,153.3709811884238,0.04076838326679311,85549039.0,ok
AAPL,2025-09-30,148.72634697090086,-0.030283657192078373,62963019.0,ok
AAPL,2025-10-31,132.9267217742815,-0.10623286000368615,68149818.0,ok
AAPL,2025-11-30,114.7506301995831,-0.13673768022025423,57923203.0,ok
AAPL,2025-12-31,81.74284718917815,-0.2876479454012172,65608569.0,ok
AAPL,2026-01-31,83.75966909510083,0.0246727631257464,54112951.0,ok
AAPL,2026-02-28,85.01967947251775,0.015043163267351334,52303350.0,ok
AAPL,2026-03-31,91.73293307834047,0.07896117284225634,76594089.0,ok
AAPL,2026-04-30,92.54893749546272,0.008895435801942408,69176965.0,ok
AAPL,2026-05-31,83.27365911730568,-0.10022025783506983,74629957.0,ok
MSFT,2009-10-31,140.86,,37158879.0,ok
MSFT,2009-11-30,140.40128546724992,-0.003256527990558644,88392562.0,ok
MSFT,2009-12-31,109.51618693471066,-0.219977320220074,108453813.0,ok
MSFT,2010-01-31,113.89400608762928,0.039974174370483784,100167355.0,ok
MSFT,2010-02-28,113.34445959335328,-0.0048250694935885186,36969228.0,ok
MSFT,2010-03-31,111.86559488841057,-0.013047525306913443,56484919.0,ok
MSFT,2010-04-30,104.79390555850749,-0.0632159453222173,103201030.0,ok
MSFT,2010-05-31,98.22255589181525,-0.06270736481925843,95575583.0,ok
MSFT,2010-06-30,105.00044599452703,0.0690054340489481,79992087.0,ok
MSFT,2010-07-31,101.35889892668305,-0.03468125333518857,3825028.0,ok
MSFT,2010-08-31,114.03662910074621,0.12507762326062233,82166052.0,ok
MSFT,2010-09-30,109.90037993979125,-0.03627123314299985,73224591.0,ok
MSFT,2010-10-31,105.40254479394129,-0.04092647494316304,132031508.0,ok
MSFT,2010-11-30,116.12468680654376,0.10172564650658034,134405574.0,ok
MSFT,2010-12-31,112.2678388094398,-0.03321298944408979,73672633.0,ok
MSFT,2011-01-31,112.86679904685532,0.005335100806849846,84526249.0,ok
MSFT,2011-02-28,121.95108456504263,0.08048678260483033,94495341.0,ok
MSFT,2011-03-31,140.5800249257259,0.15275747999393574,90307658.0,ok
MSFT,2011-04-30,139.27746386291773,-0.009265619802645286,74214954.0,ok
MSFT,2011-05-31,131.77341863346493,-0.053878387941056816,85400354.0,ok
MSFT,2011-06-30,126.47972674125873,-0.040172683892575445,59936412.0,ok
MSFT,2011-07-31,129.77646803785385,0.02606537333322434,113106749.0,ok
MSFT,2011-08-31,121.75853151333199,-0.06178266865902948,53136957.0,ok
MSFT,2011-09-30,118.28004543864812,-0.028568725587027943,44637516.0,ok
MSFT,2011-10-31,116.18194182418382,-0.01773844105895761,76352889.0,ok
MSFT,2011-11-30,117.63821889548625,0.012534452845573751,161775600.0,ok
MSFT,2011-12-31,107.48783356384266,-0.08628475870296481,125156268.0,ok
MSFT,2012-01-31,127.00762894968715,0.1816000447553039,108681152.0,ok
MSFT,2012-02-29,141.38192578010745,0.11317664103559122,76170055.0,ok
MSFT,2012-03-31,158.58214754530184,0.12165785456866707,87537182.0,ok
MSFT,2012-04-30,183.57920381073214,0.15762843833533946,120423535.0,ok
MSFT,2012-05-31,208.0908141550426,0.13352062671315235,57079154.0,ok
MSFT,2012-06-30,210.90017411585563,0.013500643804102985,91507281.0,ok
MSFT,2012-07-31,189.18643485963446,-0.1029574268833604,90228454.0,ok
MSFT,2012-08-31,201.52701764484888,0.06522974437554385,107252487.0,ok
MSFT,2012-09-30,192.00589132849387,-0.04724491250664009,113294567.0,ok
MSFT,2012-10-31,214.89726843088914,0.11922226419204751,66725926.0,ok
MSFT,2012-11-30,195.78377102114993,-0.08894248656253212,39531962.0,ok
MSFT,2012-12-31,187.17580863347376,-0.043966679887610716,136968055.0,ok
MSFT,2013-01-31,192.8930887312821,0.030544973410553622,68782474.0,ok
MSFT,2013-02-28,189.61342967425927,-0.017002470532221592,89603860.0,ok
MSFT,2013-03-31,216.20864445951537,0.14026018531991413,62465142.0,ok
MSFT,2013-04-30,231.19884340430232,0.06933209808636409,76256649.0,ok
MSFT,2013-05-31,226.51593586130596,-0.020254891737530256,51038781.0,ok
MSFT,2013-06-30,225.98196127459119,-0.0023573378388782595,87916968.0,ok
MSFT,2013-07-31,230.64966287679152,0.020655195555757677,92897084.0,ok
MSFT,2013-08-31,212.4827668852098,-0.07876402577395536,53018925.0,ok
MSFT,2013-09-30,224.16706811795905,0.05498940645413142,66971222.0,ok
MSFT,2013-10-31,304.78513962090307,0.35963387566153093,117034435.0,ok
MSFT,2013-11-30,322.1543016299696,0.05698821809577259,85039138.0,ok
MSFT,2013-12-31,342.7127463233697,0.06381552128710588,72302067.0,ok
MSFT,2014-01-31,401.1236519600344,0.17043692206752814,137389649.0,ok
MSFT,2014-02-28,371.10109488360956,-0.07484614016083024,66570956.0,ok
MSFT,2014-03-31,301.56008406139716,-0.18739101495785915,85379374.0,ok
MSFT,2014-04-30,303.49851117384554,0.006427996326110907,83573396.0,ok
MSFT,2014-05-31,264.59238645788344,-0.1281921435643435,100429509.0,ok
MSFT,2014-06-30,204.51415415644283,-0.22705956549132822,80861189.0,ok
MSFT,2014-07-31,256.5021379079507,0.25420237521428346,105940453.0,ok
MSFT,2014-08-31,258.36557989332323,0.007264820482865586,69982617.0,ok
MSFT,2014-09-30,215.09664792966674,-0.16747173513407565,75380559.0,ok
MSFT,2014-10-31,188.17417143609674,-0.12516455627134293,105060417.0,ok
MSFT,2014-11-30,181.42358871910912,-0.03587411952165864,95625667.0,ok
MSFT,2014-12-31,196.8184874805361,0.08485610316783165,95630166.0,ok
MSFT,2015-01-31,184.33451818287352,-0.06342884480756494,51203273.0,ok
MSFT,2015-02-28,210.96226205493087,0.14445337820907023,94996034.0,ok
MSFT,2015-03-31,230.25491985454093,0.09145075337970443,1240785.0,ok
MSFT,2015-04-30,289.2957926518531,0.25641524982228425,58740298.0,ok
MSFT,2015-05-31,255.2097931886292,-0.11782404144481973,69727749.0,ok
MSFT,2015-06-30,255.91145424140223,0.0027493500308368723,115573683.0,ok
MSFT,2015-07-31,241.8128668566544,-0.0550916621787807,101572226.0,ok
MSFT,2015-08-31,248.0616044612551,0.025841212197798002,34713263.0,ok
MSFT,2015-09-30,199.0753637670884,-0.19747611001934762,82832522.0,ok
MSFT,2015-10-31,199.27790603138908,0.0010174150154393935,61304519.0,ok
MSFT,2015-11-30,178.54152627000454,-0.10405759561784167,86444026.0,ok
MSFT,2015-12-31,171.1551868891994,-0.041370428130175885,59557256.0,ok
MSFT,2016-01-31,176.77252705584223,0.03282015735976107,60627970.0,ok
MSFT,2016-02-29,186.30136299650414,0.05390450710506478,96351674.0,ok
MSFT,2016-03-31,207.01754637435727,0.11119716487657616,88026443.0,ok
MSFT,2016-04-30,194.30700706726242,-0.06139836709353097,77753053.0,ok
MSFT,2016-05-31,170.67988379793542,-0.12159686686516713,71988514.0,ok
MSFT,2016-06-30,177.31657889688034,0.03888387401764337,65097152.0,ok
MSFT,2016-07-31,199.7342203295448,0.1264272160681692,80153132.0,ok
MSFT,2016-08-31,210.67968455387705,0.05480014494398189,111576817.0,ok
MSFT,2016-09-30,204.64512911604922,-0.028643271659563485,118169683.0,ok
MSFT,2016-10-31,198.37434991817037,-0.030642210860160946,35641821.0,ok
MSFT,2016-11-30,207.05576506618027,0.04376279066114641,76940308.0,ok
MSFT,2016-12-31,214.20388704663426,0.034522689953449426,80675391.0,ok
MSFT,2017-01-31,247.62264540531132,0.1560137811663589,152482777.0,ok
MSFT,2017-02-28,229.0747694875936,-0.07490379519756096,85052998.0,ok
MSFT,2017-03-31,237.58821748160642,0.03716449442710834,100581319.0,ok
MSFT,2017-04-30,253.97099448083537,0.06895450108125534,78004772.0,ok
MSFT,2017-05-31,232.11583828829586,-0.0860537489220593,114441908.0,ok
MSFT,2017-06-30,244.03530984537784,0.051351392670919704,85029369.0,ok
MSFT,2017-07-31,227.803929215407,-0.06651242658390344,57580319.0,ok
MSFT,2017-08-31,241.72494148294822,0.061109623154821824,48047965.0,ok
MSFT,2017-09-30,233.48265772630404,-0.03409777950954895,97213111.0,ok
MSFT,2017-10-31,219.51385429627058,-0.059828012778611384,100610957.0,ok
MSFT,2017-11-30,238.04043690209585,0.08439823839465066,57037808.0,ok
MSFT,2017-12-31,286.3620209605719,0.20299737593890543,56209891.0,ok
MSFT,2018-01-31,280.3316099743352,-0.021058696841181335,110301970.0,ok
MSFT,2018-02-28,273.51523816380825,-0.02431538780500353,51209703.0,ok
MSFT,2018-03-31,290.75215175989825,0.06301993889556834,46284824.0,ok
MSFT,2018-04-30,293.97036873767746,0.011068592126660448,96883540.0,ok
MSFT,2018-05-31,312.1271646791631,0.06176403431220567,70908715.0,ok
MSFT,2018-06-30,361.07301710303807,0.156813818092977,138371306.0,ok
MSFT,2018-07-31,390.15542891135254,0.08054440634099036,62966559.0,ok
MSFT,2018-08-31,363.34578105352426,-0.06871530131628567,75489946.0,ok
MSFT,2018-09-30,350.90641336860415,-0.03423561888857507,111144400.0,ok
MSFT,2018-10-31,382.62686561687343,0.09039576092030277,74706892.0,ok
MSFT,2018-11-30,373.22313722568674,-0.02457675933451753,82779477.0,ok
MSFT,2018-12-31,338.490802922775,-0.09306050680858302,49448092.0,ok
MSFT,2019-01-31,351.1580398904428,0.03742269171950818,115784880.0,ok
MSFT,2019-02-28,354.52868082487237,0.009598643777261051,119873621.0,ok
MSFT,2019-03-31,303.1489825280989,-0.14492395418398796,114150159.0,ok
MSFT,2019-04-30,280.84675115776344,-0.07356855096245707,97386154.0,ok
MSFT,2019-05-31,277.30420728773123,-0.012613796867609883,50592929.0,ok
MSFT,2019-06-30,290.0199046296069,0.045854685964724196,83471763.0,ok
MSFT,2019-07-31,283.7258949910985,-0.021701991959988565,50949770.0,ok
MSFT,2019-08-31,340.6781122120931,0.20072971211450885,28324771.0,ok
MSFT,2019-09-30,332.8795458533528,-0.022891304369695442,33795712.0,ok
MSFT,2019-10-31,303.8854159881756,-0.08710096557855285,92223885.0,ok
MSFT,2019-11-30,296.2608975273516,-0.025090109823239226,68679085.0,ok
MSFT,2019-12-31,337.1779777200694,0.13811164596549652,84193410.0,ok
MSFT,2020-01-31,369.4942814722628,0.09584345920427495,46792699.0,ok
MSFT,2020-02-29,340.08728038060923,-0.07958716160499246,122045418.0,ok
MSFT,2020-03-31,208.48123774045783,-0.38697725622923707,72469346.0,ok
MSFT,2020-04-30,244.73908877198102,0.17391421609200752,83716088.0,ok
MSFT,2020-05-31,216.10729114048453,-0.11698906690860578,49086729.0,ok
MSFT,2020-06-30,226.6628377113833,0.04884400945101364,51571808.0,ok
MSFT,2020-07-31,212.02658543638896,-0.06457279200585642,112372042.0,ok
MSFT,2020-08-31,185.64283527953486,-0.12443604702944011,110490195.0,ok
MSFT,2020-09-30,170.80307476540426,-0.07993715723952066,87793750.0,ok
MSFT,2020-10-31,196.45497713587045,0.15018407839378023,47921128.0,ok
MSFT,2020-11-30,212.32877193216586,0.0808011842088221,59411839.0,ok
MSFT,2020-12-31,199.88002473154242,-0.05862958226217463,112453000.0,ok
MSFT,2021-01-31,186.74719381355112,-0.06570356860636739,83484861.0,ok
MSFT,2021-02-28,215.2832145669259,0.15280562010407084,80191920.0,ok
MSFT,2021-03-31,246.42620595840867,0.1446605647083612,62328052.0,ok
MSFT,2021-04-30,261.85532845071174,0.06261153286151377,75853961.0,ok
MSFT,2021-05-31,287.45132500327344,0.09774861830768344,102391170.0,ok
MSFT,2021-06-30,291.98286405135724,0.015764543955510302,114812014.0,ok
MSFT,2021-07-31,279.6203682519442,-0.04233979908231378,93297562.0,ok
MSFT,2021-08-31,281.2783016426689,0.005929229694851212,22812547.0,ok
MSFT,2021-09-30,284.04673990823886,0.009842345639184513,39177634.0,ok
MSFT,2021-10-31,308.1778946236619,0.08495487300160054,65685525.0,ok
MSFT,2021-11-30,287.88301940150996,-0.0658544158299722,56317731.0,ok
MSFT,2021-12-31,275.9831401770545,-0.04133581497510519,43348374.0,ok
MSFT,2022-01-31,292.9681344784242,0.06154359389661668,107576207.0,ok
MSFT,2022-02-28,333.3295755197886,0.13776734153432946,116904524.0,ok
MSFT,2022-03-31,342.6632173256263,0.0280012410878423,78540559.0,ok
MSFT,2022-04-30,395.09945821103344,0.15302558965813362,114851482.0,ok
MSFT,2022-05-31,359.5554958593418,-0.08996206300213805,108021192.0,ok
MSFT,2022-06-30,311.9039828317146,-0.13252895193199465,75656196.0,ok
MSFT,2022-07-31,336.381347655836,0.0784772435475054,135033017.0,ok
MSFT,2022-08-31,349.9015663383681,0.04019312835492039,61191466.0,ok
MSFT,2022-09-30,393.0599489506843,0.12334435385345022,81025715.0,ok
MSFT,2022-10-31,378.4416714258134,-0.0371909617448839,90817125.0,ok
MSFT,2022-11-30,430.0141676004682,0.13627594440208113,72702968.0,ok
MSFT,2022-12-31,400.2038891495198,-0.06932394487673144,83128150.0,ok
MSFT,2023-01-31,385.3833303496693,-0.03703252067676288,104017739.0,ok
MSFT,2023-02-28,338.2600370680099,-0.1222764182324727,77373815.0,ok
MSFT,2023-03-31,380.3764813282197,0.12450907480904094,109651984.0,ok
MSFT,2023-04-30,410.504584819115,0.07920601028142515,104378758.0,ok
MSFT,2023-05-31,359.2433296025973,-0.12487377026277424,126909607.0,ok
MSFT,2023-06-30,337.86235245809627,-0.05951669908012813,79964891.0,ok
MSFT,2023-07-31,329.3887368756171,-0.025080082231210166,73546877.0,ok
MSFT,2023-08-31,320.7981866678025,-0.026080279153742114,78627361.0,ok
MSFT,2023-09-30,342.63648422457624,0.06807487842625504,78453293.0,ok
MSFT,2023-10-31,333.62594015158686,-0.026297678408010783,93570855.0,ok
MSFT,2023-11-30,288.9962315949634,-0.13377169813697776,83561095.0,ok
MSFT,2023-12-31,304.59242077491473,0.05396675622334701,73932018.0,ok
MSFT,2024-01-31,302.6789807698096,-0.0062819685409017945,33757404.0,ok
MSFT,2024-02-29,299.8218060490643,-0.009439620529574144,106663246.0,ok
MSFT,2024-03-31,310.21957406145816,0.03467982582525142,50429481.0,ok
MSFT,2024-04-30,272.1404427900916,-0.12274896381561873,116659792.0,ok
MSFT,2024-05-31,293.8982020687742,0.0799504809193865,85867716.0,ok
MSFT,2024-06-30,364.068258921129,0.2387563324934343,37939125.0,ok
MSFT,2024-07-31,394.7441943103541,0.08425874719243431,58223399.0,ok
MSFT,2024-08-31,343.7921173935996,-0.12907619073605725,113251301.0,ok
MSFT,2024-09-30,394.22931506220857,0.14670841801432166,97855014.0,ok
MSFT,2024-10-31,491.199807010448,0.2459748381039033,116901488.0,ok
MSFT,2024-11-30,483.7617959648097,-0.015142536579783483,77831446.0,ok
MSFT,2024-12-31,550.344789920059,0.137635907817931,62409280.0,ok
MSFT,2025-01-31,514.4367859430253,-0.06524637760675389,98624184.0,ok
MSFT,2025-02-28,540.7626619289284,0.051174170870468716,124799464.0,ok
MSFT,2025-03-31,551.6691254389564,0.02016866969166098,70061760.0,ok
MSFT,2025-04-30,604.697149640234,0.09612287829064914,54906891.0,ok
MSFT,2025-05-31,677.2507901958061,0.11998343401938971,49443351.0,ok
MSFT,2025-06-30,783.7335192388921,0.1572279140675492,81348163.0,ok
MSFT,2025-07-31,823.6560166524966,0.05093886688982563,72617803.0,ok
MSFT,2025-08-31,849.4356468239749,0.03129902489664538,88034633.0,ok
MSFT,2025-09-30,973.9598674438076,0.1465964150261725,114103125.0,ok
MSFT,2025-10-31,1184.139390459265,0.21579895644682057,97091497.0,ok
MSFT,2025-11-30,1377.4713176771372,0.16326787941991272,80756982.0,ok
MSFT,2025-12-31,1247.4086123344666,-0.09442135286126929,117488355.0,ok
MSFT,2026-01-31,1128.5257252137365,-0.09530388514654109,103311926.0,ok
MSFT,2026-02-28,1305.7385976917308,0.1570304234264852,60336764.0,ok
MSFT,2026-03-31,1347.186038730003,0.03174252573336078,106476277.0,ok
MSFT,2026-04-30,1257.9228658350191,-0.06625898007311048,69567592.0,ok
MSFT,2026-05-31,1277.1143816914425,0.015256512444174364,39005533.0,ok
NVDA,2009-10-31,82.5,,42338084.0,ok
NVDA,2009-11-30,72.82965854250838,-0.11721626009080743,19455523.0,ok
NVDA,2009-12-31,67.2078929524211,-0.07719060754357421,29232463.0,ok
NVDA,2010-01-31,71.96801129468071,0.07082677544480465,20217722.0,ok
NVDA,2010-02-28,65.87661083003735,-0.08464038890419612,38632758.0,ok
NVDA,2010-03-31,70.84912255956863,0.0754822032718172,42003523.0,ok
NVDA,2010-04-30,72.18075549679644,0.018795334213323578,40708674.0,ok
NVDA,2010-05-31,71.26543850202124,-0.012680900725898114,43955250.0,ok
NVDA,2010-06-30,64.95252095693152,-0.08858315724684229,37748543.0,ok
NVDA,2010-07-31,68.53357827210544,0.055133461525664895,39246148.0,ok
NVDA,2010-08-31,76.23384295867079,0.11235754619425009,18941210.0,ok
NVDA,2010-09-30,72.74451466499212,-0.045771381295448554,32283098.0,ok
NVDA,2010-10-31,76.30710549371886,0.04897401330029383,16708375.0,ok
NVDA,2010-11-30,75.55733063057028,-0.009825754211189475,58940987.0,ok
NVDA,2010-12-31,81.38883605791466,0.077179876243338,44142271.0,ok
NVDA,2011-01-31,86.73671652526116,0.06570778900856933,46474519.0,ok
NVDA,2011-02-28,86.515999472013,-0.0025446784486461427,49615764.0,ok
NVDA,2011-03-31,88.93733376725787,0.02798712735241704,24457526.0,ok
NVDA,2011-04-30,85.74247609251923,-0.03592257086432726,50102095.0,ok
NVDA,2011-05-31,76.6863966178297,-0.10561952357099746,42644378.0,ok
NVDA,2011-06-30,65.04581527129375,-0.1517946058222991,11058362.0,ok
NVDA,2011-07-31,77.92724927589164,0.19803632179675024,27917587.0,ok
NVDA,2011-08-31,80.88835470662868,0.03799833124166385,47839703.0,ok
NVDA,2011-09-30,91.15763178666272,0.12695618692306643,45428993.0,ok
NVDA,2011-10-31,91.23943734392192,0.0008974076624834737,50876552.0,ok
NVDA,2011-11-30,82.12860884366931,-0.09985625476744064,37495134.0,ok
NVDA,2011-12-31,85.63455727641636,0.0426885160008077,34243537.0,ok
NVDA,2012-01-31,92.00096987291144,0.07434396578877833,67296527.0,ok
NVDA,2012-02-29,90.65567072059143,-0.014622662719516843,62780246.0,ok
NVDA,2012-03-31,92.74500352932368,0.023046906962629565,25750116.0,ok
NVDA,2012-04-30,102.59343637010937,0.10618828471629582,27357708.0,ok
NVDA,2012-05-31,94.67696906240887,-0.0771634871371456,58747400.0,ok
NVDA,2012-06-30,108.23767363315655,0.14323129167568482,42880163.0,ok
NVDA,2012-07-31,95.30633571374203,-0.11947169118990786,11941010.0,ok
NVDA,2012-08-31,84.15389903186026,-0.1170167397409837,40463757.0,ok
NVDA,2012-09-30,81.51648500615586,-0.03134036635314885,47016817.0,ok
NVDA,2012-10-31,76.87633197994892,-0.05692287916801786,23897700.0,ok
NVDA,2012-11-30,66.98379370256089,-0.12868119514297616,30451567.0,ok
NVDA,2012-12-31,68.022726256938,0.015510207722639002,37435974.0,ok
NVDA,2013-01-31,71.29810678513942,0.04815126808986658,46844890.0,ok
NVDA,2013-02-28,73.48410547872888,0.030659982321509238,52263736.0,ok
NVDA,2013-03-31,68.12392240045234,-0.07294343509193457,43740714.0,ok
NVDA,2013-04-30,71.43062147773847,0.04853946984802748,43912002.0,ok
NVDA,2013-05-31,80.51891700453127,0.1272324857151803,46896884.0,ok
NVDA,2013-06-30,91.19181854144902,0.13255147900607156,25755922.0,ok
NVDA,2013-07-31,98.67973485266621,0.08211171167525011,9684957.0,ok
NVDA,2013-08-31,104.14925208148681,0.05542695505806594,32552533.0,ok
NVDA,2013-09-30,112.87290700705356,0.08376109046602975,32755975.0,ok
NVDA,2013-10-31,112.89172145203821,0.00016668698878707922,51253354.0,ok
NVDA,2013-11-30,116.36017706757707,0.030723737497549086,46895009.0,ok
NVDA,2013-12-31,117.50138255849886,0.009807526248941878,27386899.0,ok
NVDA,2014-01-31,141.87851285374205,0.20746249758471458,26456565.0,ok
NVDA,2014-02-28,134.05938378403113,-0.055111439445178045,47520362.0,ok
NVDA,2014-03-31,129.61122352104366,-0.03318052147810424,24956055.0,ok
NVDA,2014-04-30,141.22167401701492,0.08957905172530212,29534042.0,ok
NVDA,2014-05-31,134.2895484171048,-0.04908683917084078,40329969.0,ok
NVDA,2014-06-30,133.62208247421253,-0.004970349150472342,31151802.0,ok
NVDA,2014-07-31,138.64685963654077,0.03760439194844878,45028301.0,ok
NVDA,2014-08-31,127.88050909122302,-0.07765304294335595,29929283.0,ok
NVDA,2014-09-30,141.0423302462477,0.10292280855431812,48173366.0,ok
NVDA,2014-10-31,138.59284657685262,-0.017367010776966674,58257313.0,ok
NVDA,2014-11-30,128.09023412368506,-0.0757803358006911,37854382.0,ok
NVDA,2014-12-31,148.42652204286273,0.15876532710168023,47574366.0,ok
NVDA,2015-01-31,159.36437781296982,0.07369205731943551,30531484.0,ok
NVDA,2015-02-28,160.83889328672944,0.009252478464730096,38855959.0,ok
NVDA,2015-03-31,162.6957046255475,0.011544541875875058,36871900.0,ok
NVDA,2015-04-30,138.64986495114118,-0.14779640144617867,40178699.0,ok
NVDA,2015-05-31,150.58045209676277,0.0860483142181625,37325085.0,ok
NVDA,2015-06-30,162.56980856983384,0.07962093556052507,24507809.0,ok
NVDA,2015-07-31,152.95945626645008,-0.059115234174957676,30552072.0,ok
NVDA,2015-08-31,141.60048677148598,-0.07426130931831487,11811617.0,ok
NVDA,2015-09-30,145.62596086990027,0.02842839166867117,23973842.0,ok
NVDA,2015-10-31,138.78503579428346,-0.046975999572825944,10204284.0,ok
NVDA,2015-11-30,146.92039308095843,0.05861840392312723,24232187.0,ok
NVDA,2015-12-31,150.0056962844027,0.020999829490955246,15543538.0,ok
NVDA,2016-01-31,142.97945191207612,-0.046839850394782334,24516563.0,ok
NVDA,2016-02-29,148.01753654980155,0.03523642432776675,38348226.0,ok
NVDA,2016-03-31,175.18997167702287,0.18357578271192865,42022912.0,ok
NVDA,2016-04-30,178.62484708320395,0.019606575498017476,50120043.0,ok
NVDA,2016-05-31,192.71094109938932,0.07885853645895091,22179069.0,ok
NVDA,2016-06-30,195.456139337387,0.014245160250563327,40669687.0,ok
NVDA,2016-07-31,200.30204506209614,0.024792803854292833,44199793.0,ok
NVDA,2016-08-31,190.2041491092052,-0.050413344255973436,30563373.0,ok
NVDA,2016-09-30,199.1276171804823,0.046915212486525304,47064283.0,ok
NVDA,2016-10-31,189.85586482133954,-0.04656186063201462,29016266.0,ok
NVDA,2016-11-30,179.6246628304673,-0.05388931229751659,47040109.0,ok
NVDA,2016-12-31,200.56224821540818,0.11656297668156035,46076106.0,ok
NVDA,2017-01-31,221.8271408035666,0.10602639717779527,43344862.0,ok
NVDA,2017-02-28,254.44174529500265,0.14702711477635222,20036272.0,ok
NVDA,2017-03-31,281.63700235634633,0.1068820567545361,29634471.0,ok
NVDA,2017-04-30,276.6854319040952,-0.017581391687964576,38481434.0,ok
NVDA,2017-05-31,353.6665440550335,0.27822611266942854,46349628.0,ok
NVDA,2017-06-30,367.7956497920091,0.039950359949164405,60800879.0,ok
NVDA,2017-07-31,350.00329822691873,-0.04837564439696895,32504235.0,ok
NVDA,2017-08-31,317.4587545187099,-0.09298353436403661,30805943.0,ok
NVDA,2017-09-30,373.83190400505475,0.17757629513733386,24108090.0,ok
NVDA,2017-10-31,350.35075595106713,-0.06281204948647223,11199832.0,ok
NVDA,2017-11-30,384.5069162989015,0.0974913276699334,43611212.0,ok
NVDA,2017-12-31,409.1916046212894,0.06419829468866811,44868260.0,ok
NVDA,2018-01-31,405.32024987911865,-0.009460982821858588,44011836.0,ok
NVDA,2018-02-28,449.704237656757,0.10950350442859769,36560866.0,ok
NVDA,2018-03-31,457.8601283511547,0.018136121502645874,31227477.0,ok
NVDA,2018-04-30,446.5709632836736,-0.02465636199451482,36184896.0,ok
NVDA,2018-05-31,421.983529518283,-0.055058290365762264,21372045.0,ok
NVDA,2018-06-30,376.281618922178,-0.10830259334594461,30073795.0,ok
NVDA,2018-07-31,378.5546399045934,0.006040744134476306,29068726.0,ok
NVDA,2018-08-31,368.05881089944324,-0.027726060913677908,31629832.0,ok
NVDA,2018-09-30,357.3939283047687,-0.0289760285010221,31631468.0,ok
NVDA,2018-10-31,396.1448670034344,0.10842640467473408,37380169.0,ok
NVDA,2018-11-30,326.29784635301974,-0.1763168640269397,39030785.0,ok
NVDA,2018-12-31,320.44443495272805,-0.01793886004984202,35751886.0,ok
NVDA,2019-01-31,338.2627129339371,0.05560489132488011,32166913.0,ok
NVDA,2019-02-28,340.5389180721981,0.0067291044836665925,34408183.0,ok
NVDA,2019-03-31,320.4687983873541,-0.05893634653701718,22185103.0,ok
NVDA,2019-04-30,340.80483117474006,0.06345713807309727,56465677.0,ok
NVDA,2019-05-31,354.0244644610706,0.038789453895835324,25325751.0,ok
NVDA,2019-06-30,305.54706103018856,-0.13693235439160656,35167650.0,ok
NVDA,2019-07-31,344.7014156422007,0.12814508665211344,21397789.0,ok
NVDA,2019-08-31,394.7792591347938,0.14527890290005008,35000632.0,ok
NVDA,2019-09-30,363.9662601788644,-0.07805121024711326,39927535.0,ok
NVDA,2019-10-31,342.49386159985414,-0.05899557439323644,26052899.0,ok
NVDA,2019-11-30,366.8726732484579,0.07118028782976049,37991456.0,ok
NVDA,2019-12-31,379.23859148216553,0.03370629413255055,32900642.0,ok
NVDA,2020-01-31,432.61757549294964,0.14075303835025021,41367850.0,ok
NVDA,2020-02-29,407.8242513796312,-0.0573100251072034,35600288.0,ok
NVDA,2020-03-31,356.0405509956378,-0.1269755297994517,52596878.0,ok
NVDA,2020-04-30,445.98481964201505,0.25262366434063654,44713077.0,ok
NVDA,2020-05-31,391.39056764767287,-0.12241280328367254,44923959.0,ok
NVDA,2020-06-30,409.9342823434852,0.047379053632445434,47567115.0,ok
NVDA,2020-07-31,438.58980415261624,0.06990272110279494,37759228.0,ok
NVDA,2020-08-31,499.47365099758923,0.13881728728875609,42772739.0,ok
NVDA,2020-09-30,520.5657168874992,0.042228585727762,47921750.0,ok
NVDA,2020-10-31,520.523011815107,-8.203589096789088e-05,34981225.0,ok
NVDA,2020-11-30,513.1868076604807,-0.014093909372122404,28658539.0,ok
NVDA,2020-12-31,529.5218795743077,0.031830654393271596,48002220.0,ok
NVDA,2021-01-31,562.784355028476,0.06281605489259223,41027139.0,ok
NVDA,2021-02-28,566.0035547150985,0.005720130024686965,19244627.0,ok
NVDA,2021-03-31,633.3338643719746,0.11895739716823384,44283253.0,ok
NVDA,2021-04-30,614.6681135750823,-0.029472213388433977,67713478.0,ok
NVDA,2021-05-31,702.6228862457318,0.14309311110849698,37798193.0,ok
NVDA,2021-06-30,740.0598239649058,0.05328169413781514,36275332.0,ok
NVDA,2021-07-31,675.9164538737979,-0.08667322291251645,31480807.0,ok
NVDA,2021-08-31,711.9722477775538,0.05334356590539224,58682678.0,ok
NVDA,2021-09-30,751.3546744610088,0.05531455306915212,45711750.0,ok
NVDA,2021-10-31,799.1563915576523,0.06362070899596728,35513577.0,ok
NVDA,2021-11-30,785.7737602455088,-0.016745947918978876,36382239.0,ok
NVDA,2021-12-31,826.3135620228392,0.05159220608825632,39690990.0,ok
NVDA,2022-01-31,834.1656997481056,0.009502612671688615,31839699.0,ok
NVDA,2022-02-28,931.3403924622925,0.11649327315128266,36362136.0,ok
NVDA,2022-03-31,974.9418353591487,0.04681579715616335,24311853.0,ok
NVDA,2022-04-30,847.978433326836,-0.13022664268534745,40718509.0,ok
NVDA,2022-05-31,903.8855716886782,0.06592990595586756,40865221.0,ok
NVDA,2022-06-30,910.8141357133295,0.007665311010227827,31189655.0,ok
NVDA,2022-07-31,1032.590293964583,0.13370033849538476,34952005.0,ok
NVDA,2022-08-31,1094.4441283279534,0.0599016228652367,42982751.0,ok
NVDA,2022-09-30,1182.6594037984703,0.08060281305112271,53749718.0,ok
NVDA,2022-10-31,1296.1445581075993,0.09595759687416083,47240575.0,ok
NVDA,2022-11-30,1472.2239589774713,0.13584858245051912,28053729.0,ok
NVDA,2022-12-31,1509.797376871289,0.0255215367639543,13061169.0,ok
NVDA,2023-01-31,1460.3667476414532,-0.03273990933291293,47483542.0,ok
NVDA,2023-02-28,1390.2405993706514,-0.048019546038047145,40989208.0,ok
NVDA,2023-03-31,1301.5802429193636,-0.06377339036956875,51726723.0,ok
NVDA,2023-04-30,1338.4001394089792,0.028288610471706832,23489757.0,ok
NVDA,2023-05-31,1354.7918532821416,0.012247244594879358,54043683.0,ok
NVDA,2023-06-30,1464.3452295718068,0.08086362198315511,27654770.0,ok
NVDA,2023-07-31,1546.2659314662717,0.05594357139294237,39778408.0,ok
NVDA,2023-08-31,1873.4139771878233,0.21157295072221394,38960068.0,ok
NVDA,2023-09-30,1780.9418274335144,-0.049360232644959035,18531717.0,ok
NVDA,2023-10-31,1965.2601308103497,0.10349484780334084,51037471.0,ok
NVDA,2023-11-30,1940.4943849543633,-0.01260176475761221,32980559.0,ok
NVDA,2023-12-31,1724.7691003982602,-0.1111702699212791,43953145.0,ok
NVDA,2024-01-31,1890.1949200029712,0.09591186412518238,34193662.0,ok
NVDA,2024-02-29,1925.4866115569598,0.0186709270988481,28141457.0,ok
NVDA,2024-03-31,2152.701009848494,0.11800362408534593,27465757.0,ok
NVDA,2024-04-30,1942.1312065802297,-0.0978165580379804,49487198.0,ok
NVDA,2024-05-31,2402.652635469367,0.23712168741680384,23771574.0,ok
NVDA,2024-06-30,2503.6216927291266,0.04202399288569447,36917834.0,ok
NVDA,2024-07-31,2385.5765328015796,-0.0471497591949962,41536436.0,ok
NVDA,2024-08-31,2524.2730704596684,0.05813963029524194,36870160.0,ok
NVDA,2024-09-30,2586.8734385167095,0.02479936453374343,43384173.0,ok
NVDA,2024-10-31,3098.8831708793505,0.19792608511076715,28100231.0,ok
NVDA,2024-11-30,3492.496150495893,0.12701768924862344,32163210.0,ok
NVDA,2024-12-31,3652.0443204871654,0.045683134101269784,56166240.0,ok
NVDA,2025-01-31,4412.425288890938,0.20820693882004737,41919194.0,ok
NVDA,2025-02-28,4586.554513499966,0.03946338197440502,56055531.0,ok
NVDA,2025-03-31,4982.904843658932,0.08641570246082475,16056779.0,ok
NVDA,2025-04-30,4495.75397020409,-0.09776443434892645,25942522.0,ok
NVDA,2025-05-31,4977.162598300387,0.10708073246153238,22105948.0,ok
NVDA,2025-06-30,4971.567893838173,-0.001124075083286158,42080130.0,ok
NVDA,2025-07-31,5251.427603342301,0.056292042164603595,46256656.0,ok
NVDA,2025-08-31,5292.872686977993,0.007892155574860116,29250183.0,ok
NVDA,2025-09-30,6112.317263662322,0.1548203830219459,30520478.0,ok
NVDA,2025-10-31,6005.679762561642,-0.0174463295180437,41361865.0,ok
NVDA,2025-11-30,6076.692307022618,0.011824230939460945,26564333.0,ok
NVDA,2025-12-31,5336.511789727851,-0.12180648285241735,36432993.0,ok
NVDA,2026-01-31,5360.082853507927,0.00441694213539412,28912495.0,ok
NVDA,2026-02-28,5891.4851922130365,0.09914069487887311,37727066.0,ok
NVDA,2026-03-31,6689.670766073794,0.13548121531659696,49066827.0,ok
NVDA,2026-04-30,6330.552889404257,-0.053682444058499645,36277994.0,ok
NVDA,2026-05-31,5481.114244055991,-0.13418079908470737,32706571.0,ok
AMD,2009-10-31,61.72,,11403328.0,ok
AMD,2009-11-30,61.70372476498783,-0.00026369466967213206,18750545.0,ok
AMD,2009-12-31,76.04649608366891,0.2324457943715501,14008862.0,ok
AMD,2010-01-31,70.58175379723211,-0.07186054016774568,19069079.0,ok
AMD,2010-02-28,69.25313830385393,-0.018823781245150717,9363708.0,ok
AMD,2010-03-31,69.96601452134037,0.01029377490964567,11959368.0,ok
AMD,2010-04-30,68.83543019607397,-0.016159049975921658,17088688.0,ok
AMD,2010-05-31,77.31084203397214,0.12312571903388148,22913181.0,ok
AMD,2010-06-30,86.59371843261651,0.12007211607610313,16761629.0,ok
AMD,2010-07-31,77.14348827976963,-0.10913297550792489,13316829.0,ok
AMD,2010-08-31,70.43520559560957,-0.08695850853712639,16532019.0,ok
AMD,2010-09-30,75.08794288166571,0.06605698452516706,13419044.0,ok
AMD,2010-10-31,76.68904228114627,0.021322989258126368,14122249.0,ok
AMD,2010-11-30,80.39053415004409,0.04826624194011897,12197784.0,ok
AMD,2010-12-31,70.66724701098947,-0.12095064726036886,14596466.0,ok
AMD,2011-01-31,73.7500240361573,0.04362384492901539,15152574.0,ok
AMD,2011-02-28,88.6039661070607,0.20140931837013354,14006955.0,ok
AMD,2011-03-31,86.92977261202256,-0.018895243278559404,18892701.0,ok
AMD,2011-04-30,92.73792324277737,0.06681428532750511,5752360.0,ok
AMD,2011-05-31,94.93747106916507,0.023717889612748122,16047855.0,ok
AMD,2011-06-30,89.68421033496917,-0.055333902146695424,20566559.0,ok
AMD,2011-07-31,78.15685515037738,-0.12853271653435183,10500699.0,ok
AMD,2011-08-31,83.3682499562897,0.06667866556152191,21146532.0,ok
AMD,2011-09-30,87.41218834363957,0.04850693626734537,15680703.0,ok
AMD,2011-10-31,86.75987094069487,-0.007462545158808731,18719484.0,ok
AMD,2011-11-30,83.28557593628975,-0.0400449535797488,24564227.0,ok
AMD,2011-12-31,95.12117096624908,0.14210858119073477,8098309.0,ok
AMD,2012-01-31,93.11098765021252,-0.021132869745157046,4354713.0,ok
AMD,2012-02-29,86.34991047833748,-0.072613096934104,7406365.0,ok
AMD,2012-03-31,98.9732455244887,0.14618816598910112,16707923.0,ok
AMD,2012-04-30,95.4224298784442,-0.03587652023764265,15305461.0,ok
AMD,2012-05-31,105.28884071412295,0.10339718710000656,15634431.0,ok
AMD,2012-06-30,101.25966480602101,-0.03826783428114522,11764675.0,ok
AMD,2012-07-31,110.08950561224331,0.08719998059580059,13207770.0,ok
AMD,2012-08-31,108.41398488214801,-0.015219622622312579,19801389.0,ok
AMD,2012-09-30,127.69588685799958,0.17785437918191138,12839291.0,ok
AMD,2012-10-31,126.33727365902087,-0.010639443700246387,19122764.0,ok
AMD,2012-11-30,105.43653705800365,-0.1654360268801387,8914194.0,ok
AMD,2012-12-31,102.78779947593668,-0.025121629142749846,10636016.0,ok
AMD,2013-01-31,104.31485421282645,0.014856381250259787,11471083.0,ok
AMD,2013-02-28,81.14071130625047,-0.22215573305883518,19112694.0,ok
AMD,2013-03-31,91.33955357769914,0.1256932815507994,21659000.0,ok
AMD,2013-04-30,77.21318096585652,-0.1546577803210505,16879780.0,ok
AMD,2013-05-31,80.03303909806486,0.03652042432308633,17790804.0,ok
AMD,2013-06-30,88.19879941301906,0.10202986675226278,16986212.0,ok
AMD,2013-07-31,79.18522006968516,-0.10219616823948974,15956930.0,ok
AMD,2013-08-31,85.55867265859412,0.08048790649694659,17862607.0,ok
AMD,2013-09-30,91.66398085110184,0.07135814526798256,12945829.0,ok
AMD,2013-10-31,84.09966214912525,-0.0825222582713705,14693110.0,ok
AMD,2013-11-30,96.86936319440282,0.15184009922221064,12081578.0,ok
AMD,2013-12-31,94.37064967666657,-0.025794672694623655,12398776.0,ok
AMD,2014-01-31,85.03701508308895,-0.098903998494835,21484760.0,ok
AMD,2014-02-28,72.60204254287648,-0.1462301155333635,17215499.0,ok
AMD,2014-03-31,53.44954938820663,-0.2638010238260031,12902150.0,ok
AMD,2014-04-30,52.82711948351334,-0.01164518526007663,12682251.0,ok
AMD,2014-05-31,60.920779215934544,0.15321031719223543,17508289.0,ok
AMD,2014-06-30,63.04439489463208,0.034858642749304725,12301737.0,ok
AMD,2014-07-31,69.05471656826023,0.09533475075259878,8144682.0,ok
AMD,2014-08-31,66.75636118170749,-0.03328310506177856,16909682.0,ok
AMD,2014-09-30,77.1062069177452,0.15503909369574442,15570644.0,ok
AMD,2014-10-31,64.02873470475724,-0.1696033657438064,11589020.0,ok
AMD,2014-11-30,65.94472977704116,0.029923987739547853,11355460.0,ok
AMD,2014-12-31,71.9798818509022,0.09151833807289633,10625188.0,ok
AMD,2015-01-31,65.4598436609579,-0.09058139611078808,14296757.0,ok
AMD,2015-02-28,71.89075445224455,0.09824207379099237,6442959.0,ok
AMD,2015-03-31,62.40791519316993,-0.13190624206585377,15385949.0,ok
AMD,2015-04-30,68.798883283456,0.102406370578223,10786609.0,ok
AMD,2015-05-31,76.12285381580482,0.10645478796761254,23346230.0,ok
AMD,2015-06-30,79.81078333365856,0.04844707381540725,5798395.0,ok
AMD,2015-07-31,91.41818824134414,0.14543654908334158,17141897.0,ok
AMD,2015-08-31,91.30799544139997,-0.001205370638644343,12283243.0,ok
AMD,2015-09-30,105.294558516344,0.15318004745729397,11259957.0,ok
AMD,2015-10-31,113.01775201529712,0.07334845796190237,10872576.0,ok
AMD,2015-11-30,115.97023257444806,0.026124042519898305,6644272.0,ok
AMD,2015-12-31,131.60911986005814,0.13485259914065084,16292114.0,ok
AMD,2016-01-31,136.96824345786712,0.04072000180160318,14674328.0,ok
AMD,2016-02-29,131.23866263158274,-0.04183145436954405,10318426.0,ok
AMD,2016-03-31,130.66982148378665,-0.004334402198176601,19715645.0,ok
AMD,2016-04-30,135.13310889414595,0.03415698712738435,14220705.0,ok
AMD,2016-05-31,130.08025655638272,-0.03739166795697191,10652373.0,ok
AMD,2016-06-30,131.10666524358044,0.007890580126222568,22230825.0,ok
AMD,2016-07-31,126.44032934252697,-0.035591904441959366,20241819.0,ok
AMD,2016-08-31,138.1000758948164,0.0922154079550297,15155693.0,ok
AMD,2016-09-30,126.60370000665661,-0.08324670217354535,11346811.0,ok
AMD,2016-10-31,128.24912078435912,0.012996624724364247,18075723.0,ok
AMD,2016-11-30,115.91307250796379,-0.09618817034338534,14013176.0,ok
AMD,2016-12-31,124.41530410872686,0.07335006670778155,18931238.0,ok
AMD,2017-01-31,116.64531680220267,-0.06245202197740862,7614356.0,ok
AMD,2017-02-28,136.9170515031793,0.17378952929033353,16299598.0,ok
AMD,2017-03-31,134.61206386019012,-0.01683492025049671,12972064.0,ok
AMD,2017-04-30,151.82149902916137,0.12784467213016804,22267755.0,ok
AMD,2017-05-31,125.3944890413275,-0.17406632233790453,20141491.0,ok
AMD,2017-06-30,140.8379324738436,0.12315886886724559,16671935.0,ok
AMD,2017-07-31,145.107405713592,0.030314796338985595,16989150.0,ok
AMD,2017-08-31,138.42780257223177,-0.04603213122384797,11896374.0,ok
AMD,2017-09-30,151.44008777826514,0.09400051842362767,17933615.0,ok
AMD,2017-10-31,148.39639100704449,-0.0200983558308363,14630974.0,ok
AMD,2017-11-30,144.3634682019285,-0.027176690603779807,16958117.0,ok
AMD,2017-12-31,146.42924424327956,0.01430954844103316,12074675.0,ok
AMD,2018-01-31,144.58152865075775,-0.012618487530072775,24063025.0,ok
AMD,2018-02-28,112.73328504222754,-0.2202787859952765,10124872.0,ok
AMD,2018-03-31,122.98881884060556,0.09097165752365433,21404919.0,ok
AMD,2018-04-30,135.5037182922083,0.10175640004984632,15156493.0,ok
AMD,2018-05-31,126.4454961946098,-0.06684851317559282,21507594.0,ok
AMD,2018-06-30,144.20807476838837,0.1404761664776144,18747025.0,ok
AMD,2018-07-31,144.08277170785374,-0.0008689046070123885,20538678.0,ok
AMD,2018-08-31,138.85635980650832,-0.03627367685529148,3656660.0,ok
AMD,2018-09-30,127.68169047133723,-0.08047646755786064,25046797.0,ok
AMD,2018-10-31,143.5196339212293,0.12404240100069375,12918109.0,ok
AMD,2018-11-30,149.52076853086143,0.04181403230812197,19274349.0,ok
AMD,2018-12-31,154.04779563130924,0.030276911662030503,16959686.0,ok
AMD,2019-01-31,159.11681831358274,0.032905519105287606,20753092.0,ok
AMD,2019-02-28,163.11460958402105,0.025124881912605757,11922260.0,ok
AMD,2019-03-31,160.97492079906945,-0.013117701660251613,9177456.0,ok
AMD,2019-04-30,204.97598285964227,0.27334110085070584,17808917.0,ok
AMD,2019-05-31,238.74289022092097,0.16473592120497682,12048797.0,ok
AMD,2019-06-30,263.49666512349063,0.10368382019528921,16498299.0,ok
AMD,2019-07-31,277.3391387558105,0.05253377163552497,8579379.0,ok
AMD,2019-08-31,278.2994885794313,0.003462727359467177,13618742.0,ok
AMD,2019-09-30,351.1190679534765,0.2616590484795709,4474096.0,ok
AMD,2019-10-31,372.05977607076784,0.059639905742931765,10785240.0,ok
AMD,2019-11-30,416.8023147279149,0.12025631776071588,8268320.0,ok
AMD,2019-12-31,465.95885118328044,0.1179372923767339,17642872.0,ok
AMD,2020-01-31,462.3870461340654,-0.007665494582074439,13424800.0,ok
AMD,2020-02-29,417.32492650766716,-0.09745541100935773,17726045.0,ok
AMD,2020-03-31,363.4855441658831,-0.12901070346392296,7139249.0,ok
AMD,2020-04-30,409.3246255943921,0.1261097784059042,5397683.0,ok
AMD,2020-05-31,463.15104623089735,0.13150056769328833,13299801.0,ok
AMD,2020-06-30,475.4945923388621,0.02665123226734778,3898011.0,ok
AMD,2020-07-31,498.1321517230041,0.047608447601459325,18239077.0,ok
AMD,2020-08-31,492.590519431252,-0.011124823548498086,13840221.0,ok
AMD,2020-09-30,495.31251106845707,0.005525870941137656,15468132.0,ok
AMD,2020-10-31,398.3172446642479,-0.19582640098263837,6429787.0,ok
AMD,2020-11-30,419.1667232967455,0.052343901530229164,15423953.0,ok
AMD,2020-12-31,423.8411311394853,0.011151667303109347,20159260.0,ok
AMD,2021-01-31,442.7710568405415,0.044662785912645164,26573386.0,ok
AMD,2021-02-28,462.80353762389586,0.04524342879658638,10386574.0,ok
AMD,2021-03-31,414.07472510354745,-0.10529049274456626,16347285.0,ok
AMD,2021-04-30,409.6377611958988,-0.010715370049546258,13613460.0,ok
AMD,2021-05-31,481.6243316160286,0.1757322621087758,5399401.0,ok
AMD,2021-06-30,445.0378484890518,-0.07596477321695017,15619404.0,ok
AMD,2021-07-31,431.7386640177922,-0.029883266145591114,8454128.0,ok
AMD,2021-08-31,390.97729672437487,-0.09441213097314238,16784189.0,ok
AMD,2021-09-30,373.6017817814493,-0.044441237607652395,22866431.0,ok
AMD,2021-10-31,384.7483371361979,0.029835391313174142,15350072.0,ok
AMD,2021-11-30,389.34919906209484,0.011958107369982596,12799773.0,ok
AMD,2021-12-31,371.91263629164706,-0.04478386705931536,13463907.0,ok
AMD,2022-01-31,312.8836236909684,-0.15871741597504951,16834701.0,ok
AMD,2022-02-28,334.3971371496068,0.06875883500980873,12359384.0,ok
AMD,2022-03-31,347.3302233145561,0.038675828014529845,12230445.0,ok
AMD,2022-04-30,367.2467562113864,0.05734177897554593,9083230.0,ok
AMD,2022-05-31,379.5896578750155,0.03360928709340194,20466910.0,ok
AMD,2022-06-30,343.94615235019904,-0.09390009655255815,16341110.0,ok
AMD,2022-07-31,320.39364170335296,-0.0684773197371471,10358921.0,ok
AMD,2022-08-31,320.22904826090235,-0.0005137225619571417,14020206.0,ok
AMD,2022-09-30,310.7759881968855,-0.029519683224724425,19702173.0,ok
AMD,2022-10-31,336.9947661286053,0.08436552027021293,14096044.0,ok
AMD,2022-11-30,379.88360462592675,0.12726855965755268,18215716.0,ok
AMD,2022-12-31,396.01677281769815,0.04246871408851094,15474156.0,ok
AMD,2023-01-31,381.3832808209796,-0.03695169750664806,10501641.0,ok
AMD,2023-02-28,443.68194719574984,0.1633492329308821,14635172.0,ok
AMD,2023-03-31,363.8336228801134,-0.1799674853130948,5802437.0,ok
AMD,2023-04-30,367.63154951806496,0.010438635681570885,14016192.0,ok
AMD,2023-05-31,308.80083394950367,-0.16002629710557636,14522980.0,ok
AMD,2023-06-30,314.3759348699394,0.018054034534593866,7251845.0,ok
AMD,2023-07-31,331.0191681825945,0.05294054495469136,12409789.0,ok
AMD,2023-08-31,393.70981324671953,0.1893867518558443,19883265.0,ok
AMD,2023-09-30,410.91052289310295,0.04368880090780092,17761893.0,ok
AMD,2023-10-31,438.22750723824663,0.06647915500633239,16369041.0,ok
AMD,2023-11-30,457.69511230300395,0.044423512315427516,15885262.0,ok
AMD,2023-12-31,442.00657326897414,-0.03427727020087479,13714339.0,ok
AMD,2024-01-31,463.6260122627126,0.048912030501823356,17020745.0,ok
AMD,2024-02-29,439.41980528778697,-0.052210631704610266,16463535.0,ok
AMD,2024-03-31,322.0073622437356,-0.26719879630176213,15788103.0,ok
AMD,2024-04-30,330.2040981310737,0.025455119504794954,13671141.0,ok
AMD,2024-05-31,347.1289061352934,0.05125559646295308,14911185.0,ok
AMD,2024-06-30,347.3718374576107,0.000699830287894887,13689302.0,ok
AMD,2024-07-31,372.0906367028044,0.07115947978428183,2700653.0,ok
AMD,2024-08-31,322.25564172389085,-0.13393240802970718,5507965.0,ok
AMD,2024-09-30,372.73241905430496,0.15663582198403425,17615726.0,ok
AMD,2024-10-31,378.7915686698198,0.016256030615442896,15240077.0,ok
AMD,2024-11-30,412.2661088725154,0.08837192527871252,14034769.0,ok
AMD,2024-12-31,414.8858953259067,0.00635460057717574,16574157.0,ok
AMD,2025-01-31,407.01864423607475,-0.018962445285472862,10712869.0,ok
AMD,2025-02-28,455.6525806439108,0.11948822761944022,7293497.0,ok
AMD,2025-03-31,487.5426750944852,0.06998774023293919,10446560.0,ok
AMD,2025-04-30,459.18722767746164,-0.05815992910062351,9377841.0,ok
AMD,2025-05-31,424.10151619470446,-0.07640829136345617,15004846.0,ok
AMD,2025-06-30,359.2059123714454,-0.1530190328144585,17004525.0,ok
AMD,2025-07-31,376.9289348103203,0.049339450795420126,13730360.0,ok
AMD,2025-08-31,357.86801708983154,-0.05056899579779062,19695867.0,ok
AMD,2025-09-30,332.3487302022531,-0.07130921364557885,16750147.0,ok
AMD,2025-10-31,324.63951993559374,-0.0231961477992344,12893926.0,ok
AMD,2025-11-30,387.37046605303783,0.19323262346460313,6479333.0,ok
AMD,2025-12-31,393.20805557579104,0.01506978470050413,14169673.0,ok
AMD,2026-01-31,372.3592061252452,-0.05302243724385558,12678739.0,ok
AMD,2026-02-28,371.66613340205083,-0.001861301430966189,13663854.0,ok
AMD,2026-03-31,409.2438619265652,0.10110614109643556,10529527.0,ok
AMD,2026-04-30,336.8759795451844,-0.17683315283141987,14692056.0,ok
AMD,2026-05-31,277.1835003341124,-0.17719422824881337,8355347.0,ok
ORCL,2009-10-31,277.08,,67999839.0,ok
ORCL,2009-11-30,261.6587904055094,-0.055656162821172805,44321369.0,ok
ORCL,2009-12-31,272.8744667107939,0.042863747431924004,63054053.0,ok
ORCL,2010-01-31,263.28059433821505,-0.035158556563472554,48362615.0,ok
ORCL,2010-02-28,252.82764677893624,-0.039702689009622816,53290596.0,ok
ORCL,2010-03-31,193.39685539148815,-0.23506444862579579,62243838.0,ok
ORCL,2010-04-30,218.90402189096946,0.1318902856401043,57901071.0,ok
ORCL,2010-05-31,221.17556826758383,0.010376905627370148,61135742.0,ok
ORCL,2010-06-30,203.23904852478418,-0.08109629776603344,67637512.0,ok
ORCL,2010-07-31,209.48238731730964,0.030719189239680533,27312602.0,ok
ORCL,2010-08-31,206.1373484802371,-0.015968114932763733,32997777.0,ok
ORCL,2010-09-30,227.079203497679,0.10159175506931306,45884681.0,ok
ORCL,2010-10-31,218.65243052415448,-0.037109399908612284,71366363.0,ok
ORCL,2010-11-30,245.31037427881984,0.12191926561603195,79258331.0,ok
ORCL,2010-12-31,280.7739454133415,0.14456612867996266,78772215.0,ok
ORCL,2011-01-31,246.84786937712335,-0.12083057060823021,33113806.0,ok
ORCL,2011-02-28,191.73834035631452,-0.22325300663873626,82912486.0,ok
ORCL,2011-03-31,144.3216513571311,-0.24729894350325154,62576832.0,ok
ORCL,2011-04-30,135.15377482126556,-0.06352391654097111,47132627.0,ok
ORCL,2011-05-31,127.77821729892112,-0.05457159840410131,65474778.0,ok
ORCL,2011-06-30,144.66712233005987,0.132173584732594,56624833.0,ok
ORCL,2011-07-31,136.48820276597735,-0.056536132276290174,86711659.0,ok
ORCL,2011-08-31,156.06979369837296,0.14346727801794135,44642467.0,ok
ORCL,2011-09-30,166.43352294939837,0.06640445281202068,35206588.0,ok
ORCL,2011-10-31,128.21194008436999,-0.22965074696309284,44568491.0,ok
ORCL,2011-11-30,130.04377304333582,0.014287537945064877,59890771.0,ok
ORCL,2011-12-31,108.7015764336345,-0.164115482888898,57017124.0,ok
ORCL,2012-01-31,103.71376033439493,-0.045885407211962326,26874043.0,ok
ORCL,2012-02-29,91.23350066836717,-0.12033369174725506,56370920.0,ok
ORCL,2012-03-31,87.73987951122726,-0.03829318322267594,52059358.0,ok
ORCL,2012-04-30,105.07639069634622,0.19758986770548925,44732396.0,ok
ORCL,2012-05-31,85.89709168331409,-0.18252719650846405,62129005.0,ok
ORCL,2012-06-30,74.15468719613074,-0.13670316720937792,62771829.0,ok
ORCL,2012-07-31,88.84351072150416,0.19808354779412873,36870784.0,ok
ORCL,2012-08-31,81.63646849757579,-0.08112063746017562,65636976.0,ok
ORCL,2012-09-30,86.0681503635318,0.05428556559973696,51350336.0,ok
ORCL,2012-10-31,82.18128970261957,-0.045160267119660924,69974941.0,ok
ORCL,2012-11-30,87.2499846825289,0.06167699482754374,68904866.0,ok
ORCL,2012-12-31,86.823546492323,-0.0048875445853378,62322110.0,ok
ORCL,2013-01-31,86.2028107397019,-0.007149394118287744,60485285.0,ok
ORCL,2013-02-28,89.18648895192979,0.034612307726686664,44273144.0,ok
ORCL,2013-03-31,103.01147919329028,0.15501215939571256,32502494.0,ok
ORCL,2013-04-30,115.68668532564024,0.12304654036242169,62826415.0,ok
ORCL,2013-05-31,110.45334053425658,-0.045237226536939845,72630549.0,ok
ORCL,2013-06-30,96.65785062886586,-0.12489880196164926,40832549.0,ok
ORCL,2013-07-31,80.25030060401396,-0.16974875727219985,63760912.0,ok
ORCL,2013-08-31,95.58807141489696,0.1911241539962012,53335137.0,ok
ORCL,2013-09-30,112.62172787364604,0.17819855769257065,46672602.0,ok
ORCL,2013-10-31,120.30139937645832,0.06818996340944405,33886592.0,ok
ORCL,2013-11-30,103.09390139879291,-0.14303655707127816,66308821.0,ok
ORCL,2013-12-31,118.23583777937603,0.14687519024050055,55493624.0,ok
ORCL,2014-01-31,124.52368676582387,0.05318056779181246,69977212.0,ok
ORCL,2014-02-28,109.6766087558414,-0.11923095433163255,52340721.0,ok
ORCL,2014-03-31,107.48272442498818,-0.020003210855444875,41678778.0,ok
ORCL,2014-04-30,117.98706605900546,0.09773051148650613,59752234.0,ok
ORCL,2014-05-31,110.9575838807895,-0.05957841323641788,53665820.0,ok
ORCL,2014-06-30,99.59380504362211,-0.10241552167697154,45514235.0,ok
ORCL,2014-07-31,98.18322178367384,-0.014163363467541323,42581997.0,ok
ORCL,2014-08-31,96.35861511570292,-0.018583691131984437,46991021.0,ok
ORCL,2014-09-30,91.72907832207486,-0.048044866440526635,50679423.0,ok
ORCL,2014-10-31,76.23257638215445,-0.16893772643730065,55807218.0,ok
ORCL,2014-11-30,73.06209696290304,-0.0415895614410009,49354257.0,ok
ORCL,2014-12-31,75.48566194756908,0.03317130338999985,53845863.0,ok
ORCL,2015-01-31,76.39605261355507,0.012060444891088373,66263204.0,ok
ORCL,2015-02-28,88.20709032967035,0.15460272241892814,26572741.0,ok
ORCL,2015-03-31,92.4182401618785,0.04774162503795498,51832198.0,ok
ORCL,2015-04-30,95.78212787203736,0.036398525921579106,41883867.0,ok
ORCL,2015-05-31,102.52218935786226,0.07036867561377891,37650408.0,ok
ORCL,2015-06-30,130.39169610576064,0.2718387787312808,84159489.0,ok
ORCL,2015-07-31,145.82653716164987,0.11837288352603403,43719915.0,ok
ORCL,2015-08-31,132.80719578763166,-0.08927964434611901,16012462.0,ok
ORCL,2015-09-30,135.28752236590097,0.018676145999163563,32662079.0,ok
ORCL,2015-10-31,126.993808078939,-0.06130435491700892,82775612.0,ok
ORCL,2015-11-30,129.43591549970344,0.019230129859925338,57366747.0,ok
ORCL,2015-12-31,138.6246966012958,0.07099096928482274,58555278.0,ok
ORCL,2016-01-31,123.52222127171633,-0.1089450559665881,28215198.0,ok
ORCL,2016-02-29,118.88398783094269,-0.03754978977078749,12944904.0,ok
ORCL,2016-03-31,144.02597406429052,0.21148336871993778,40165326.0,ok
ORCL,2016-04-30,140.75446321868628,-0.022714728137467,15595291.0,ok
ORCL,2016-05-31,150.6944122171403,0.07061906792263195,89542991.0,ok
ORCL,2016-06-30,130.25588604331514,-0.13562895845384526,65608140.0,ok
ORCL,2016-07-31,151.17237538518586,0.16057999355910235,79812932.0,ok
ORCL,2016-08-31,170.98960262651076,0.13109026825060321,33528381.0,ok
ORCL,2016-09-30,167.40855764965903,-0.02094305689845799,37823827.0,ok
ORCL,2016-10-31,166.93666218763258,-0.0028188252061402963,45276034.0,ok
ORCL,2016-11-30,220.9637296664094,0.3236381198160758,42096369.0,ok
ORCL,2016-12-31,180.80681749406307,-0.18173531118872543,83826324.0,ok
ORCL,2017-01-31,187.6018121148316,0.03758151774886276,34436612.0,ok
ORCL,2017-02-28,195.20744470808629,0.04054135995551711,74050573.0,ok
ORCL,2017-03-31,187.652871622945,-0.03870023039561021,35831405.0,ok
ORCL,2017-04-30,212.9650922890793,0.13488853353118246,39449158.0,ok
ORCL,2017-05-31,224.12830483302645,0.052418039144153106,32934894.0,ok
ORCL,2017-06-30,233.5923619289926,0.042226068247010584,27313150.0,ok
ORCL,2017-07-31,218.69498282656602,-0.06377511224855503,35576168.0,ok
ORCL,2017-08-31,185.31026028447786,-0.1526542681071179,54731991.0,ok
ORCL,2017-09-30,179.90501352066906,-0.02916863186912033,61677309.0,ok
ORCL,2017-10-31,227.35652754091655,0.2637587085075639,37997149.0,ok
ORCL,2017-11-30,229.65555345709848,0.010111985527964107,67372240.0,ok
ORCL,2017-12-31,247.2953331812968,0.07680972420940635,64199238.0,ok
ORCL,2018-01-31,246.19893172039605,-0.00443357117498433,63725533.0,ok
ORCL,2018-02-28,239.6875052114578,-0.026447826005732478,59733961.0,ok
ORCL,2018-03-31,229.80451373459394,-0.04123281882443075,54210002.0,ok
ORCL,2018-04-30,223.53491646338946,-0.027282306902141062,73012994.0,ok
ORCL,2018-05-31,199.3127432417665,-0.10835968538986651,86698810.0,ok
ORCL,2018-06-30,199.47888273846922,0.0008335618385484356,55797797.0,ok
ORCL,2018-07-31,205.15489934686548,0.028454222975761834,65885365.0,ok
ORCL,2018-08-31,179.37637546762866,-0.12565395202018448,62117194.0,ok
ORCL,2018-09-30,172.7615826199284,-0.03687661115046903,20842838.0,ok
ORCL,2018-10-31,200.07283115783397,0.15808635301743967,34215417.0,ok
ORCL,2018-11-30,185.61510273812553,-0.07226232735369753,68255088.0,ok
ORCL,2018-12-31,196.4034584498013,0.05812218700164973,47496525.0,ok
ORCL,2019-01-31,208.1375823271209,0.05974499619271589,64518798.0,ok
ORCL,2019-02-28,201.1712939345616,-0.0334696325126459,82449779.0,ok
ORCL,2019-03-31,162.89690224718913,-0.19025771987042361,60461072.0,ok
ORCL,2019-04-30,142.2794359334198,-0.12656757758648607,51080898.0,ok
ORCL,2019-05-31,130.47263292141608,-0.08298320087190081,59560091.0,ok
ORCL,2019-06-30,150.48835659122665,0.15340936426005958,68368118.0,ok
ORCL,2019-07-31,145.0795303993247,-0.03594182509809707,89361064.0,ok
ORCL,2019-08-31,140.52510387968104,-0.03139261966941731,41011933.0,ok
ORCL,2019-09-30,139.32348891156133,-0.008550891868747912,50871124.0,ok
ORCL,2019-10-31,130.50716188228355,-0.06327954530965074,42452042.0,ok
ORCL,2019-11-30,149.64409529793505,0.14663512055309935,43030075.0,ok
ORCL,2019-12-31,159.06488331350863,0.06295462575263788,58522483.0,ok
ORCL,2020-01-31,202.63168392168518,0.27389326732983954,56534075.0,ok
ORCL,2020-02-29,189.4621343475098,-0.06499254864439297,75547669.0,ok
ORCL,2020-03-31,178.9661263460387,-0.055398974774660825,58214128.0,ok
ORCL,2020-04-30,211.464427482416,0.18158911856616067,53697380.0,ok
ORCL,2020-05-31,190.7095938393096,-0.09814810883420211,68363843.0,ok
ORCL,2020-06-30,200.87413865330643,0.05329854995423777,11437757.0,ok
ORCL,2020-07-31,205.81414423692232,0.02459254146270151,37898222.0,ok
ORCL,2020-08-31,180.8136203192996,-0.12147135956236055,54556720.0,ok
ORCL,2020-09-30,239.5564170786327,0.3248803749164413,65378506.0,ok
ORCL,2020-10-31,241.18520689966678,0.006799190941728872,41212606.0,ok
ORCL,2020-11-30,229.65460083942378,-0.0478080982182284,86128410.0,ok
ORCL,2020-12-31,183.5992370736616,-0.2005418728709225,64289451.0,ok
ORCL,2021-01-31,203.63947995645034,0.10915210325600877,62539970.0,ok
ORCL,2021-02-28,156.89349582854086,-0.22955265913027478,22910640.0,ok
ORCL,2021-03-31,159.49257577095224,0.016565887124165846,91061794.0,ok
ORCL,2021-04-30,188.473789147241,0.1817088553257098,65488424.0,ok
ORCL,2021-05-31,184.57087371821865,-0.020708001078989735,30913318.0,ok
ORCL,2021-06-30,194.94246027193384,0.05619297533125045,54229456.0,ok
ORCL,2021-07-31,182.19662858239698,-0.06538253221877433,46387329.0,ok
ORCL,2021-08-31,148.42604554728368,-0.1853524035975277,75011213.0,ok
ORCL,2021-09-30,146.568758410338,-0.012513215791052024,56230258.0,ok
ORCL,2021-10-31,126.98073821942594,-0.13364389794496923,61356969.0,ok
ORCL,2021-11-30,131.3188869294638,0.034163832805424565,70063469.0,ok
ORCL,2021-12-31,128.0490175892498,-0.02490022126040692,64712629.0,ok
ORCL,2022-01-31,124.42064422120254,-0.028335815739611414,65549856.0,ok
ORCL,2022-02-28,120.53738726854647,-0.03121071247430751,78927864.0,ok
ORCL,2022-03-31,128.0094416205781,0.06198951645919237,92646112.0,ok
ORCL,2022-04-30,122.16073753260972,-0.045689630498537914,41599901.0,ok
ORCL,2022-05-31,124.81499491249946,0.021727581492222203,38460624.0,ok
ORCL,2022-06-30,93.7862421632685,-0.24859795708827626,37523519.0,ok
ORCL,2022-07-31,93.17625125821414,-0.00650405529621767,53581293.0,ok
ORCL,2022-08-31,100.30831504654955,0.0765437940679834,77010795.0,ok
ORCL,2022-09-30,123.89024716496388,0.2350944894994078,59543305.0,ok
ORCL,2022-10-31,105.64550897752687,-0.147265330443191,81986712.0,ok
ORCL,2022-11-30,93.23364452315737,-0.11748596390415222,46330819.0,ok
ORCL,2022-12-31,102.71682995513574,0.10171419856512132,63770788.0,ok
ORCL,2023-01-31,91.1593990601275,-0.11251740245543251,75374248.0,ok
ORCL,2023-02-28,92.58900195166777,0.015682451905999484,45128190.0,ok
ORCL,2023-03-31,91.94182214651359,-0.006989812953076324,53311624.0,ok
ORCL,2023-04-30,102.53444029799002,0.11521000894018174,70861279.0,ok
ORCL,2023-05-31,106.41288661283016,0.03782579105682382,52408479.0,ok
ORCL,2023-06-30,112.50172041150066,0.057218951505600524,73569215.0,ok
ORCL,2023-07-31,141.57017199746662,0.2583822849965447,59143274.0,ok
ORCL,2023-08-31,165.59132020901166,0.16967661953518642,11649493.0,ok
ORCL,2023-09-30,156.5303880729211,-0.05471864180232222,61706639.0,ok
ORCL,2023-10-31,154.43522668238768,-0.01338501371093126,51922919.0,ok
ORCL,2023-11-30,135.74348558684287,-0.12103288541795165,61127079.0,ok
ORCL,2023-12-31,139.2887886732829,0.02611766650247027,58614560.0,ok
ORCL,2024-01-31,129.68649583961718,-0.06893801665681043,44650175.0,ok
ORCL,2024-02-29,142.68328092297384,0.10021695010889742,72290562.0,ok
ORCL,2024-03-31,116.54900143209477,-0.18316287179426016,42634555.0,ok
ORCL,2024-04-30,106.53560814258354,-0.08591573644108275,88401028.0,ok
ORCL,2024-05-31,103.36622584686106,-0.02974951146362914,38423601.0,ok
ORCL,2024-06-30,109.8146661958492,0.06238440357241659,67290884.0,ok
ORCL,2024-07-31,106.43694149782155,-0.030758411558649557,41148357.0,ok
ORCL,2024-08-31,106.81632807008549,0.003564425724049025,68123488.0,ok
ORCL,2024-09-30,102.64737869079815,-0.03902913959513721,49303669.0,ok
ORCL,2024-10-31,91.9560685806379,-0.10415570515799899,52237177.0,ok
ORCL,2024-11-30,84.62441012234683,-0.07973001207486174,35932918.0,ok
ORCL,2024-12-31,64.89029206824532,-0.2331965212587085,53792977.0,ok
ORCL,2025-01-31,53.48689569739157,-0.17573347271824202,32481413.0,ok
ORCL,2025-02-28,54.059746667577194,0.01071011810867839,44298109.0,ok
ORCL,2025-03-31,57.18243047509465,0.05776356716429665,52228549.0,ok
ORCL,2025-04-30,62.93070668944063,0.10052521668958447,34460099.0,ok
ORCL,2025-05-31,58.72614905974779,-0.06681249664717881,34704215.0,ok
ORCL,2025-06-30,49.74311759223401,-0.15296476290952565,47994431.0,ok
ORCL,2025-07-31,50.4717081910157,0.014647063434066743,57481189.0,ok
ORCL,2025-08-31,50.85709155647302,0.007635631510603869,44712853.0,ok
ORCL,2025-09-30,33.751237787783396,-0.3363513965342443,45580698.0,ok
ORCL,2025-10-31,33.44296915853681,-0.009133550336283158,44786275.0,ok
ORCL,2025-11-30,34.87322921146872,0.04276713727635073,90603860.0,ok
ORCL,2025-12-31,29.598151248556118,-0.1512643962772966,51005466.0,ok
ORCL,2026-01-31,26.615925439960172,-0.1007571649848038,89880663.0,ok
ORCL,2026-02-28,25.606187849470817,-0.03793734667491111,60238304.0,ok
ORCL,2026-03-31,24.57099257408524,-0.040427543587163495,61489756.0,ok
ORCL,2026-04-30,30.806734794791367,0.2537847098323125,59105251.0,ok
ORCL,2026-05-31,36.04523760627591,0.17004407790631038,50896487.0,ok
CSCO,2009-10-31,489.82,,57730630.0,ok
CSCO,2009-11-30,520.9384159427036,0.06353030897616185,98748772.0,ok
CSCO,2009-12-31,558.3716775332416,0.07185736441187163,112608487.0,ok
CSCO,2010-01-31,475.00314155416874,-0.1493065270562719,3769071.0,ok
CSCO,2010-02-28,458.8410288600499,-0.03402527537236455,99212429.0,ok
CSCO,2010-03-31,428.6135691723554,-0.06587784828831011,77697154.0,ok
CSCO,2010-04-30,396.6699560956104,-0.07452776900747105,34630282.0,ok
CSCO,2010-05-31,399.2059412986834,0.006393186991105804,53812982.0,ok
CSCO,2010-06-30,472.7859544635473,0.18431592707637523,71368372.0,ok
CSCO,2010-07-31,445.54557059416345,-0.05761673673299472,91163181.0,ok
CSCO,2010-08-31,366.7302177413347,-0.17689627740597547,104782395.0,ok
CSCO,2010-09-30,344.51095911513687,-0.06058747698252043,113251833.0,ok
CSCO,2010-10-31,368.31876561406864,0.06910609334484219,67171586.0,ok
CSCO,2010-11-30,333.9108672988786,-0.09341880329617336,102781008.0,ok
CSCO,2010-12-31,289.4356871632431,-0.13319476690115173,105801675.0,ok
CSCO,2011-01-31,314.8866140912164,0.0879329262311006,103559570.0,ok
CSCO,2011-02-28,281.8856056219358,-0.10480283058244233,55643715.0,ok
CSCO,2011-03-31,306.036430527719,0.08567597785810399,95455770.0,ok
CSCO,2011-04-30,338.5260471219214,0.1061625785471958,61710809.0,ok
CSCO,2011-05-31,363.03575960531174,0.07240126038089789,109144009.0,ok
CSCO,2011-06-30,388.376704825244,0.06980289007199358,82862601.0,ok
CSCO,2011-07-31,384.2919602818776,-0.010517480818537761,75029372.0,ok
CSCO,2011-08-31,386.8244763325732,0.006590083354431897,76415715.0,ok
CSCO,2011-09-30,445.19161090922074,0.15088790432812793,53420589.0,ok
CSCO,2011-10-31,440.5724057116319,-0.010375768735073287,97710410.0,ok
CSCO,2011-11-30,386.94981120769137,-0.12171119618199189,62663694.0,ok
CSCO,2011-12-31,390.2288715068033,0.008474123010624446,106430373.0,ok
CSCO,2012-01-31,409.1084813082796,0.04838086359057914,63750906.0,ok
CSCO,2012-02-29,485.7140714463436,0.18725006602915828,55206157.0,ok
CSCO,2012-03-31,494.32383480159945,0.01772599119810958,141816096.0,ok
CSCO,2012-04-30,604.9991963277721,0.2238924238209008,83478940.0,ok
CSCO,2012-05-31,519.9298480501975,-0.14061067980574038,73790129.0,ok
CSCO,2012-06-30,562.4525710068019,0.08178550070950918,79698520.0,ok
CSCO,2012-07-31,533.3372938583336,-0.05176485742851411,68288492.0,ok
CSCO,2012-08-31,585.2191166716041,0.09727769539223607,91966022.0,ok
CSCO,2012-09-30,664.2635120071351,0.1350680336368555,79951127.0,ok
CSCO,2012-10-31,664.4692022968487,0.0003096516457634646,71205103.0,ok
CSCO,2012-11-30,652.4425749258592,-0.018099600898608292,94492907.0,ok
CSCO,2012-12-31,681.8361835510967,0.045051640948749805,103771492.0,ok
CSCO,2013-01-31,639.1108115067445,-0.06266222455639203,123496353.0,ok
CSCO,2013-02-28,775.1585196516731,0.21287029681783576,80375654.0,ok
CSCO,2013-03-31,739.2845476936161,-0.04627952999107521,66684718.0,ok
CSCO,2013-04-30,828.6532634609694,0.12088541015250676,56602206.0,ok
CSCO,2013-05-31,741.1211236848247,-0.10563180480404577,72971525.0,ok
CSCO,2013-06-30,720.4391015320967,-0.02790639949634388,87025025.0,ok
CSCO,2013-07-31,524.0295096238955,-0.2726248360069764,40793013.0,ok
CSCO,2013-08-31,575.6360004429417,0.0984801234878645,97455819.0,ok
CSCO,2013-09-30,558.205533330442,-0.03028036310982518,116876833.0,ok
CSCO,2013-10-31,534.1919080842898,-0.0430193249838976,64637119.0,ok
CSCO,2013-11-30,568.6509670059467,0.0645068905016426,84864086.0,ok
CSCO,2013-12-31,580.7331157697281,0.021247038103876292,41256576.0,ok
CSCO,2014-01-31,686.9708543073727,0.18293728332821635,40436108.0,ok
CSCO,2014-02-28,721.5737455624585,0.0503702464786131,90182818.0,ok
CSCO,2014-03-31,695.2269744673384,-0.03651292921499394,126330311.0,ok
CSCO,2014-04-30,573.8961368215673,-0.17451974981081697,75814275.0,ok
CSCO,2014-05-31,558.2289618914234,-0.027299669617771083,84896731.0,ok
CSCO,2014-06-30,615.2143357372862,0.10208243881288714,13394984.0,ok
CSCO,2014-07-31,631.702911658314,0.02680135192439481,46192020.0,ok
CSCO,2014-08-31,771.9068188108924,0.2219459568177744,73390469.0,ok
CSCO,2014-09-30,841.1365665293779,0.08968666428563554,93941086.0,ok
CSCO,2014-10-31,816.7775610810301,-0.028959632023674575,68162656.0,ok
CSCO,2014-11-30,722.4551518550886,-0.11548114654509223,68533836.0,ok
CSCO,2014-12-31,834.9465517698188,0.15570710462217585,61906662.0,ok
CSCO,2015-01-31,857.4788258538438,0.02698648678321236,66071856.0,ok
CSCO,2015-02-28,1104.0136903399437,0.28751131462705226,56090171.0,ok
CSCO,2015-03-31,1010.8010179591724,-0.08443072146330854,18695695.0,ok
CSCO,2015-04-30,1040.070808849879,0.028957025537828418,87105540.0,ok
CSCO,2015-05-31,1031.5597517542778,-0.008183151592354387,67212775.0,ok
CSCO,2015-06-30,1202.6627651986298,0.16586825256934756,111454111.0,ok
CSCO,2015-07-31,1427.4768290331383,0.1869302603688563,48242315.0,ok
CSCO,2015-08-31,1582.8296706113804,0.10883037708112298,73369791.0,ok
CSCO,2015-09-30,1531.5832118195863,-0.03237648354923739,56937348.0,ok
CSCO,2015-10-31,1579.762830195834,0.03145739520023105,108777623.0,ok
CSCO,2015-11-30,1748.7762852054893,0.10698660063340237,102328760.0,ok
CSCO,2015-12-31,1359.0864276036937,-0.22283573999632855,104207504.0,ok
CSCO,2016-01-31,1299.4778682652488,-0.043859285272640935,110217351.0,ok
CSCO,2016-02-29,1274.396321774703,-0.019301249450310975,69928937.0,ok
CSCO,2016-03-31,1157.530453164152,-0.0917029236617738,61281570.0,ok
CSCO,2016-04-30,1350.1168662002317,0.16637697307197197,87355399.0,ok
CSCO,2016-05-31,1407.6430610201605,0.04260830766586188,67676714.0,ok
CSCO,2016-06-30,1323.5791208130581,-0.05971964238304761,69968885.0,ok
CSCO,2016-07-31,1064.8247692103141,-0.1954959454511449,54974940.0,ok
CSCO,2016-08-31,900.1589652321485,-0.15464122242412115,108270501.0,ok
CSCO,2016-09-30,833.8136810449794,-0.07370396424375869,95143972.0,ok
CSCO,2016-10-31,714.0505435000885,-0.14363297253026286,76306884.0,ok
CSCO,2016-11-30,690.909329302294,-0.03240836997947261,66804750.0,ok
CSCO,2016-12-31,739.0671904228986,0.06970214336117908,62096561.0,ok
CSCO,2017-01-31,631.3797284742437,-0.14570726903332765,93116783.0,ok
CSCO,2017-02-28,748.3992916527598,0.1853394366355392,89163805.0,ok
CSCO,2017-03-31,775.6146918745764,0.036364812908513455,106138624.0,ok
CSCO,2017-04-30,968.9801447147238,0.24930607280375794,118001292.0,ok
CSCO,2017-05-31,1060.4935121242208,0.09444297482116037,45592122.0,ok
CSCO,2017-06-30,1076.4861615349998,0.015080384017385429,81872606.0,ok
CSCO,2017-07-31,1063.2117054783816,-0.012331283513844382,100665082.0,ok
CSCO,2017-08-31,865.8483871677863,-0.18562936929084473,66416289.0,ok
CSCO,2017-09-30,853.1434098998895,-0.014673443360511573,78847129.0,ok
CSCO,2017-10-31,745.4362156261823,-0.12624746674928422,83681500.0,ok
CSCO,2017-11-30,781.8663957993797,0.04887095556874077,100825635.0,ok
CSCO,2017-12-31,880.4640604429547,0.12610551517918722,75183576.0,ok
CSCO,2018-01-31,888.5940636348632,0.009233770641152939,44649762.0,ok
CSCO,2018-02-28,888.5664922358015,-3.102811530031335e-05,89673201.0,ok
CSCO,2018-03-31,1000.8626001957256,0.12637895862735693,90707933.0,ok
CSCO,2018-04-30,1084.1394126881646,0.08320503980881466,36650742.0,ok
CSCO,2018-05-31,1248.9186523589776,0.1519908212378671,22981719.0,ok
CSCO,2018-06-30,1225.3173877360225,-0.018897359390362745,89917210.0,ok
CSCO,2018-07-31,993.5238446467428,-0.1891702063557238,73498954.0,ok
CSCO,2018-08-31,1117.1473052464166,0.12442928397317865,76316301.0,ok
CSCO,2018-09-30,1045.746480410108,-0.06391352733967282,78992881.0,ok
CSCO,2018-10-31,1168.4052683134184,0.11729304396530948,134500246.0,ok
CSCO,2018-11-30,1298.2203932070356,0.11110453574127077,72917315.0,ok
CSCO,2018-12-31,1346.611519724086,0.03727497023637749,59926945.0,ok
CSCO,2019-01-31,1410.9844263837917,0.047803620952905135,75047745.0,ok
CSCO,2019-02-28,1291.1966063513712,-0.0848966280509732,57177484.0,ok
CSCO,2019-03-31,1242.2764147426692,-0.037887484654207215,25249717.0,ok
CSCO,2019-04-30,1206.9349156023372,-0.028448981821531882,110748160.0,ok
CSCO,2019-05-31,995.8400148714722,-0.17490164382684648,103336698.0,ok
CSCO,2019-06-30,982.3234041644713,-0.013573074495048743,81731620.0,ok
CSCO,2019-07-31,899.3058062271954,-0.08451147309056295,54019671.0,ok
CSCO,2019-08-31,1098.8190657654836,0.22185252019587698,66653467.0,ok
CSCO,2019-09-30,946.5441597252653,-0.13858050955289636,65727730.0,ok
CSCO,2019-10-31,851.8370892530888,-0.10005562814910318,67236473.0,ok
CSCO,2019-11-30,735.8700753939539,-0.1361375494471807,91725756.0,ok
CSCO,2019-12-31,690.3036993828164,-0.06192176789733328,67419348.0,ok
CSCO,2020-01-31,687.9706706028461,-0.003379713569630516,103420146.0,ok
CSCO,2020-02-29,705.3054878929191,0.025197029511277114,72267728.0,ok
CSCO,2020-03-31,754.220089845882,0.06935236261820932,85507476.0,ok
CSCO,2020-04-30,1095.4061304442555,0.452369335147373,84421217.0,ok
CSCO,2020-05-31,1122.3567425265314,0.02460330587281434,60674261.0,ok
CSCO,2020-06-30,1099.6569693545466,-0.02022509627454594,37659055.0,ok
CSCO,2020-07-31,1197.4420470571395,0.08892325554939973,95829090.0,ok
CSCO,2020-08-31,1419.6994823184275,0.1856101811419708,90477048.0,ok
CSCO,2020-09-30,1522.559137701351,0.07245171014287433,77777484.0,ok
CSCO,2020-10-31,1473.5674722645917,-0.03217718394224289,41061046.0,ok
CSCO,2020-11-30,1622.1964345740544,0.10086335719737916,45209669.0,ok
CSCO,2020-12-31,1556.1925731288163,-0.040687958645753586,102341900.0,ok
CSCO,2021-01-31,1465.206608246553,-0.05846703451317126,59069735.0,ok
CSCO,2021-02-28,1451.6198359587156,-0.009272939537241842,28355437.0,ok
CSCO,2021-03-31,1424.2952859164345,-0.018823489019240802,56953280.0,ok
CSCO,2021-04-30,1362.1950628553768,-0.0436006660101389,74532064.0,ok
CSCO,2021-05-31,1192.600929383374,-0.12450062263219963,76962106.0,ok
CSCO,2021-06-30,1246.8731609534152,0.04550745369459186,51681724.0,ok
CSCO,2021-07-31,1250.6886733020906,0.003060064542377283,76652244.0,ok
CSCO,2021-08-31,1242.4358281844345,-0.006598640648009413,98074638.0,ok
CSCO,2021-09-30,1248.0991154146598,0.004558213069644879,99427597.0,ok
CSCO,2021-10-31,1046.7745322361682,-0.16130496423884166,80322355.0,ok
CSCO,2021-11-30,1062.3779805277213,0.014906216965577368,14362687.0,ok
CSCO,2021-12-31,806.1159055745408,-0.24121553689006803,78203289.0,ok
CSCO,2022-01-31,689.374010501123,-0.14482023523678345,123980526.0,ok
CSCO,2022-02-28,657.6635433059719,-0.04599893049652404,63903648.0,ok
CSCO,2022-03-31,687.0180348850773,0.04463451240058869,21894071.0,ok
CSCO,2022-04-30,699.2487100154871,0.017802553221846207,59070942.0,ok
CSCO,2022-05-31,708.7058554846291,0.013524723512085668,101416451.0,ok
CSCO,2022-06-30,578.556455983332,-0.1836437479584503,83302651.0,ok
CSCO,2022-07-31,603.9505970994695,0.043892243969479106,75621950.0,ok
CSCO,2022-08-31,555.9303177306068,-0.07951027716419967,64432612.0,ok
CSCO,2022-09-30,481.09025206602155,-0.13462130644375347,103633873.0,ok
CSCO,2022-10-31,584.1683670774104,0.2142594130076929,64464042.0,ok
CSCO,2022-11-30,599.6400357746973,0.02648494778087951,63768460.0,ok
CSCO,2022-12-31,594.2863936830696,-0.008928093142932081,127381798.0,ok
CSCO,2023-01-31,739.6645296787805,0.2446263914856519,111332626.0,ok
CSCO,2023-02-28,716.6084148728287,-0.031171042926669057,75228321.0,ok
CSCO,2023-03-31,866.4208955186018,0.20905766320419117,85594574.0,ok
CSCO,2023-04-30,1083.8762654735883,0.2509812160345315,62386945.0,ok
CSCO,2023-05-31,942.6287561491133,-0.13031700556959647,46833702.0,ok
CSCO,2023-06-30,943.9858384664147,0.0014396784613759372,106923088.0,ok
CSCO,2023-07-31,996.7756811613259,0.05592228245783093,92408525.0,ok
CSCO,2023-08-31,997.8938689059378,0.0011218048009649095,84355031.0,ok
CSCO,2023-09-30,1101.3683373088584,0.103692859157825,53049908.0,ok
CSCO,2023-10-31,1143.9593540645146,0.038671001619426715,81630701.0,ok
CSCO,2023-11-30,1139.125018750413,-0.004225967729469815,87401040.0,ok
CSCO,2023-12-31,1299.0192648085583,0.1403658452112173,76432527.0,ok
CSCO,2024-01-31,1698.20769928231,0.3072998571215044,98539719.0,ok
CSCO,2024-02-29,1229.7674861114674,-0.2758438872752802,76184840.0,ok
CSCO,2024-03-31,1298.4552314109112,0.05585425381234854,59939023.0,ok
CSCO,2024-04-30,1383.0594704564126,0.06515760959549577,62681496.0,ok
CSCO,2024-05-31,1276.9278654994591,-0.07673683397137632,75364170.0,ok
CSCO,2024-06-30,1311.0641635151594,0.026733145182283424,103123425.0,ok
CSCO,2024-07-31,1186.2146456598687,-0.09522761839554095,89602116.0,ok
CSCO,2024-08-31,1280.791646334725,0.07973009018299981,25075981.0,ok
CSCO,2024-09-30,1426.2249238649806,0.11354952067843804,80897626.0,ok
CSCO,2024-10-31,1615.7637879779945,0.13289549280864854,90455900.0,ok
CSCO,2024-11-30,1783.7057210728062,0.1039396564921029,74191652.0,ok
CSCO,2024-12-31,1797.5996448377325,0.0077893587494746175,54170195.0,ok
CSCO,2025-01-31,2071.652740439258,0.15245502322418636,53605620.0,ok
CSCO,2025-02-28,1646.4383351051597,-0.20525370735828008,62439328.0,ok
CSCO,2025-03-31,1833.8893561873927,0.11385243958757818,51128152.0,ok
CSCO,2025-04-30,2177.9914708722376,0.18763515559096988,71174032.0,ok
CSCO,2025-05-31,2506.989225852712,0.1510555754604117,131618946.0,ok
CSCO,2025-06-30,2452.3764008613734,-0.021784228040614306,68519176.0,ok
CSCO,2025-07-31,2421.2095138917407,-0.01270885128346766,112833887.0,ok
CSCO,2025-08-31,2886.706834559103,0.19225817427057068,56428331.0,ok
CSCO,2025-09-30,3154.5064972145296,0.09276995483205308,56465079.0,ok
CSCO,2025-10-31,3136.1786193353296,-0.005810061857657867,101667286.0,ok
CSCO,2025-11-30,3026.0960330333833,-0.0351008662654797,57164697.0,ok
CSCO,2025-12-31,3034.2533305819206,0.002695650587255294,110107981.0,ok
CSCO,2026-01-31,3338.641163821104,0.10031721154304751,78453071.0,ok
CSCO,2026-02-28,3057.975347669437,-0.08406588260909198,69873249.0,ok
CSCO,2026-03-31,3334.3380602910065,0.0903744082934459,67700531.0,ok
CSCO,2026-04-30,3333.1666858676576,-0.0003513064368904084,90263858.0,ok
CSCO,2026-05-31,2472.386513236165,-0.25824696265000113,90020946.0,ok
CRM,2009-10-31,111.99,,12276842.0,ok
CRM,2009-11-30,115.58990078962019,0.032144841411020586,7302995.0,ok
CRM,2009-12-31,99.6394168234137,-0.13799202055928073,6210668.0,ok
CRM,2010-01-31,111.42957408038028,0.11832824431180411,18029605.0,ok
CRM,2010-02-28,106.38792920297965,-0.04524512382829182,9808569.0,ok
CRM,2010-03-31,91.55797190746536,-0.13939511189488352,17034090.0,ok
CRM,2010-04-30,83.49546046883455,-0.0880590872718251,8411881.0,ok
CRM,2010-05-31,76.76641870942069,-0.08059170788004144,11309559.0,ok
CRM,2010-06-30,83.87590347593807,0.09261191138052816,7317842.0,ok
CRM,2010-07-31,87.03079975432878,0.03761385746856094,9203280.0,ok
CRM,2010-08-31,90.97715687146156,0.045344373811025296,11905003.0,ok
CRM,2010-09-30,101.27517779027514,0.11319347925285572,6276845.0,ok
CRM,2010-10-31,88.08093329767273,-0.13028112890530397,11612811.0,ok
CRM,2010-11-30,100.72629427961911,0.14356524742092502,8094238.0,ok
CRM,2010-12-31,95.87046183591148,-0.048208191102788844,7806128.0,ok
CRM,2011-01-31,85.31290767722619,-0.11012311776233263,9480554.0,ok
CRM,2011-02-28,78.25539550447921,-0.08272502209687249,6629608.0,ok
CRM,2011-03-31,74.08108245357488,-0.053342175628840804,13150943.0,ok
CRM,2011-04-30,75.88667450536282,0.02437318667582189,5285266.0,ok
CRM,2011-05-31,69.57620138272276,-0.08315653787403887,10465461.0,ok
CRM,2011-06-30,68.79884788309896,-0.011172692446196564,7917057.0,ok
CRM,2011-07-31,75.29905005796344,0.09448126494660847,8008109.0,ok
CRM,2011-08-31,71.05827559340244,-0.056319096473282926,8985199.0,ok
CRM,2011-09-30,64.01821670755461,-0.09907444033867707,10525718.0,ok
CRM,2011-10-31,65.85335008682101,0.02866579973087302,7514310.0,ok
CRM,2011-11-30,73.9714249136172,0.12327504699598912,9448294.0,ok
CRM,2011-12-31,82.28205399760691,0.11234918204826716,8182875.0,ok
CRM,2012-01-31,72.73268298496716,-0.11605654633898044,7178516.0,ok
CRM,2012-02-29,61.30080925323899,-0.15717657128214257,12182741.0,ok
CRM,2012-03-31,57.97639002415247,-0.05423124538785529,10279847.0,ok
CRM,2012-04-30,64.5490679653054,0.11336818208955068,4018932.0,ok
CRM,2012-05-31,64.98435886643043,0.006743566016460534,10089825.0,ok
CRM,2012-06-30,75.96420325899847,0.1689613406071473,8532089.0,ok
CRM,2012-07-31,78.15367618772187,0.0288224299708435,10385823.0,ok
CRM,2012-08-31,87.72300174679314,0.12244242402732475,10986471.0,ok
CRM,2012-09-30,94.9669468050359,0.08257748724960345,9225265.0,ok
CRM,2012-10-31,85.25884930657625,-0.10222606733256423,9997506.0,ok
CRM,2012-11-30,94.87473160682126,0.11278456580698082,8021840.0,ok
CRM,2012-12-31,95.88462666719205,0.010644510327112,12258691.0,ok
CRM,2013-01-31,115.34429767661996,0.20294881135607779,11577966.0,ok
CRM,2013-02-28,128.62082404341052,0.11510344797462557,7810845.0,ok
CRM,2013-03-31,140.63880476761503,0.09343728601947343,8377810.0,ok
CRM,2013-04-30,157.16280076530202,0.11749243763121053,10961999.0,ok
CRM,2013-05-31,153.72340308358298,-0.02188429873335762,6379934.0,ok
CRM,2013-06-30,151.09088830618936,-0.017125009755100673,3815943.0,ok
CRM,2013-07-31,145.9525067322455,-0.034008546984850674,10146347.0,ok
CRM,2013-08-31,151.4071557041477,0.03737276662132927,13354172.0,ok
CRM,2013-09-30,137.32001017699906,-0.0930414778722557,4853663.0,ok
CRM,2013-10-31,126.93973079259375,-0.07559189204126637,14056018.0,ok
CRM,2013-11-30,119.46681792364565,-0.05886977089275591,10512925.0,ok
CRM,2013-12-31,102.54076597519531,-0.14167994295510755,6727184.0,ok
CRM,2014-01-31,115.17948238810551,0.12325552957120989,2389499.0,ok
CRM,2014-02-28,119.76698020818178,0.039829123425111135,8344913.0,ok
CRM,2014-03-31,119.89869968932858,0.0010997979653311063,13673680.0,ok
CRM,2014-04-30,126.22015882204649,0.05272333352319536,9706295.0,ok
CRM,2014-05-31,147.29127708732642,0.16693940541611418,16841614.0,ok
CRM,2014-06-30,161.09408882745768,0.09371099234850022,9225710.0,ok
CRM,2014-07-31,178.32926901483947,0.10698828437983088,7441287.0,ok
CRM,2014-08-31,179.4667331123069,0.006378448718773022,7586557.0,ok
CRM,2014-09-30,196.07266967383362,0.09252932994069174,16798514.0,ok
CRM,2014-10-31,197.95171420779403,0.009583408728438325,10057414.0,ok
CRM,2014-11-30,197.46771325935538,-0.002445045502008525,10855669.0,ok
CRM,2014-12-31,213.3042414106403,0.0801980632169732,2945038.0,ok
CRM,2015-01-31,177.38413516259928,-0.16839846226446953,11607342.0,ok
CRM,2015-02-28,185.17854721284104,0.043940863387230245,14503495.0,ok
CRM,2015-03-31,183.47778717298868,-0.009184433431684291,11036112.0,ok
CRM,2015-04-30,163.40426802080128,-0.10940571859666837,7654994.0,ok
CRM,2015-05-31,146.68056049632736,-0.10234559798857279,9784731.0,ok
CRM,2015-06-30,125.88736698400356,-0.14175834508652851,5252749.0,ok
CRM,2015-07-31,113.10394643331695,-0.10154649236814206,9513749.0,ok
CRM,2015-08-31,114.0537594650251,0.008397700183416124,5922716.0,ok
CRM,2015-09-30,103.56610981613419,-0.09195356381134434,8180057.0,ok
CRM,2015-10-31,104.48513695940932,0.008873821223049916,6058672.0,ok
CRM,2015-11-30,107.66469650741459,0.030430735323058178,10214847.0,ok
CRM,2015-12-31,116.50532388880299,0.08211259278271932,11493366.0,ok
CRM,2016-01-31,120.29306611001402,0.03251132304328164,5588220.0,ok
CRM,2016-02-29,119.60697296869198,-0.0057035136230926264,8436155.0,ok
CRM,2016-03-31,138.77346401336854,0.160245599139889,12863331.0,ok
CRM,2016-04-30,118.05517638168722,-0.14929574453575256,13710814.0,ok
CRM,2016-05-31,127.59718878099729,0.08082671757195592,14206642.0,ok
CRM,2016-06-30,129.27383225966767,0.013140128671236706,6472128.0,ok
CRM,2016-07-31,114.77297389916458,-0.11217164453959827,12228645.0,ok
CRM,2016-08-31,113.80677548854567,-0.008418344300007319,11721570.0,ok
CRM,2016-09-30,105.73117388122085,-0.07095888248004711,7282953.0,ok
CRM,2016-10-31,106.6370662622692,0.008567883508661556,9960310.0,ok
CRM,2016-11-30,102.13882102498019,-0.042182754974014136,8506969.0,ok
CRM,2016-12-31,100.46996194684147,-0.01633912611670507,10852885.0,ok
CRM,2017-01-31,116.41633593098412,0.1587178264542377,9727934.0,ok
CRM,2017-02-28,137.56696251893015,0.18168091633192196,4328679.0,ok
CRM,2017-03-31,154.49049919590314,0.12302035581140491,12307456.0,ok
CRM,2017-04-30,167.92581703956247,0.08696533387870375,8075672.0,ok
CRM,2017-05-31,171.3381463317152,0.020320456689210564,7017948.0,ok
CRM,2017-06-30,174.96725403174975,0.021180967447893995,6109797.0,ok
CRM,2017-07-31,186.2453673450812,0.06445842323892736,6003132.0,ok
CRM,2017-08-31,152.40051329204914,-0.18172185722248468,10126434.0,ok
CRM,2017-09-30,132.05596538342914,-0.13349395923380658,7753898.0,ok
CRM,2017-10-31,125.39225803479019,-0.050461236864920433,5715215.0,ok
CRM,2017-11-30,107.55247313392793,-0.14227182108733216,11510637.0,ok
CRM,2017-12-31,117.28815329130225,0.09052028162338144,14016230.0,ok
CRM,2018-01-31,101.4112123867601,-0.13536696127450698,6967073.0,ok
CRM,2018-02-28,114.51436889794827,0.1292081635038107,4145892.0,ok
CRM,2018-03-31,112.75127664985224,-0.015396253457653386,11288871.0,ok
CRM,2018-04-30,127.53653355273472,0.13113161413504804,11303716.0,ok
CRM,2018-05-31,147.82974960395293,0.1591168858515919,7348988.0,ok
CRM,2018-06-30,159.1387421434959,0.07650011293288816,9625548.0,ok
CRM,2018-07-31,170.65940713806694,0.07239384224982004,8373250.0,ok
CRM,2018-08-31,163.63308431692934,-0.04117161156814031,13587592.0,ok
CRM,2018-09-30,165.81793568928921,0.01335213707839289,11566612.0,ok
CRM,2018-10-31,169.7371617968978,0.02363571884619553,17364211.0,ok
CRM,2018-11-30,122.07824518815715,-0.2807806852913437,3213478.0,ok
CRM,2018-12-31,114.9001696308619,-0.05879897393865563,11002362.0,ok
CRM,2019-01-31,104.97138995080702,-0.08641222821474437,6700109.0,ok
CRM,2019-02-28,100.71997250586327,-0.04050072545420336,12935632.0,ok
CRM,2019-03-31,85.27319615026144,-0.15336358788921045,11587399.0,ok
CRM,2019-04-30,93.29553424034951,0.09407807438050941,6145202.0,ok
CRM,2019-05-31,97.3969815028989,0.04396188194799522,9182419.0,ok
CRM,2019-06-30,96.94841867931292,-0.004605510526757173,11299538.0,ok
CRM,2019-07-31,96.23053446165025,-0.007404805848740037,11079616.0,ok
CRM,2019-08-31,104.91101644936333,0.09020506886171797,10617780.0,ok
CRM,2019-09-30,114.02685161287631,0.08689111469921618,12913572.0,ok
CRM,2019-10-31,96.07324003358761,-0.15745073485183658,12813955.0,ok
CRM,2019-11-30,84.28540261771026,-0.12269636593661537,4050376.0,ok
CRM,2019-12-31,80.02934682316436,-0.050495763944439,9380716.0,ok
CRM,2020-01-31,81.8632228626472,0.022915044446570887,15337584.0,ok
CRM,2020-02-29,89.03577366080813,0.08761627684992646,9861902.0,ok
CRM,2020-03-31,93.25454988198108,0.04738293438371022,7723531.0,ok
CRM,2020-04-30,111.81960851838333,0.19907938711727624,3962817.0,ok
CRM,2020-05-31,105.2077460748791,-0.059129722694541864,7737122.0,ok
CRM,2020-06-30,115.13863407090406,0.0943931256635504,10562992.0,ok
CRM,2020-07-31,104.05267665899956,-0.09628355852369763,12811407.0,ok
CRM,2020-08-31,91.60498705246303,-0.11962873042978006,6007809.0,ok
CRM,2020-09-30,88.90479525731189,-0.029476471555033523,11204564.0,ok
CRM,2020-10-31,81.15761224539666,-0.08714021543487072,9541614.0,ok
CRM,2020-11-30,103.45527634814869,0.27474519624025495,16851179.0,ok
CRM,2020-12-31,94.61814741378338,-0.08541979922441578,11737490.0,ok
CRM,2021-01-31,100.7668459501691,0.06498434713053802,6016211.0,ok
CRM,2021-02-28,98.48879523974782,-0.022607145127354844,8056331.0,ok
CRM,2021-03-31,115.64989486220368,0.1742441826065717,10463176.0,ok
CRM,2021-04-30,127.99546684013686,0.10674953049151381,9337276.0,ok
CRM,2021-05-31,143.058481424993,0.11768396925861047,7209439.0,ok
CRM,2021-06-30,161.36559336465558,0.127969427309077,9079138.0,ok
CRM,2021-07-31,177.44637057813367,0.09965431216268383,6775163.0,ok
CRM,2021-08-31,159.1839481763506,-0.10291798216149872,14132979.0,ok
CRM,2021-09-30,174.09194716948676,0.09365265256909217,8393845.0,ok
CRM,2021-10-31,152.94092398476246,-0.12149340350666982,7123412.0,ok
CRM,2021-11-30,162.01842319818178,0.05935297745633927,5975853.0,ok
CRM,2021-12-31,144.3394116927763,-0.10911729145629578,10328973.0,ok
CRM,2022-01-31,146.6264071598731,0.01584456691540792,7582761.0,ok
CRM,2022-02-28,155.37230634541262,0.059647503849722616,11027472.0,ok
CRM,2022-03-31,161.85109164883767,0.041698456152294394,7176005.0,ok
CRM,2022-04-30,133.2500349463587,-0.17671216431788805,12553272.0,ok
CRM,2022-05-31,136.4559535514446,0.024059420369956896,11945029.0,ok
CRM,2022-06-30,116.70549911650916,-0.14473867882568725,5801272.0,ok
CRM,2022-07-31,124.39451601398844,0.0658839296835807,6956382.0,ok
CRM,2022-08-31,128.62907945770917,0.034041399728944155,11197333.0,ok
CRM,2022-09-30,153.1503850259176,0.19063578524847147,10675322.0,ok
CRM,2022-10-31,167.59979571211798,0.09434785739360119,12883195.0,ok
CRM,2022-11-30,162.52985015455505,-0.030250308695312755,11927412.0,ok
CRM,2022-12-31,180.57563737215577,0.11103060268892384,10778846.0,ok
CRM,2023-01-31,180.18846235570317,-0.0021441154636749893,11535033.0,ok
CRM,2023-02-28,157.60297723057798,-0.12534368088751457,12530191.0,ok
CRM,2023-03-31,174.73325710215164,0.10869261591747437,8582836.0,ok
CRM,2023-04-30,223.9403011367008,0.2816123550297125,12207922.0,ok
CRM,2023-05-31,230.30977297302556,0.02844272247556101,13876963.0,ok
CRM,2023-06-30,248.8627573487981,0.08055665261736644,8202780.0,ok
CRM,2023-07-31,243.01133349493531,-0.023512653786366355,10831248.0,ok
CRM,2023-08-31,259.95524131320997,0.06972476375727465,4730763.0,ok
CRM,2023-09-30,279.56734898997934,0.07544417099534262,5698788.0,ok
CRM,2023-10-31,276.4969829727687,-0.01098256297920075,7521317.0,ok
CRM,2023-11-30,309.90749974436295,0.1208350138666241,13004766.0,ok
CRM,2023-12-31,311.96312629130324,0.0066330325940351376,10296388.0,ok
CRM,2024-01-31,288.98240357982405,-0.07366486861662092,5776329.0,ok
CRM,2024-02-29,314.0797689467087,0.08684738259487879,15176919.0,ok
CRM,2024-03-31,325.9947267075209,0.03793608802238335,10793149.0,ok
CRM,2024-04-30,341.8482620671237,0.04863126321005318,16485095.0,ok
CRM,2024-05-31,354.9169728065307,0.03822956612498696,8787107.0,ok
CRM,2024-06-30,339.5899625254895,-0.043184776878495756,6305298.0,ok
CRM,2024-07-31,365.0175580871887,0.07487734729435824,11538173.0,ok
CRM,2024-08-31,410.52821211983104,0.12468072569202704,9906036.0,ok
CRM,2024-09-30,436.8562331037284,0.06413206256385706,5609096.0,ok
CRM,2024-10-31,542.1862782713628,0.2411091731925099,9581985.0,ok
CRM,2024-11-30,504.0750122093036,-0.07029183066670042,10962278.0,ok
CRM,2024-12-31,485.7805298396918,-0.03629317448097491,8034527.0,ok
CRM,2025-01-31,490.45700271130147,0.009626719442940468,8431713.0,ok
CRM,2025-02-28,535.5428978099808,0.09192629496457272,11195807.0,ok
CRM,2025-03-31,632.7684284244685,0.1815457380017107,14977378.0,ok
CRM,2025-04-30,640.7508525991739,0.012615079729215939,11248989.0,ok
CRM,2025-05-31,637.6932269838303,-0.004771941547858205,10413822.0,ok
CRM,2025-06-30,678.1666331673309,0.06346845861125461,15240777.0,ok
CRM,2025-07-31,759.3289414550039,0.11967900559868294,6843343.0,ok
CRM,2025-08-31,946.92591744036,0.24705627000847374,13394103.0,ok
CRM,2025-09-30,989.6977327693185,0.045169125209472805,11081313.0,ok
CRM,2025-10-31,1081.8175844129005,0.09307877404732179,17791448.0,ok
CRM,2025-11-30,1119.7878513418962,0.03509858545107858,6147010.0,ok
CRM,2025-12-31,1107.199423301203,-0.011241797297236067,9113860.0,ok
CRM,2026-01-31,1133.6057740095002,0.02384967888581846,13403508.0,ok
CRM,2026-02-28,1269.3444040566706,0.11974059515158464,9192007.0,ok
CRM,2026-03-31,1278.351841548978,0.007096133613163413,8207565.0,ok
CRM,2026-04-30,1344.077793179126,0.051414602376218976,14141332.0,ok
CRM,2026-05-31,1413.3898978144168,0.051568521544685275,7853892.0,ok
GOOGL,2009-10-31,279.38,,30510084.0,ok
GOOGL,2009-11-30,269.91562547614836,-0.03387634950193874,45908754.0,ok
GOOGL,2009-12-31,281.989417628527,0.04473172729840935,27355678.0,ok
GOOGL,2010-01-31,349.158058987867,0.2381956100488254,30422463.0,ok
GOOGL,2010-02-28,302.69418066202377,-0.13307405379824788,4574397.0,ok
GOOGL,2010-03-31,280.969017017249,-0.07177265052555548,21367448.0,ok
GOOGL,2010-04-30,271.18927626109064,-0.034807185717412925,47352350.0,ok
GOOGL,2010-05-31,264.6651978957876,-0.024057287423938867,24416548.0,ok
GOOGL,2010-06-30,275.14631853562145,0.039601431254141506,23654187.0,ok
GOOGL,2010-07-31,302.8822539765006,0.10080431236912357,25228273.0,ok
GOOGL,2010-08-31,303.86681317511625,0.0032506334910333834,10720753.0,ok
GOOGL,2010-09-30,301.59459386888983,-0.007477681693778604,36443183.0,ok
GOOGL,2010-10-31,328.28134948899844,0.0884855238211264,21199869.0,ok
GOOGL,2010-11-30,324.2468505934073,-0.012289759688971724,28974755.0,ok
GOOGL,2010-12-31,322.28315114415324,-0.006056186654273765,32133732.0,ok
GOOGL,2011-01-31,311.66546973200917,-0.03294519547314123,28648158.0,ok
GOOGL,2011-02-28,296.9274189606716,-0.04728804504397077,23903976.0,ok
GOOGL,2011-03-31,288.97438576280274,-0.026784435151548824,22570957.0,ok
GOOGL,2011-04-30,307.29481884943715,0.06339812104202291,27545923.0,ok
GOOGL,2011-05-31,305.85196146053397,-0.004695352151739773,16669706.0,ok
GOOGL,2011-06-30,294.6391369463143,-0.03666095342555631,15941632.0,ok
GOOGL,2011-07-31,254.5826396017293,-0.13595104085538923,23165770.0,ok
GOOGL,2011-08-31,285.484335367894,0.12138178712620595,12982067.0,ok
GOOGL,2011-09-30,297.7416424507,0.04293513010796346,32938035.0,ok
GOOGL,2011-10-31,316.8223460768795,0.06408476647447414,20519833.0,ok
GOOGL,2011-11-30,297.23473361293367,-0.0618252238407222,35814084.0,ok
GOOGL,2011-12-31,285.96253101748886,-0.037923571240916054,24248337.0,ok
GOOGL,2012-01-31,327.84106155206416,0.14644761460729305,23583333.0,ok
GOOGL,2012-02-29,391.1078622018908,0.1929800994125297,12201681.0,ok
GOOGL,2012-03-31,416.2411681098384,0.06426182732929497,36229927.0,ok
GOOGL,2012-04-30,424.70002739320734,0.020322015051468467,17431367.0,ok
GOOGL,2012-05-31,387.2097575467201,-0.08827470550590988,27626739.0,ok
GOOGL,2012-06-30,447.01888205775055,0.15446182164924904,18204121.0,ok
GOOGL,2012-07-31,407.7484530790772,-0.08784959775725987,31517833.0,ok
GOOGL,2012-08-31,389.8084105601943,-0.043997818712517955,34708163.0,ok
GOOGL,2012-09-30,374.5956644850875,-0.039026213039489166,30195488.0,ok
GOOGL,2012-10-31,357.0904513139236,-0.04673095508253222,26105916.0,ok
GOOGL,2012-11-30,379.1044353547235,0.06164820134450211,19665025.0,ok
GOOGL,2012-12-31,368.65996174428574,-0.027550386216571132,23869908.0,ok
GOOGL,2013-01-31,364.4741552194503,-0.011354112079409395,23442896.0,ok
GOOGL,2013-02-28,367.3845530707177,0.007985196781689519,26072985.0,ok
GOOGL,2013-03-31,373.8548365463023,0.01761174611589933,27156014.0,ok
GOOGL,2013-04-30,379.14437404493265,0.014148640010907654,23864210.0,ok
GOOGL,2013-05-31,331.08595115840416,-0.12675494132700238,39471132.0,ok
GOOGL,2013-06-30,336.15882712414253,0.015321930598351852,27465432.0,ok
GOOGL,2013-07-31,352.4161874155499,0.04836214009457973,26716005.0,ok
GOOGL,2013-08-31,380.49224281454076,0.07966732630781537,21923143.0,ok
GOOGL,2013-09-30,376.9091269507265,-0.009417053649529383,21377567.0,ok
GOOGL,2013-10-31,422.1323990174258,0.11998455020860077,25661736.0,ok
GOOGL,2013-11-30,483.3815627011572,0.1450946760454721,28619807.0,ok
GOOGL,2013-12-31,482.1130052855031,-0.0026243396801592933,34853481.0,ok
GOOGL,2014-01-31,501.03608699487427,0.03925030335608781,40976833.0,ok
GOOGL,2014-02-28,514.756631326992,0.027384343539825773,25732306.0,ok
GOOGL,2014-03-31,619.2398791071972,0.2029760112285639,15825254.0,ok
GOOGL,2014-04-30,645.7039448541024,0.0427363718645839,18828168.0,ok
GOOGL,2014-05-31,685.6574962648949,0.061875959918163526,17022574.0,ok
GOOGL,2014-06-30,718.192393299561,0.047450654608021114,21326580.0,ok
GOOGL,2014-07-31,827.0270791857827,0.15153973629017026,24892715.0,ok
GOOGL,2014-08-31,808.8282920007234,-0.02200506808431979,29503840.0,ok
GOOGL,2014-09-30,883.237331682582,0.0919960891795708,20600285.0,ok
GOOGL,2014-10-31,816.5868830995291,-0.07546153926270593,24462963.0,ok
GOOGL,2014-11-30,727.5251591474689,-0.10906582728099612,36261343.0,ok
GOOGL,2014-12-31,686.5272172834727,-0.05635261041973938,12336684.0,ok
GOOGL,2015-01-31,736.9262886034976,0.07341161435587296,20365076.0,ok
GOOGL,2015-02-28,644.2914831939806,-0.12570430291618895,31546847.0,ok
GOOGL,2015-03-31,722.194590375238,0.12091283093649507,23308088.0,ok
GOOGL,2015-04-30,786.0096052232014,0.08836263203634132,24917026.0,ok
GOOGL,2015-05-31,710.0956860552611,-0.09658141409911036,26625499.0,ok
GOOGL,2015-06-30,821.8615735461673,0.15739553089216818,35249838.0,ok
GOOGL,2015-07-31,868.4521269965546,0.05668905196450358,20684068.0,ok
GOOGL,2015-08-31,845.7425695319446,-0.026149463808844087,25473060.0,ok
GOOGL,2015-09-30,896.6453853702858,0.060187127468955604,32356234.0,ok
GOOGL,2015-10-31,902.8876208113841,0.006961766092757449,21696692.0,ok
GOOGL,2015-11-30,966.9679756126768,0.07097268067946993,36759845.0,ok
GOOGL,2015-12-31,978.6710770814617,0.012102884236026235,18699750.0,ok
GOOGL,2016-01-31,1042.2920630635626,0.06500752650403019,29282848.0,ok
GOOGL,2016-02-29,1046.2786998819176,0.003824874965119962,24177159.0,ok
GOOGL,2016-03-31,976.9744360646023,-0.06623881746339388,31638608.0,ok
GOOGL,2016-04-30,1034.8816628529091,0.059271997967076606,27398578.0,ok
GOOGL,2016-05-31,1033.801270472124,-0.0010439767362450114,14746037.0,ok
GOOGL,2016-06-30,1226.6060539001176,0.18650081880818536,17590167.0,ok
GOOGL,2016-07-31,1011.7811521942018,-0.17513764995929892,28178966.0,ok
GOOGL,2016-08-31,1016.5313769332635,0.00469491325150706,11361174.0,ok
GOOGL,2016-09-30,935.4475538206838,-0.07976519461425635,16697182.0,ok
GOOGL,2016-10-31,892.750696282328,-0.045643240354809156,29811448.0,ok
GOOGL,2016-11-30,924.6260794410113,0.03570468585622111,16529335.0,ok
GOOGL,2016-12-31,1081.6936947550948,0.16987149595546747,39657124.0,ok
GOOGL,2017-01-31,1045.6942195392635,-0.03328065550385029,22747482.0,ok
GOOGL,2017-02-28,908.4385493706624,-0.13125794099643817,23220052.0,ok
GOOGL,2017-03-31,848.5633885046658,-0.06590997366577656,35582243.0,ok
GOOGL,2017-04-30,856.3848565703944,0.009217305591644243,24557698.0,ok
GOOGL,2017-05-31,850.5065640239008,-0.006864078108567595,21037996.0,ok
GOOGL,2017-06-30,946.0217805135138,0.11230391454912847,24611862.0,ok
GOOGL,2017-07-31,898.8552069139313,-0.04985780937726392,25967485.0,ok
GOOGL,2017-08-31,956.0178798306177,0.06359497333607811,32954517.0,ok
GOOGL,2017-09-30,1008.0134875919698,0.054387693847906204,16515170.0,ok
GOOGL,2017-10-31,1070.4855347081811,0.06197540795356815,22980641.0,ok
GOOGL,2017-11-30,1047.9118954816872,-0.02108729029453682,25546129.0,ok
GOOGL,2017-12-31,1069.652640367168,0.020746729738655434,28784856.0,ok
GOOGL,2018-01-31,986.9523830100178,-0.07731505933436733,35543578.0,ok
GOOGL,2018-02-28,1070.6941415304257,0.08484883360331064,39134391.0,ok
GOOGL,2018-03-31,1085.5948458309933,0.013916863577182692,18484952.0,ok
GOOGL,2018-04-30,999.6001657215719,-0.07921434081938261,22978512.0,ok
GOOGL,2018-05-31,986.5782802541853,-0.013027094146174534,15484617.0,ok
GOOGL,2018-06-30,959.4751346254379,-0.027471865305776277,15237467.0,ok
GOOGL,2018-07-31,955.4766040839436,-0.0041674144510845945,26759814.0,ok
GOOGL,2018-08-31,856.097493323399,-0.10400998866510558,31847114.0,ok
GOOGL,2018-09-30,815.8316256023214,-0.04703420817734694,33490447.0,ok
GOOGL,2018-10-31,876.6453950194997,0.07454205930332747,33640838.0,ok
GOOGL,2018-11-30,849.4600111864786,-0.031010695986621095,27474808.0,ok
GOOGL,2018-12-31,828.0399963637769,-0.025216036706405265,42469554.0,ok
GOOGL,2019-01-31,1003.227077914011,0.21156838114045695,18944379.0,ok
GOOGL,2019-02-28,1005.8927605221006,0.0026571079138257847,17704985.0,ok
GOOGL,2019-03-31,965.562349705961,-0.040094145617676435,19906195.0,ok
GOOGL,2019-04-30,1045.008742475624,0.08227991987659489,23878295.0,ok
GOOGL,2019-05-31,962.041212850117,-0.07939410098039679,14580002.0,ok
GOOGL,2019-06-30,951.3577594345588,-0.011104985184478333,30157782.0,ok
GOOGL,2019-07-31,817.5177518272275,-0.1406831512961847,40840506.0,ok
GOOGL,2019-08-31,843.8319596436618,0.03218793446089663,23013113.0,ok
GOOGL,2019-09-30,924.6067484447445,0.09572378466820908,39793757.0,ok
GOOGL,2019-10-31,872.52927544293,-0.05632391618319088,21927645.0,ok
GOOGL,2019-11-30,865.3982504235244,-0.008172820351254884,35524545.0,ok
GOOGL,2019-12-31,876.9037837521432,0.013295073479739683,19247346.0,ok
GOOGL,2020-01-31,924.9127525047242,0.054748274146061426,32875201.0,ok
GOOGL,2020-02-29,1106.6133678718318,0.19645162732922694,15249618.0,ok
GOOGL,2020-03-31,1024.6014352884963,-0.07411073728582873,25723873.0,ok
GOOGL,2020-04-30,1210.7022153991875,0.18163236327918164,31678624.0,ok
GOOGL,2020-05-31,1263.5735298956956,0.043669957669215664,19540729.0,ok
GOOGL,2020-06-30,1397.748073741932,0.10618657377011709,37206971.0,ok
GOOGL,2020-07-31,1409.39771189413,0.008334576431223706,24504502.0,ok
GOOGL,2020-08-31,1424.640349606256,0.010815001034478078,29487227.0,ok
GOOGL,2020-09-30,1159.0876975428164,-0.18639978303073712,34591087.0,ok
GOOGL,2020-10-31,1150.2540353710267,-0.0076212198529208575,33609370.0,ok
GOOGL,2020-11-30,1122.8415721868714,-0.023831660086559125,9431542.0,ok
GOOGL,2020-12-31,1079.5978487550706,-0.038512755942566645,31112049.0,ok
GOOGL,2021-01-31,897.635387582409,-0.16854652070906784,25880513.0,ok
GOOGL,2021-02-28,857.1971471991369,-0.04504973950746738,34256311.0,ok
GOOGL,2021-03-31,971.9127344605048,0.13382637545656473,26818821.0,ok
GOOGL,2021-04-30,995.7749995406574,0.024551859682544697,33386136.0,ok
GOOGL,2021-05-31,1163.0713974734833,0.1680062243076983,16485825.0,ok
GOOGL,2021-06-30,1320.0466490973672,0.13496613532486323,16372648.0,ok
GOOGL,2021-07-31,1010.5767779081793,-0.23443858700054265,20730160.0,ok
GOOGL,2021-08-31,955.6131005873985,-0.05438842304941105,22821227.0,ok
GOOGL,2021-09-30,937.5145701717022,-0.018939181981255326,23195691.0,ok
GOOGL,2021-10-31,950.3996235115688,0.013743843295690672,25933371.0,ok
GOOGL,2021-11-30,867.6179759429225,-0.08710193640732089,38564753.0,ok
GOOGL,2021-12-31,873.8509301877411,0.007183984677178623,25502211.0,ok
GOOGL,2022-01-31,735.7238157553843,-0.1580671366942199,21624987.0,ok
GOOGL,2022-02-28,669.5769841449663,-0.08990715020214957,23581760.0,ok
GOOGL,2022-03-31,716.0124906751345,0.0693505117853852,31307349.0,ok
GOOGL,2022-04-30,673.8728065472836,-0.058853280741118064,30108578.0,ok
GOOGL,2022-05-31,631.347052339087,-0.0631064999136639,38895843.0,ok
GOOGL,2022-06-30,574.182784162686,-0.0905433358160338,25215968.0,ok
GOOGL,2022-07-31,502.1465540263204,-0.12545870779008794,38367867.0,ok
GOOGL,2022-08-31,560.7534204680725,0.11671267276819774,17451508.0,ok
GOOGL,2022-09-30,611.7791048121269,0.09099486954794189,31374272.0,ok
GOOGL,2022-10-31,605.877912883699,-0.00964595207977903,28361674.0,ok
GOOGL,2022-11-30,569.8402072463136,-0.059480144218927666,26199986.0,ok
GOOGL,2022-12-31,598.385409859309,0.050093345906454534,30832750.0,ok
GOOGL,2023-01-31,599.5006705778839,0.0018637832744570204,31189921.0,ok
GOOGL,2023-02-28,608.7478139687198,0.015424742364211541,29268047.0,ok
GOOGL,2023-03-31,540.0960656945346,-0.11277535080842671,23569431.0,ok
GOOGL,2023-04-30,568.6412123497295,0.05285198035739702,24658021.0,ok
GOOGL,2023-05-31,579.349389620608,0.01883116636346216,30281076.0,ok
GOOGL,2023-06-30,523.9019421091942,-0.0957064053312009,28209591.0,ok
GOOGL,2023-07-31,587.3542407588435,0.12111483762437403,27733775.0,ok
GOOGL,2023-08-31,760.6003008925946,0.2949600907110548,27952698.0,ok
GOOGL,2023-09-30,806.9711147089704,0.06096607345797489,20218548.0,ok
GOOGL,2023-10-31,686.1850657911319,-0.1496782805681951,38629470.0,ok
GOOGL,2023-11-30,782.1667258430629,0.13987722093786692,33912835.0,ok
GOOGL,2023-12-31,773.2890889512785,-0.011350056961596744,18526808.0,ok
GOOGL,2024-01-31,748.2554468855667,-0.032372941017003054,22705827.0,ok
GOOGL,2024-02-29,795.1510782466809,0.06267329099481467,29071065.0,ok
GOOGL,2024-03-31,753.2571099078846,-0.052686803155914785,33817732.0,ok
GOOGL,2024-04-30,786.0598148884528,0.043547819926425424,29419159.0,ok
GOOGL,2024-05-31,750.430765408673,-0.04532613015567499,25978129.0,ok
GOOGL,2024-06-30,703.1276104241464,-0.06303466910603805,46837909.0,ok
GOOGL,2024-07-31,792.785398164222,0.12751282471469372,22812530.0,ok
GOOGL,2024-08-31,826.2759672122984,0.04224417998316743,40422741.0,ok
GOOGL,2024-09-30,768.899777793861,-0.06943949926561954,24489799.0,ok
GOOGL,2024-10-31,948.8187346269125,0.23399532946839674,23019709.0,ok
GOOGL,2024-11-30,987.3925792288816,0.040654598390847285,35726790.0,ok
GOOGL,2024-12-31,980.0724699844876,-0.007413575307716691,20527848.0,ok
GOOGL,2025-01-31,968.160354715184,-0.012154320863121626,36267241.0,ok
GOOGL,2025-02-28,1016.6824568904527,0.05011783630568423,25557937.0,ok
GOOGL,2025-03-31,1107.253045892305,0.08908444164450757,25975173.0,ok
GOOGL,2025-04-30,1063.5216931961472,-0.03949535551822825,33774051.0,ok
GOOGL,2025-05-31,918.7491625912844,-0.1361256018857362,22932164.0,ok
GOOGL,2025-06-30,893.6472510207094,-0.027321833415092756,28710096.0,ok
GOOGL,2025-07-31,986.717546409763,0.10414656933454469,23442914.0,ok
GOOGL,2025-08-31,1033.4345873374618,0.04734591079046058,27493433.0,ok
GOOGL,2025-09-30,1057.4483645075247,0.02323686226907884,16934946.0,ok
GOOGL,2025-10-31,1030.0602643633874,-0.025900177316830475,19340347.0,ok
GOOGL,2025-11-30,1145.543264755813,0.11211285823533634,27899425.0,ok
GOOGL,2025-12-31,1110.4928914575999,-0.030597162391491683,27533585.0,ok
GOOGL,2026-01-31,1194.7761345698402,0.07589714779858947,12823094.0,ok
GOOGL,2026-02-28,1018.2958430426647,-0.1477099235755277,32130737.0,ok
GOOGL,2026-03-31,1008.4165812813679,-0.009701759885199501,26496478.0,ok
GOOGL,2026-04-30,845.7094042707278,-0.1613491686182833,3422310.0,ok
GOOGL,2026-05-31,883.2155081896675,0.044348689667560226,45054701.0,ok
META,2009-10-31,441.42,,53700987.0,ok
META,2009-11-30,433.1278135991393,-0.018785253048934636,66342271.0,ok
META,2009-12-31,433.436797321275,0.0007133776969161509,84412828.0,ok
META,2010-01-31,525.0520236620288,0.21136928591885606,81319234.0,ok
META,2010-02-28,535.9057523718999,0.020671720554795048,94123870.0,ok
META,2010-03-31,536.5926803224919,0.0012818073841374122,87780467.0,ok
META,2010-04-30,540.9577922902283,0.008134870503848424,45227352.0,ok
META,2010-05-31,619.6150185169984,0.14540362916996274,79323238.0,ok
META,2010-06-30,648.3414389192857,0.04636172388306825,67618873.0,ok
META,2010-07-31,604.9666697490504,-0.06690112117858182,95108591.0,ok
META,2010-08-31,673.3044530263553,0.11296123686558213,102791469.0,ok
META,2010-09-30,735.8121442671784,0.09283718674347807,54242715.0,ok
META,2010-10-31,842.225549438195,0.14462034365714027,51446765.0,ok
META,2010-11-30,949.8142852368351,0.12774337690231197,23444164.0,ok
META,2010-12-31,1108.1144126281429,0.1666642941170713,133886299.0,ok
META,2011-01-31,1148.483050264115,0.03643002669754014,40017130.0,ok
META,2011-02-28,972.883575002938,-0.15289688012443436,92596861.0,ok
META,2011-03-31,969.6183958744457,-0.0033561869193674543,92722116.0,ok
META,2011-04-30,1073.1641335682393,0.10679019512662125,74638169.0,ok
META,2011-05-31,1123.8422254902446,0.04722305781269642,111477211.0,ok
META,2011-06-30,1339.4276402513378,0.19182889721646657,44461419.0,ok
META,2011-07-31,1405.8521482217654,0.04959171064885837,106368523.0,ok
META,2011-08-31,1349.110155971368,-0.04036128004084161,65215484.0,ok
META,2011-09-30,1445.5301580088224,0.07146933229335262,81944237.0,ok
META,2011-10-31,1557.6845013829447,0.07758699654430723,89678433.0,ok
META,2011-11-30,1591.727900927425,0.021855131455860155,55648493.0,ok
META,2011-12-31,1737.286200121433,0.09144672221250749,68370144.0,ok
META,2012-01-31,1766.8489013135554,0.017016598180573883,94574364.0,ok
META,2012-02-29,1422.0735045624037,-0.1951357563710343,50819611.0,ok
META,2012-03-31,1424.600315657906,0.0017768498515693398,84618246.0,ok
META,2012-04-30,1608.7203000497639,0.12924325677046333,86921147.0,ok
META,2012-05-31,1813.4245516051442,0.1272466391759015,82098543.0,ok
META,2012-06-30,1606.5269808481987,-0.11409218573433955,75872635.0,ok
META,2012-07-31,1642.9897888047385,0.02269666702845452,87015905.0,ok
META,2012-08-31,1571.6929516469238,-0.04339457107014799,63141231.0,ok
META,2012-09-30,1896.5760469605648,0.2067090107983287,104055085.0,ok
META,2012-10-31,2133.34490613974,0.12484016106742413,82423541.0,ok
META,2012-11-30,1717.1247282484403,-0.19510215000557263,93257820.0,ok
META,2012-12-31,1773.7892956785308,0.032999680511206275,85972962.0,ok
META,2013-01-31,1585.6359977578286,-0.10607420981685856,63191337.0,ok
META,2013-02-28,1754.5147361293264,0.10650536353255169,97417609.0,ok
META,2013-03-31,1639.7098241307738,-0.06543399701037922,45739920.0,ok
META,2013-04-30,1710.7603528025938,0.04333115995660064,51984774.0,ok
META,2013-05-31,1720.7672997987322,0.005849414840450873,113142366.0,ok
META,2013-06-30,1789.8604232449215,0.04015250839219853,94169241.0,ok
META,2013-07-31,1939.8184266092605,0.0837819538422293,110160402.0,ok
META,2013-08-31,2110.493794236832,0.08798522855868862,67539267.0,ok
META,2013-09-30,2211.190134394752,0.04771221807564352,40355826.0,ok
META,2013-10-31,2273.665900017496,0.028254361599639122,80549518.0,ok
META,2013-11-30,2035.1568537515416,-0.10490065680455474,82158657.0,ok
META,2013-12-31,2280.4175707017407,0.12051194800936038,78206110.0,ok
META,2014-01-31,2666.860577665596,0.169461510878,104132117.0,ok
META,2014-02-28,2431.016930718933,-0.08843493691488957,100693375.0,ok
META,2014-03-31,2398.279622367967,-0.013466507755371504,90092205.0,ok
META,2014-04-30,2140.3611573975486,-0.10754311655942761,118011771.0,ok
META,2014-05-31,2371.485318567175,0.10798372058416938,85357771.0,ok
META,2014-06-30,2627.0508430499767,0.10776601587279133,87854707.0,ok
META,2014-07-31,2217.0387580191386,-0.15607314419344032,69782566.0,ok
META,2014-08-31,1920.996691536686,-0.1335303974329063,91419944.0,ok
META,2014-09-30,2014.36034741142,0.04860167447766317,96331131.0,ok
META,2014-10-31,1602.0965100443782,-0.20466240704987404,114390232.0,ok
META,2014-11-30,1290.5548411954587,-0.1944587400919372,33297475.0,ok
META,2014-12-31,1243.4647689921237,-0.03648823800445,58988079.0,ok
META,2015-01-31,1042.8158729204417,-0.16136275114116472,101281972.0,ok
META,2015-02-28,996.1366361679148,-0.04476268338896694,51746722.0,ok
META,2015-03-31,983.5637002280828,-0.012621698151971894,36736627.0,ok
META,2015-04-30,993.975423453136,0.01058571318018231,74338361.0,ok
META,2015-05-31,1211.7528003663156,0.21909734564322192,86788378.0,ok
META,2015-06-30,1340.122689985367,0.10593735750414202,73101558.0,ok
META,2015-07-31,1402.9039412046927,0.046847390681827195,68874132.0,ok
META,2015-08-31,1325.9713083629993,-0.0548381329484543,63659979.0,ok
META,2015-09-30,1179.0066147340322,-0.11083550051351032,96156127.0,ok
META,2015-10-31,903.8570691771307,-0.2333740473703546,103793672.0,ok
META,2015-11-30,1013.5282465039802,0.12133685852199383,62891109.0,ok
META,2015-12-31,1081.4833854678834,0.06704809579634774,58745318.0,ok
META,2016-01-31,1172.5754243872084,0.08422879180886889,95592554.0,ok
META,2016-02-29,981.1895153278064,-0.16321842081878946,100440864.0,ok
META,2016-03-31,1046.2775399684915,0.06633583382608799,86026467.0,ok
META,2016-04-30,1030.772978712101,-0.014818784370404736,77249701.0,ok
META,2016-05-31,973.985410558044,-0.055092216547051986,74833592.0,ok
META,2016-06-30,1019.5359586072162,0.04676717695706967,56789761.0,ok
META,2016-07-31,989.3865895267788,-0.02957165838625675,96267996.0,ok
META,2016-08-31,1013.8951902027376,0.02477151088906626,105737104.0,ok
META,2016-09-30,1085.1248771760845,0.07025350121160345,67994400.0,ok
META,2016-10-31,1022.051809874189,-0.05812516939620449,97380732.0,ok
META,2016-11-30,1088.428911856206,0.06494494832917308,20311538.0,ok
META,2016-12-31,1175.7157091374397,0.08019522113977562,97028044.0,ok
META,2017-01-31,1166.0706727735267,-0.008203544691079312,91329766.0,ok
META,2017-02-28,1173.7899805053048,0.006619931288913694,110446410.0,ok
META,2017-03-31,1363.7369988627954,0.16182368354832977,81839868.0,ok
META,2017-04-30,1368.3326453352076,0.0033698920512126307,94086836.0,ok
META,2017-05-31,1277.0277993136783,-0.06672708301800534,58606717.0,ok
META,2017-06-30,1167.4077095606601,-0.0858400183707293,52415078.0,ok
META,2017-07-31,1178.2212858597566,0.00926289608209463,80836466.0,ok
META,2017-08-31,1007.9613716708778,-0.1445058888616486,41396912.0,ok
META,2017-09-30,1093.1970156843495,0.08456241122829766,74571277.0,ok
META,2017-10-31,1189.8633122062247,0.08842532053690366,95687970.0,ok
META,2017-11-30,1116.0002959220765,-0.06207689196433219,87776123.0,ok
META,2017-12-31,1024.8776139004908,-0.08165112711399158,98288299.0,ok
META,2018-01-31,997.6684596318505,-0.02654868630127205,77442712.0,ok
META,2018-02-28,1001.3219118759532,0.003661990322367137,81049927.0,ok
META,2018-03-31,1090.0825563980472,0.08864346567209647,31968985.0,ok
META,2018-04-30,895.7119874644247,-0.17830811785107348,82421653.0,ok
META,2018-05-31,1143.1835478918385,0.276284747654159,112286039.0,ok
META,2018-06-30,1135.914354715626,-0.0063587279484714765,49813251.0,ok
META,2018-07-31,1079.8647111212636,-0.04934319507600049,34802829.0,ok
META,2018-08-31,1057.1220880711805,-0.021060622516748895,65624597.0,ok
META,2018-09-30,918.0417223171172,-0.13156509292869722,53325168.0,ok
META,2018-10-31,975.3403840847742,0.06241400622080273,108980451.0,ok
META,2018-11-30,954.7433479447421,-0.021117792799443702,79134160.0,ok
META,2018-12-31,857.4419664390767,-0.10191365220310178,70980773.0,ok
META,2019-01-31,938.2762469374717,0.09427376272950183,101834747.0,ok
META,2019-02-28,824.1205224712414,-0.1216653675704078,64416862.0,ok
META,2019-03-31,847.9226704972551,0.02888187756159688,96483976.0,ok
META,2019-04-30,844.9393205358322,-0.0035184222161124268,50582606.0,ok
META,2019-05-31,977.8191101435137,0.1572654821217383,81041935.0,ok
META,2019-06-30,1073.8011522881256,0.09815930282905261,80003016.0,ok
META,2019-07-31,1079.87315686506,0.0056546824931187345,118859849.0,ok
META,2019-08-31,1158.2577022646665,0.07258680790544103,74242063.0,ok
META,2019-09-30,1187.1247634099964,0.02492283115310867,83389634.0,ok
META,2019-10-31,1130.471952533356,-0.047722710049368455,100994642.0,ok
META,2019-11-30,1207.3696869687417,0.06802268226386343,70785026.0,ok
META,2019-12-31,1099.6830813452893,-0.08919107940651849,69641560.0,ok
META,2020-01-31,1154.6902078403705,0.05002089004387389,63362631.0,ok
META,2020-02-29,922.3375906628703,-0.2012250693734311,95194978.0,ok
META,2020-03-31,972.0469760978114,0.05389500106920253,89390787.0,ok
META,2020-04-30,1064.5483366122912,0.0951614096736535,99108089.0,ok
META,2020-05-31,1019.5579601882741,-0.04226240826902217,70789950.0,ok
META,2020-06-30,1049.352392714471,0.029222892360817765,119878326.0,ok
META,2020-07-31,1120.03343029024,0.06735681746808697,78132217.0,ok
META,2020-08-31,1053.25800827798,-0.059619132970840094,82017649.0,ok
META,2020-09-30,1141.0258801435455,0.08332988800062502,48889625.0,ok
META,2020-10-31,1285.007070519225,0.12618573590773074,95558498.0,ok
META,2020-11-30,1344.1917681606703,0.04605787703372788,57998291.0,ok
META,2020-12-31,1187.1948558750519,-0.11679651371503763,93762082.0,ok
META,2021-01-31,1087.8481767837332,-0.08368186452264637,66806768.0,ok
META,2021-02-28,1212.9186587763318,0.11497053050396655,81825233.0,ok
META,2021-03-31,1371.8519134101914,0.13103372883570064,87740663.0,ok
META,2021-04-30,1593.8563683332648,0.16182829411318012,50478386.0,ok
META,2021-05-31,1894.8682216535913,0.188857577947944,80852033.0,ok
META,2021-06-30,1885.6374116648672,-0.004871478598479362,79024457.0,ok
META,2021-07-31,1526.5465381179577,-0.19043474176186448,59364137.0,ok
META,2021-08-31,1508.8443265919866,-0.01159624753254862,39120666.0,ok
META,2021-09-30,1428.3450592752306,-0.05335160552883478,61083346.0,ok
META,2021-10-31,1342.9715921291745,-0.05977089820955184,89819020.0,ok
META,2021-11-30,1472.5813669785741,0.09650969209550708,59287498.0,ok
META,2021-12-31,1278.0450823938863,-0.1321056268583889,88106195.0,ok
META,2022-01-31,1067.7124200745873,-0.1645737425203564,121961965.0,ok
META,2022-02-28,1174.6258341515331,0.10013315577005022,108023677.0,ok
META,2022-03-31,1102.013320055511,-0.06181756946327699,69884609.0,ok
META,2022-04-30,1181.0638406138967,0.07173281767084605,100444762.0,ok
META,2022-05-31,1256.5908849474863,0.06394831654005428,108002789.0,ok
META,2022-06-30,1125.8605662775753,-0.10403570504601767,129591944.0,ok
META,2022-07-31,1116.4918602741436,-0.00832137325353477,74278163.0,ok
META,2022-08-31,1082.289510143014,-0.030633765769444654,62582918.0,ok
META,2022-09-30,1028.4797980942294,-0.04971840856304166,95120821.0,ok
META,2022-10-31,1082.8046703372565,0.05282055354289983,77444452.0,ok
META,2022-11-30,1182.4162514993482,0.09199404462400973,67060459.0,ok
META,2022-12-31,1118.7740664103176,-0.05382384165333476,69179514.0,ok
META,2023-01-31,984.1634580551657,-0.12031974318734573,75006137.0,ok
META,2023-02-28,1012.9913536023283,0.029291775986206803,87623855.0,ok
META,2023-03-31,920.2256453207912,-0.0915760119290755,71373587.0,ok
META,2023-04-30,1133.8222650161263,0.23211330914481865,97726796.0,ok
META,2023-05-31,965.5190616140037,-0.14843878850776382,88039208.0,ok
META,2023-06-30,1041.933194991535,0.07914306036567953,98885298.0,ok
META,2023-07-31,1003.3503760084066,-0.037030031453640255,45838926.0,ok
META,2023-08-31,1012.3778679981224,0.008997347492537555,80133275.0,ok
META,2023-09-30,1023.8549456529736,0.011336752824857799,98475258.0,ok
META,2023-10-31,908.1480275729702,-0.11301104572602338,107419009.0,ok
META,2023-11-30,914.7092702959488,0.0072248604013527284,29548339.0,ok
META,2023-12-31,814.0455594648646,-0.1100499514982669,47763611.0,ok
META,2024-01-31,881.0984388526186,0.08236993446881913,57607860.0,ok
META,2024-02-29,956.5219665547154,0.0856017039370931,80000537.0,ok
META,2024-03-31,1062.489828955819,0.11078455707900559,98701684.0,ok
META,2024-04-30,1174.3404962699824,0.10527222404009917,123778368.0,ok
META,2024-05-31,1252.6172131655883,0.06665589506981462,75111504.0,ok
META,2024-06-30,1453.4251604181507,0.16031070397402947,55121111.0,ok
META,2024-07-31,1403.5811113600246,-0.03429419719401716,60685086.0,ok
META,2024-08-31,1650.677987324416,0.17604745031440516,64265747.0,ok
META,2024-09-30,1812.4558583077576,0.09800692335248695,100465501.0,ok
META,2024-10-31,1732.3581639494355,-0.04419290764582107,87168127.0,ok
META,2024-11-30,1914.896397786412,0.10536980033091159,102160253.0,ok
META,2024-12-31,2181.311770291486,0.13912782582548355,91492435.0,ok
META,2025-01-31,2095.609259146396,-0.03928943689403808,94058739.0,ok
META,2025-02-28,2184.6124347143023,0.0424712647071237,116961172.0,ok
META,2025-03-31,2328.306343893527,0.06577546977938753,105472343.0,ok
META,2025-04-30,2519.1737031861726,0.0819769098655061,95424321.0,ok
META,2025-05-31,2676.8319282125,0.06258330849791194,72236679.0,ok
META,2025-06-30,2832.048212131433,0.05798506894774724,55416802.0,ok
META,2025-07-31,2845.482720852368,0.0047437429431413936,121229994.0,ok
META,2025-08-31,2865.455677805288,0.007019180544149295,53893802.0,ok
META,2025-09-30,3034.620216746543,0.05903582465139423,104968166.0,ok
META,2025-10-31,2942.043933505939,-0.030506711426267485,56353358.0,ok
META,2025-11-30,3315.526784481813,0.12694672799491702,55907776.0,ok
META,2025-12-31,3461.8847960784283,0.044143214973149325,94751770.0,ok
META,2026-01-31,3156.5354148267666,-0.08820321854660129,48320372.0,ok
META,2026-02-28,3598.074088965129,0.13988079210655524,72370248.0,ok
META,2026-03-31,3951.4837767199097,0.09822190400098951,23382744.0,ok
META,2026-04-30,3924.2324020225947,-0.0068964916059800485,44249292.0,ok
META,2026-05-31,4322.327144386987,0.10144525134627846,91922211.0,ok
NFLX,2009-10-31,433.64,,43034859.0,ok
NFLX,2009-11-30,438.22657237153703,0.010576912580797515,93563457.0,ok
NFLX,2009-12-31,401.9253550041813,-0.08283664126277313,64426446.0,ok
NFLX,2010-01-31,389.859249610531,-0.030020761923628347,26507793.0,ok
NFLX,2010-02-28,407.02438786688055,0.04402906503692683,58026761.0,ok
NFLX,2010-03-31,392.60718017206784,-0.03542099226626172,112151876.0,ok
NFLX,2010-04-30,394.18816697753647,0.004026892235581947,114981703.0,ok
NFLX,2010-05-31,414.2619061183048,0.05092425603407902,132409993.0,ok
NFLX,2010-06-30,447.29645579924085,0.07974315087398365,85581476.0,ok
NFLX,2010-07-31,473.86250457877435,0.05939248664974239,67524444.0,ok
NFLX,2010-08-31,516.4976450702216,0.08997365286233494,47341610.0,ok
NFLX,2010-09-30,411.159344151344,-0.20394730145295448,39589338.0,ok
NFLX,2010-10-31,387.4979015485542,-0.057548108633231565,46734308.0,ok
NFLX,2010-11-30,417.72142730960724,0.07799661789204815,55468243.0,ok
NFLX,2010-12-31,422.84758744289553,0.01227171937600624,68272054.0,ok
NFLX,2011-01-31,449.7023263153712,0.06350926355019659,80587883.0,ok
NFLX,2011-02-28,373.4096523902898,-0.16965149935999702,102348958.0,ok
NFLX,2011-03-31,270.3753073575128,-0.27592844580537235,83894865.0,ok
NFLX,2011-04-30,272.4968458588881,0.007846642957561434,62824529.0,ok
NFLX,2011-05-31,297.02314520624674,0.09000581004911723,38478969.0,ok
NFLX,2011-06-30,317.7285056304919,0.06970958579631148,69732533.0,ok
NFLX,2011-07-31,313.15229505128593,-0.014402895862695941,96136381.0,ok
NFLX,2011-08-31,311.13263822707603,-0.00644943963728295,48774570.0,ok
NFLX,2011-09-30,375.34308605242103,0.20637644507896935,34976156.0,ok
NFLX,2011-10-31,332.0304242207312,-0.11539485724173082,48570519.0,ok
NFLX,2011-11-30,340.1889740671126,0.024571693589614085,68272682.0,ok
NFLX,2011-12-31,370.968870388039,0.09047881814903902,84569835.0,ok
NFLX,2012-01-31,390.492769253945,0.05262948032670156,91250647.0,ok
NFLX,2012-02-29,416.77531228800893,0.06730609400086451,102106488.0,ok
NFLX,2012-03-31,488.36616796008076,0.17177326382182545,94813867.0,ok
NFLX,2012-04-30,455.8891934779165,-0.06650127837032926,68013126.0,ok
NFLX,2012-05-31,457.6369658773664,0.003833765801984468,45138284.0,ok
NFLX,2012-06-30,522.9158167842702,0.1426433085049268,89076186.0,ok
NFLX,2012-07-31,427.9548177709393,-0.18159901836074543,84163151.0,ok
NFLX,2012-08-31,432.79518916101546,0.01131047294966292,99733450.0,ok
NFLX,2012-09-30,424.29596968513584,-0.019637971236130314,57111328.0,ok
NFLX,2012-10-31,511.9307513914981,0.20654163123772973,93990650.0,ok
NFLX,2012-11-30,493.8096946087667,-0.03539747657954895,64854572.0,ok
NFLX,2012-12-31,529.931846448847,0.07314994467392744,36087405.0,ok
NFLX,2013-01-31,561.8818076593739,0.06029069855799074,71000127.0,ok
NFLX,2013-02-28,564.8770241337857,0.0053306877595644675,59927329.0,ok
NFLX,2013-03-31,678.4570432685682,0.20107034678734292,58809789.0,ok
NFLX,2013-04-30,716.6706801692234,0.05632432779613472,79758778.0,ok
NFLX,2013-05-31,832.2514747756342,0.16127462418180594,74233396.0,ok
NFLX,2013-06-30,881.8164263553824,0.0595552583347605,58936238.0,ok
NFLX,2013-07-31,957.7411709860537,0.08610039727256424,95392175.0,ok
NFLX,2013-08-31,982.3155357794807,0.02565867014793377,46315887.0,ok
NFLX,2013-09-30,1036.8724472063973,0.055539090485446696,37716947.0,ok
NFLX,2013-10-31,939.9191928272618,-0.09350547855751468,95236565.0,ok
NFLX,2013-11-30,952.0190820067129,0.012873329188070715,82592087.0,ok
NFLX,2013-12-31,1091.8064725980128,0.1468325511886266,75807062.0,ok
NFLX,2014-01-31,1069.0856095133965,-0.02081033924496778,87101091.0,ok
NFLX,2014-02-28,930.2716734782475,-0.12984361102599762,36902965.0,ok
NFLX,2014-03-31,903.8588846759465,-0.02839255408427599,83169522.0,ok
NFLX,2014-04-30,780.7191572760299,-0.13623777946716187,72138466.0,ok
NFLX,2014-05-31,745.1222258756176,-0.045595053059299784,88349182.0,ok
NFLX,2014-06-30,780.3167478445096,0.04723321992916496,46486546.0,ok
NFLX,2014-07-31,968.8330853468168,0.24158950582958916,82301115.0,ok
NFLX,2014-08-31,1024.9633888910703,0.05793598958706103,64246577.0,ok
NFLX,2014-09-30,973.5345675024826,-0.05017625209445742,80680738.0,ok
NFLX,2014-10-31,865.7749687652778,-0.1106890318375161,56496930.0,ok
NFLX,2014-11-30,748.9897588919864,-0.13489095213718671,98819333.0,ok
NFLX,2014-12-31,737.8254493142049,-0.014905824072010465,72711731.0,ok
NFLX,2015-01-31,777.5000370628346,0.0537723221467985,76474863.0,ok
NFLX,2015-02-28,853.5017526416794,0.09775139801402055,49210112.0,ok
NFLX,2015-03-31,879.2584717846504,0.030177699182516227,113824338.0,ok
NFLX,2015-04-30,874.3145451366133,-0.005622836522692021,82163175.0,ok
NFLX,2015-05-31,996.7585879187897,0.14004575751744386,66672735.0,ok
NFLX,2015-06-30,1042.203169577144,0.04559236530205557,65567088.0,ok
NFLX,2015-07-31,998.6268941217568,-0.04181168962772164,98344416.0,ok
NFLX,2015-08-31,838.5770775189342,-0.16026988412281695,98303684.0,ok
NFLX,2015-09-30,735.6544308664652,-0.122734867684414,49143054.0,ok
NFLX,2015-10-31,647.7361041607063,-0.11951036113818725,53944919.0,ok
NFLX,2015-11-30,585.5045498079846,-0.09607547572688913,97412086.0,ok
NFLX,2015-12-31,659.9417003287299,0.12713334259342113,93916240.0,ok
NFLX,2016-01-31,637.8800131118544,-0.03342975175820251,86011117.0,ok
NFLX,2016-02-29,647.6739773629607,0.01535392871666752,76941762.0,ok
NFLX,2016-03-31,676.3108519557674,0.044214953192041495,80146399.0,ok
NFLX,2016-04-30,742.9783078527872,0.09857516806691735,46924434.0,ok
NFLX,2016-05-31,779.8781090440174,0.049664708647915834,65113331.0,ok
NFLX,2016-06-30,750.9876419560043,-0.03704484938476771,59656222.0,ok
NFLX,2016-07-31,802.4826748489228,0.06856974737799382,33623598.0,ok
NFLX,2016-08-31,902.0689274335095,0.12409769793888081,68695684.0,ok
NFLX,2016-09-30,1033.4730100982035,0.1456696696543509,113700937.0,ok
NFLX,2016-10-31,1010.9285753738225,-0.021814246239714397,46097960.0,ok
NFLX,2016-11-30,1056.1383535180537,0.04472104087819795,78538508.0,ok
NFLX,2016-12-31,930.6098497771296,-0.11885611702555998,87850112.0,ok
NFLX,2017-01-31,832.6790010884943,-0.10523298105225154,41870248.0,ok
NFLX,2017-02-28,832.6662642754825,-1.52961861594747e-05,65964872.0,ok
NFLX,2017-03-31,884.2958160778361,0.06200509618013328,100038623.0,ok
NFLX,2017-04-30,990.5384783520141,0.1201438029475268,89084503.0,ok
NFLX,2017-05-31,1108.0036140743366,0.11858715061503977,70814650.0,ok
NFLX,2017-06-30,1040.1520814614312,-0.06123764557355793,54763737.0,ok
NFLX,2017-07-31,1213.1125723363996,0.16628384825414755,81468908.0,ok
NFLX,2017-08-31,1318.6747410919477,0.08701761993302903,69482136.0,ok
NFLX,2017-09-30,1157.8508138098452,-0.12195875318649829,58667683.0,ok
NFLX,2017-10-31,1114.3970673231463,-0.03752965923452323,85927181.0,ok
NFLX,2017-11-30,1100.4523108134351,-0.012513274593594748,82778812.0,ok
NFLX,2017-12-31,1207.282809962743,0.09707871763233489,62230018.0,ok
NFLX,2018-01-31,1210.7778597822846,0.0028949719077417946,70730664.0,ok
NFLX,2018-02-28,969.8338226956076,-0.19899937477383522,57021253.0,ok
NFLX,2018-03-31,1059.7404596601086,0.0927031362080255,56029762.0,ok
NFLX,2018-04-30,1131.7995173171198,0.06799689206933057,96128546.0,ok
NFLX,2018-05-31,1197.6155113713996,0.05815163644025367,107544922.0,ok
NFLX,2018-06-30,980.6187493711817,-0.18119067425215052,34604631.0,ok
NFLX,2018-07-31,904.0952903305872,-0.07803589222586749,26034672.0,ok
NFLX,2018-08-31,837.3868508591472,-0.07378474391460188,91065675.0,ok
NFLX,2018-09-30,917.2470944728617,0.09536839936258734,75097978.0,ok
NFLX,2018-10-31,1163.9497885619796,0.26895990794159674,35616160.0,ok
NFLX,2018-11-30,1095.632250089148,-0.05869457526792077,61840095.0,ok
NFLX,2018-12-31,1006.9177324999728,-0.08097107180074059,60458059.0,ok
NFLX,2019-01-31,1092.7066525826137,0.08519953250763046,56506028.0,ok
NFLX,2019-02-28,826.6056675454113,-0.2435246316184425,45538759.0,ok
NFLX,2019-03-31,715.0668015242964,-0.13493600443404574,71642185.0,ok
NFLX,2019-04-30,728.0444112353715,0.018148807472827766,79923664.0,ok
NFLX,2019-05-31,874.6200174993718,0.2013278366017337,70834195.0,ok
NFLX,2019-06-30,781.7456315430246,-0.10618826930337655,50817526.0,ok
NFLX,2019-07-31,905.1399195193147,0.1578445507047248,75191333.0,ok
NFLX,2019-08-31,957.79482874681,0.05817322614105702,41600381.0,ok
NFLX,2019-09-30,991.1533852488493,0.03482849927858345,79971694.0,ok
NFLX,2019-10-31,1065.419351401635,0.07492883266916306,53971349.0,ok
NFLX,2019-11-30,1073.5192189478616,0.007602515887824568,84204271.0,ok
NFLX,2019-12-31,1063.7337535854424,-0.009115314555811826,72475456.0,ok
NFLX,2020-01-31,1346.864152008519,0.26616660181060503,80439589.0,ok
NFLX,2020-02-29,1354.3289709543315,0.005542369610684439,74672659.0,ok
NFLX,2020-03-31,1218.5295262672812,-0.10027064885967762,49116506.0,ok
NFLX,2020-04-30,1300.2057231317842,0.06702849221446572,28127787.0,ok
NFLX,2020-05-31,1214.376118762646,-0.0660123262358836,48152425.0,ok
NFLX,2020-06-30,1179.0072472438083,-0.02912513756847912,68686360.0,ok
NFLX,2020-07-31,1109.9264768935848,-0.05859232037098594,91730179.0,ok
NFLX,2020-08-31,1138.862586546203,0.026070294073534672,45145262.0,ok
NFLX,2020-09-30,1125.3383899041498,-0.011875178622793747,88086363.0,ok
NFLX,2020-10-31,1259.9886374867178,0.11965311837805226,79891431.0,ok
NFLX,2020-11-30,1223.023797389508,-0.029337439241470586,57920827.0,ok
NFLX,2020-12-31,1110.9553583667607,-0.09163226362557508,29234872.0,ok
NFLX,2021-01-31,1089.8217233830007,-0.01902293807271338,49754852.0,ok
NFLX,2021-02-28,1133.3048758911516,0.039899326261520374,67156268.0,ok
NFLX,2021-03-31,1132.2720507835006,-0.000911339154734403,39307606.0,ok
NFLX,2021-04-30,1132.4191897800742,0.00012995021511996718,96715333.0,ok
NFLX,2021-05-31,1193.206676747796,0.053679315501115266,59061768.0,ok
NFLX,2021-06-30,1257.2610527917784,0.053682549127674006,44333095.0,ok
NFLX,2021-07-31,992.8757267972152,-0.21028673830903233,61490767.0,ok
NFLX,2021-08-31,795.0593411371344,-0.1992357959018599,89491469.0,ok
NFLX,2021-09-30,858.5989215596516,0.07991803521437735,93316304.0,ok
NFLX,2021-10-31,890.1890146613263,0.036792607477646344,61497117.0,ok
NFLX,2021-11-30,769.4061723439054,-0.13568224312830113,55199263.0,ok
NFLX,2021-12-31,789.0757228231241,0.02556458628255842,67736742.0,ok
NFLX,2022-01-31,987.5741656124962,0.25155816742047543,85365440.0,ok
NFLX,2022-02-28,1129.4371639141755,0.14364794386221647,74950725.0,ok
NFLX,2022-03-31,1178.467504082082,0.043411304085290814,76588176.0,ok
NFLX,2022-04-30,1154.8060952023818,-0.02007811738358478,83754268.0,ok
NFLX,2022-05-31,1135.867774710715,-0.016399567486131028,31826614.0,ok
NFLX,2022-06-30,1040.180269440744,-0.08424176422677432,113642135.0,ok
NFLX,2022-07-31,1042.5100669479152,0.0022398016724771708,120229357.0,ok
NFLX,2022-08-31,1000.5913579818425,-0.040209404489296885,93132273.0,ok
NFLX,2022-09-30,1001.5250087108361,0.0009330989334914719,49592319.0,ok
NFLX,2022-10-31,1230.0294613129809,0.22815651193401143,88486791.0,ok
NFLX,2022-11-30,1451.6324318870231,0.18016070146604024,75975238.0,ok
NFLX,2022-12-31,1635.406253179397,0.12659804042369083,44684009.0,ok
NFLX,2023-01-31,1526.434600434345,-0.06663277245834176,85546135.0,ok
NFLX,2023-02-28,1616.9557615624694,0.0593023514419595,52310271.0,ok
NFLX,2023-03-31,1881.3146726293696,0.163491740065572,48350034.0,ok
NFLX,2023-04-30,2124.504978584383,0.1292661506834074,37236114.0,ok
NFLX,2023-05-31,1618.148698982329,-0.23834082984331406,58014959.0,ok
NFLX,2023-06-30,1686.2701065171477,0.0420983606621943,42859552.0,ok
NFLX,2023-07-31,1655.3582724695616,-0.018331484338195314,78606345.0,ok
NFLX,2023-08-31,1476.533663040498,-0.10802773780341979,52913761.0,ok
NFLX,2023-09-30,1524.8827478313967,0.03274499322374935,88328440.0,ok
NFLX,2023-10-31,1665.8616666984565,0.09245230104908209,26416661.0,ok
NFLX,2023-11-30,1674.6801934334344,0.0052936728848891335,70199404.0,ok
NFLX,2023-12-31,1745.7187056945218,0.04241915115473116,45333090.0,ok
NFLX,2024-01-31,1889.1026175259947,0.08213460242120085,44159454.0,ok
NFLX,2024-02-29,1791.615340165338,-0.051605072406457175,93971654.0,ok
NFLX,2024-03-31,1636.9068412614768,-0.08635140335959846,60222359.0,ok
NFLX,2024-04-30,1776.5349188353498,0.08529995357968523,50295946.0,ok
NFLX,2024-05-31,1693.2415069594635,-0.04688532209121521,69009176.0,ok
NFLX,2024-06-30,1753.3630330331846,0.03550676369945638,109645726.0,ok
NFLX,2024-07-31,1818.7806109233568,0.03730977365081367,49364548.0,ok
NFLX,2024-08-31,2221.3293388154884,0.22132890876143985,102559275.0,ok
NFLX,2024-09-30,2503.0262480616852,0.1268145629393298,56854291.0,ok
NFLX,2024-10-31,2365.400192776894,-0.054983864188946185,43224559.0,ok
NFLX,2024-11-30,2495.813623884685,0.0551337703894792,136357433.0,ok
NFLX,2024-12-31,2432.8305879661193,-0.025235472439057327,50704035.0,ok
NFLX,2025-01-31,2724.988523463305,0.1200897164571717,49937151.0,ok
NFLX,2025-02-28,2760.9038644769375,0.013179997164900481,37392714.0,ok
NFLX,2025-03-31,3043.9969915113566,0.1025363942138029,63520848.0,ok
NFLX,2025-04-30,3081.583530195959,0.012347758157914779,69759807.0,ok
NFLX,2025-05-31,3030.2503411085972,-0.016658055374568326,86596236.0,ok
NFLX,2025-06-30,3302.7063065846883,0.08991203194664599,81623569.0,ok
NFLX,2025-07-31,4133.356127896605,0.2515058089348816,57566654.0,ok
NFLX,2025-08-31,4926.880363509453,0.19198061116903054,50306775.0,ok
NFLX,2025-09-30,5695.809006852829,0.156068056581683,63360374.0,ok
NFLX,2025-10-31,5980.494532773283,0.04998157866212494,43133206.0,ok
NFLX,2025-11-30,5986.911485558187,0.0010729802944788869,52574473.0,ok
NFLX,2025-12-31,5380.101722485045,-0.10135606055591562,49322532.0,ok
NFLX,2026-01-31,4658.421045709824,-0.1341388535014315,44493835.0,ok
NFLX,2026-02-28,4919.301757995347,0.05600196069133356,66778975.0,ok
NFLX,2026-03-31,5397.622513546388,0.09723346504890173,49737372.0,ok
NFLX,2026-04-30,5896.24981175187,0.09237906077241953,40794307.0,ok
NFLX,2026-05-31,5776.6304000291875,-0.02028737172639261,64390652.0,ok
AMZN,2009-10-31,273.26,,50081762.0,ok
AMZN,2009-11-30,310.52907378553056,0.13638686154406265,67275240.0,ok
AMZN,2009-12-31,322.17028948659544,0.03748832777282862,55096424.0,ok
AMZN,2010-01-31,330.02713460996546,0.024387242957414124,93199493.0,ok
AMZN,2010-02-28,290.91886291477465,-0.1185001704220775,39291791.0,ok
AMZN,2010-03-31,263.50639948550827,-0.09422717782757495,85268457.0,ok
AMZN,2010-04-30,259.9400234661451,-0.013534305149045633,35942769.0,ok
AMZN,2010-05-31,235.39875638896814,-0.09441126745290618,54901194.0,ok
AMZN,2010-06-30,260.8975708400397,0.10832178913017643,79996815.0,ok
AMZN,2010-07-31,285.2923068625009,0.09350311673625344,54975927.0,ok
AMZN,2010-08-31,278.11585850195144,-0.025154720922804907,49062238.0,ok
AMZN,2010-09-30,250.7413274667456,-0.0984285153052995,48089816.0,ok
AMZN,2010-10-31,254.91136873293848,0.01663084944282245,38914877.0,ok
AMZN,2010-11-30,272.48086150855204,0.068923927806533,57729600.0,ok
AMZN,2010-12-31,291.31096890979757,0.06910616509723022,69869695.0,ok
AMZN,2011-01-31,276.3677417146594,-0.051296479672776174,66701088.0,ok
AMZN,2011-02-28,292.8209029648225,0.05953358068522485,77589645.0,ok
AMZN,2011-03-31,284.1638737785017,-0.029564245921886334,59517854.0,ok
AMZN,2011-04-30,302.5549078859148,0.06471981769839075,60919136.0,ok
AMZN,2011-05-31,292.23257198722166,-0.034117231714467566,50490358.0,ok
AMZN,2011-06-30,281.5477022894755,-0.036562897917530424,58904080.0,ok
AMZN,2011-07-31,264.63668916018474,-0.060064468620324885,33124742.0,ok
AMZN,2011-08-31,259.76312037958445,-0.018416073735151417,36223911.0,ok
AMZN,2011-09-30,260.1699900350165,0.0015663103170207027,61544275.0,ok
AMZN,2011-10-31,278.0371816292935,0.06867506737372842,71406934.0,ok
AMZN,2011-11-30,268.0888809933103,-0.03578046856066641,63987200.0,ok
AMZN,2011-12-31,253.05845062420747,-0.05606510166856893,29208630.0,ok
AMZN,2012-01-31,230.85487357891688,-0.08774090329930517,49693694.0,ok
AMZN,2012-02-29,212.67553581059977,-0.07874790549787791,56749602.0,ok
AMZN,2012-03-31,212.19886131534716,-0.002241322648774746,113617299.0,ok
AMZN,2012-04-30,232.23738789124405,0.0944327714658082,34667530.0,ok
AMZN,2012-05-31,217.756025179935,-0.062355862864297396,63183048.0,ok
AMZN,2012-06-30,210.76146406813197,-0.0321210910514339,35774669.0,ok
AMZN,2012-07-31,205.92467362825036,-0.02294912146898942,57918479.0,ok
AMZN,2012-08-31,207.06375365575175,0.0055315373696196435,44097597.0,ok
AMZN,2012-09-30,199.00946150189955,-0.03889764389784345,69577771.0,ok
AMZN,2012-10-31,207.46131153715783,0.0424695889907607,66066767.0,ok
AMZN,2012-11-30,213.45994913133796,0.028914487957942603,93393095.0,ok
AMZN,2012-12-31,215.34525182137946,0.00883211439763576,57218589.0,ok
AMZN,2013-01-31,249.3352859129412,0.1578397192604699,61164262.0,ok
AMZN,2013-02-28,245.29712757639484,-0.016195695373643737,63606113.0,ok
AMZN,2013-03-31,222.60333004358284,-0.09251554535934914,69071536.0,ok
AMZN,2013-04-30,223.63195071360613,0.004620868294386682,81954722.0,ok
AMZN,2013-05-31,215.5038373518668,-0.036345939548453,39343911.0,ok
AMZN,2013-06-30,228.75074882629121,0.06146949231718479,42985648.0,ok
AMZN,2013-07-31,291.4995670209647,0.2743108755561876,64357013.0,ok
AMZN,2013-08-31,340.1444950243642,0.16687821700915562,83386260.0,ok
AMZN,2013-09-30,324.58959332944784,-0.04573027616925607,66150169.0,ok
AMZN,2013-10-31,374.1018896264494,0.15253815068170784,66745030.0,ok
AMZN,2013-11-30,433.54829970204446,0.15890432987375136,69454098.0,ok
AMZN,2013-12-31,401.8797881501781,-0.07304494464314704,44472940.0,ok
AMZN,2014-01-31,367.92876098885563,-0.08448055404228327,61507557.0,ok
AMZN,2014-02-28,347.4349937771632,-0.05570036752933594,55078361.0,ok
AMZN,2014-03-31,339.72924233974993,-0.022178973262421464,52097604.0,ok
AMZN,2014-04-30,352.1079765579642,0.036437058326097116,47062902.0,ok
AMZN,2014-05-31,318.73261359705856,-0.09478729589476187,47935276.0,ok
AMZN,2014-06-30,345.33572211557293,0.08346528526931984,71532063.0,ok
AMZN,2014-07-31,416.26122493663115,0.20538130948793554,79374227.0,ok
AMZN,2014-08-31,445.8482458950612,0.0710780134828417,83061313.0,ok
AMZN,2014-09-30,473.41058877013006,0.06182000967557055,54782252.0,ok
AMZN,2014-10-31,452.771970794425,-0.043595598546542824,50137465.0,ok
AMZN,2014-11-30,453.2175131104532,0.0009840324595324912,67103952.0,ok
AMZN,2014-12-31,488.9478969621989,0.07883716497742199,89269117.0,ok
AMZN,2015-01-31,467.4580771061805,-0.04395114487562635,30548763.0,ok
AMZN,2015-02-28,496.56359359589334,0.06226337272829219,59102558.0,ok
AMZN,2015-03-31,511.2516263125993,0.029579358829634916,74316145.0,ok
AMZN,2015-04-30,533.5966178977116,0.04370644597509732,43936255.0,ok
AMZN,2015-05-31,572.2863662624952,0.07250748424383824,65195428.0,ok
AMZN,2015-06-30,541.4356685593307,-0.05390779777726529,70184881.0,ok
AMZN,2015-07-31,528.5623196670668,-0.02377632217418857,67447267.0,ok
AMZN,2015-08-31,510.68761339975146,-0.033817594637798654,45274942.0,ok
AMZN,2015-09-30,517.4532360673982,0.013248064942493087,61525081.0,ok
AMZN,2015-10-31,617.8919599323034,0.19410203060711573,38249944.0,ok
AMZN,2015-11-30,549.7580897838226,-0.110268258153004,47186729.0,ok
AMZN,2015-12-31,571.6572005788131,0.03983408557680668,95631657.0,ok
AMZN,2016-01-31,602.1467309968332,0.053335338708493385,43892841.0,ok
AMZN,2016-02-29,626.3709428663416,0.0402297490337713,44866052.0,ok
AMZN,2016-03-31,617.9160519423467,-0.013498217023453218,71869070.0,ok
AMZN,2016-04-30,613.1221575434836,-0.0077581645335059735,52414405.0,ok
AMZN,2016-05-31,679.9518728650656,0.10899902164576791,44726812.0,ok
AMZN,2016-06-30,674.067739811518,-0.008653749314277315,89030029.0,ok
AMZN,2016-07-31,616.9720038042798,-0.08470326146034413,53210969.0,ok
AMZN,2016-08-31,564.9409830452004,-0.0843328715699474,32833798.0,ok
AMZN,2016-09-30,514.1654365273836,-0.08987761207218758,18580287.0,ok
AMZN,2016-10-31,549.1613718792439,0.06806357033296329,36500400.0,ok
AMZN,2016-11-30,565.587608811216,0.029911493730451433,56494820.0,ok
AMZN,2016-12-31,541.8627980393088,-0.041947189793944295,43617779.0,ok
AMZN,2017-01-31,628.3790020022768,0.15966441002412535,18612010.0,ok
AMZN,2017-02-28,643.5002100163945,0.024063834033179354,50126565.0,ok
AMZN,2017-03-31,685.6763762152377,0.06554180642422591,62879867.0,ok
AMZN,2017-04-30,645.9114119286131,-0.05799377908586745,38835907.0,ok
AMZN,2017-05-31,771.3791433632622,0.1942491324932898,81388568.0,ok
AMZN,2017-06-30,804.2379786575558,0.0425975158610421,44603450.0,ok
AMZN,2017-07-31,747.4368962182988,-0.07062720730258243,77071174.0,ok
AMZN,2017-08-31,631.1258385380843,-0.15561321399665606,78979386.0,ok
AMZN,2017-09-30,605.644227021757,-0.040374850719710476,63269374.0,ok
AMZN,2017-10-31,592.98470154988,-0.02090257763064962,31336680.0,ok
AMZN,2017-11-30,545.3956439922971,-0.08025343222717163,56386030.0,ok
AMZN,2017-12-31,611.5963790620182,0.12138112175801696,47755322.0,ok
AMZN,2018-01-31,562.9246990281132,-0.07958137376246543,35197631.0,ok
AMZN,2018-02-28,613.9324877321397,0.0906120992596191,56698152.0,ok
AMZN,2018-03-31,653.6882268869808,0.06475588106063324,40832656.0,ok
AMZN,2018-04-30,651.868567841213,-0.0027836803095467877,54411012.0,ok
AMZN,2018-05-31,710.7225602167948,0.09028505941080733,65288392.0,ok
AMZN,2018-06-30,609.4174940977748,-0.14253813202175325,62240554.0,ok
AMZN,2018-07-31,627.4038841034147,0.029514069057482883,51465795.0,ok
AMZN,2018-08-31,620.6381672914879,-0.010783670588197403,86121961.0,ok
AMZN,2018-09-30,673.1103960074199,0.08454560399487643,64717259.0,ok
AMZN,2018-10-31,686.0987850151615,0.01929607548001444,79533832.0,ok
AMZN,2018-11-30,642.6493099473532,-0.0633283078425042,57324047.0,ok
AMZN,2018-12-31,677.0270042870914,0.053493707699700854,57669519.0,ok
AMZN,2019-01-31,662.4472401730158,-0.021534981650293328,59613443.0,ok
AMZN,2019-02-28,703.8386522038005,0.06248257902014087,38876511.0,ok
AMZN,2019-03-31,755.061854558211,0.07277691015408827,69376543.0,ok
AMZN,2019-04-30,822.1241362044796,0.08881693763421117,64365618.0,ok
AMZN,2019-05-31,803.808592869643,-0.022278318478027415,50006904.0,ok
AMZN,2019-06-30,856.5917890916174,0.06566637466954095,58994616.0,ok
AMZN,2019-07-31,1062.3058165197122,0.24015409679124589,49222578.0,ok
AMZN,2019-08-31,1225.9728473430619,0.15406771597989533,37595735.0,ok
AMZN,2019-09-30,1118.1737781388806,-0.08792941004998944,71354277.0,ok
AMZN,2019-10-31,1256.3766726515125,0.12359697322062102,82572771.0,ok
AMZN,2019-11-30,1254.4423481837673,-0.0015396055258356522,36730432.0,ok
AMZN,2019-12-31,1183.8255753247774,-0.0562933585279799,43361748.0,ok
AMZN,2020-01-31,1174.9530369290476,-0.007494802089653918,68283423.0,ok
AMZN,2020-02-29,1105.8441022766774,-0.05881846548777714,31649063.0,ok
AMZN,2020-03-31,930.3580099081205,-0.15868972127922154,34943600.0,ok
AMZN,2020-04-30,1023.2119603870301,0.09980453705996428,27561021.0,ok
AMZN,2020-05-31,1006.0135569855897,-0.016808250946299563,32177458.0,ok
AMZN,2020-06-30,940.5058421707015,-0.06511613522503112,90495883.0,ok
AMZN,2020-07-31,898.0398097436613,-0.045152332418295194,43995179.0,ok
AMZN,2020-08-31,816.3310063500943,-0.09098572525074378,61751309.0,ok
AMZN,2020-09-30,790.1232085974929,-0.03210437622574125,62123057.0,ok
AMZN,2020-10-31,802.9626735200076,0.016249952896973285,40513171.0,ok
AMZN,2020-11-30,762.3775396409796,-0.05054423476637071,62694019.0,ok
AMZN,2020-12-31,796.5461148274784,0.04481844415640768,88669195.0,ok
AMZN,2021-01-31,805.5172445858612,0.011262536583115379,38266205.0,ok
AMZN,2021-02-28,892.2159003651254,0.10763103628382087,46918414.0,ok
AMZN,2021-03-31,917.4113056469329,0.028239135024938022,58431342.0,ok
AMZN,2021-04-30,1138.3584273144963,0.2408375832165679,23908218.0,ok
AMZN,2021-05-31,1283.9895138002812,0.12793078435703542,62329379.0,ok
AMZN,2021-06-30,1265.0767779735352,-0.014729665330964536,59749485.0,ok
AMZN,2021-07-31,1097.4831005502574,-0.13247707992216717,59679208.0,ok
AMZN,2021-08-31,1120.2487771903982,0.02074353275118912,38783373.0,ok
AMZN,2021-09-30,966.8519698336502,-0.13693101968070842,75307413.0,ok
AMZN,2021-10-31,884.315182767043,-0.08536651901408221,26345658.0,ok
AMZN,2021-11-30,868.7844755786374,-0.017562411559880364,40248990.0,ok
AMZN,2021-12-31,973.5690724007262,0.12061057692392474,53896207.0,ok
AMZN,2022-01-31,1018.3463415225311,0.0459929042439573,50876780.0,ok
AMZN,2022-02-28,1138.7384799472227,0.11822317566800811,72300662.0,ok
AMZN,2022-03-31,1126.9125568810725,-0.010385108850188507,83845824.0,ok
AMZN,2022-04-30,1078.3111211746802,-0.04312795647685852,66824440.0,ok
AMZN,2022-05-31,1044.226230356875,-0.03160951431222758,36384125.0,ok
AMZN,2022-06-30,922.2120411057953,-0.11684650864341928,26054210.0,ok
AMZN,2022-07-31,881.9364435451811,-0.04367281684190649,49707668.0,ok
AMZN,2022-08-31,863.9982382031434,-0.02033956695329453,56377421.0,ok
AMZN,2022-09-30,1011.5189072885189,0.17074186330770091,46608395.0,ok
AMZN,2022-10-31,1037.274316672917,0.025462113657804153,56510884.0,ok
AMZN,2022-11-30,1182.4317074053372,0.1399411789139986,59771545.0,ok
AMZN,2022-12-31,1196.4928254191534,0.01189169566897963,51061654.0,ok
AMZN,2023-01-31,1161.442917801184,-0.029293871950875072,43127582.0,ok
AMZN,2023-02-28,1326.1094032414962,0.14177751047124643,54839220.0,ok
AMZN,2023-03-31,1343.3614374061344,0.013009510469097041,63725405.0,ok
AMZN,2023-04-30,1508.7531833998107,0.12311783068079385,79946128.0,ok
AMZN,2023-05-31,1496.7693285770924,-0.007942886188789355,73887396.0,ok
AMZN,2023-06-30,1614.0624397459276,0.07836418673834,62494583.0,ok
AMZN,2023-07-31,1780.7213806536631,0.10325433316815769,56308323.0,ok
AMZN,2023-08-31,1639.9940268871223,-0.07902828331003864,30822408.0,ok
AMZN,2023-09-30,1894.8389641113083,0.15539382037135097,50301729.0,ok
AMZN,2023-10-31,1855.5850787408958,-0.020716211833242903,63425387.0,ok
AMZN,2023-11-30,2172.134047585688,0.17059253842436917,35407871.0,ok
AMZN,2023-12-31,2122.759942704239,-0.02273068963507474,60648517.0,ok
AMZN,2024-01-31,2407.0098520032793,0.13390581929717715,57241441.0,ok
AMZN,2024-02-29,2573.55014169381,0.06918970005541292,57016507.0,ok
AMZN,2024-03-31,2717.1615042762432,0.05580282282276183,51351628.0,ok
AMZN,2024-04-30,2704.2414752167624,-0.004754972804946411,44686857.0,ok
AMZN,2024-05-31,3076.982301972625,0.13783562975861274,36282198.0,ok
AMZN,2024-06-30,3224.1997629288744,0.04784475388820719,84716375.0,ok
AMZN,2024-07-31,3283.5913999533223,0.018420582281321263,63141529.0,ok
AMZN,2024-08-31,3194.3918119703026,-0.027165252042104737,55964919.0,ok
AMZN,2024-09-30,3068.872136682606,-0.03929376315620958,52614268.0,ok
AMZN,2024-10-31,3138.862502212436,0.02280654338550847,74957000.0,ok
AMZN,2024-11-30,3153.560474160719,0.004682579099251072,75907665.0,ok
AMZN,2024-12-31,3252.966795865824,0.03152193291348282,55925136.0,ok
AMZN,2025-01-31,3282.1981852758145,0.008986070637776011,38171244.0,ok
AMZN,2025-02-28,3107.0361326909783,-0.05336729919924588,59852319.0,ok
AMZN,2025-03-31,3625.471351288164,0.1668584453017523,60053875.0,ok
AMZN,2025-04-30,3770.685465781783,0.040053857946504845,43940369.0,ok
AMZN,2025-05-31,4157.068251867295,0.10247017142953396,40848906.0,ok
AMZN,2025-06-30,3296.1117507518843,-0.20710665520795368,69472691.0,ok
AMZN,2025-07-31,3440.895701736666,0.043925680296414304,60145647.0,ok
AMZN,2025-08-31,3638.3245746501334,0.057377174441475276,55320229.0,ok
AMZN,2025-09-30,4492.383960543991,0.23473974582819745,46023421.0,ok
AMZN,2025-10-31,4193.473827114686,-0.06653708499865385,69545382.0,ok
AMZN,2025-11-30,5042.098021098338,0.20236782890989136,63543178.0,ok
AMZN,2025-12-31,5480.3392539679135,0.08691644451095226,72814407.0,ok
AMZN,2026-01-31,5526.931945391059,0.008501789627241019,74776812.0,ok
AMZN,2026-02-28,5417.5047750842305,-0.019798899531969227,38673558.0,ok
AMZN,2026-03-31,5257.133952706171,-0.029602340752079237,88941784.0,ok
AMZN,2026-04-30,5291.929161457643,0.006618665049149319,29084178.0,ok
AMZN,2026-05-31,5212.623488128335,-0.014986155503915244,56207723.0,ok
TSLA,2009-10-31,107.86,,45136861.0,ok
TSLA,2009-11-30,104.44561089910854,-0.03165574912749358,41780742.0,ok
TSLA,2009-12-31,103.61716039039317,-0.007931884371049747,32201648.0,ok
TSLA,2010-01-31,124.38103333499569,0.2003902912063169,35618849.0,ok
TSLA,2010-02-28,106.47557532032594,-0.14395649830665858,23094948.0,ok
TSLA,2010-03-31,93.42467315929355,-0.12257179284328323,28648961.0,ok
TSLA,2010-04-30,98.54343478744163,0.05479025459816533,40884451.0,ok
TSLA,2010-05-31,91.31382043252113,-0.07336474896084955,24461959.0,ok
TSLA,2010-06-30,89.94003858554072,-0.015044621290329241,46525218.0,ok
TSLA,2010-07-31,89.45007079034237,-0.00544771608845096,30991520.0,ok
TSLA,2010-08-31,92.72568731276243,0.03661949614436444,24465130.0,ok
TSLA,2010-09-30,93.40790109516566,0.007357333250085585,35245319.0,ok
TSLA,2010-10-31,81.33816868118926,-0.1292153262461121,23354789.0,ok
TSLA,2010-11-30,86.86304034084056,0.06792471172182912,25919016.0,ok
TSLA,2010-12-31,91.9301012157673,0.058333911120819426,28131991.0,ok
TSLA,2011-01-31,91.47704733211573,-0.004928243063588189,39767426.0,ok
TSLA,2011-02-28,84.86392722219831,-0.07229267125236216,29914268.0,ok
TSLA,2011-03-31,94.53771650055918,0.11399177006070071,8730841.0,ok
TSLA,2011-04-30,104.02610740105062,0.10036619511996903,35191836.0,ok
TSLA,2011-05-31,109.6045305200666,0.053625222152257956,28722504.0,ok
TSLA,2011-06-30,118.60747823897275,0.0821402881449127,21140694.0,ok
TSLA,2011-07-31,114.30174742237853,-0.03630235530274872,14243684.0,ok
TSLA,2011-08-31,116.39989906341948,0.01835625166155741,32848432.0,ok
TSLA,2011-09-30,93.9394038344184,-0.19295974833074103,27629953.0,ok
TSLA,2011-10-31,85.63967311407485,-0.08835196287782499,27324074.0,ok
TSLA,2011-11-30,76.1752520529993,-0.11051444636492991,18552692.0,ok
TSLA,2011-12-31,87.78788996489233,0.15244633393288254,30743513.0,ok
TSLA,2012-01-31,97.24317067701351,0.10770597990112862,39523652.0,ok
TSLA,2012-02-29,95.68368462889008,-0.016036972439978925,21444124.0,ok
TSLA,2012-03-31,87.05736894092406,-0.09015450984588691,48089921.0,ok
TSLA,2012-04-30,91.6379437829844,0.05261559013078654,30477037.0,ok
TSLA,2012-05-31,94.43015513974296,0.03047003502578627,22614434.0,ok
TSLA,2012-06-30,96.844310532486,0.025565513359270042,38397486.0,ok
TSLA,2012-07-31,105.37446905857149,0.08808115292662522,24230555.0,ok
TSLA,2012-08-31,101.71535880846268,-0.03472482739699434,43881741.0,ok
TSLA,2012-09-30,113.09669238991742,0.11189395303502403,18728588.0,ok
TSLA,2012-10-31,111.18446532965491,-0.01690789553482097,40097286.0,ok
TSLA,2012-11-30,103.47082572566772,-0.06937695460527449,40442826.0,ok
TSLA,2012-12-31,91.71761998861017,-0.11358956164338385,31059874.0,ok
TSLA,2013-01-31,98.24335592667204,0.07115029738966472,32967618.0,ok
TSLA,2013-02-28,89.12527189726353,-0.09281120278723132,32678808.0,ok
TSLA,2013-03-31,90.29401972704203,0.013113540131756807,20171426.0,ok
TSLA,2013-04-30,88.41547010286904,-0.020804806673263898,21539803.0,ok
TSLA,2013-05-31,91.50797116237676,0.034976922657422804,35184586.0,ok
TSLA,2013-06-30,95.5668589955045,0.04435556576733002,33311984.0,ok
TSLA,2013-07-31,86.22425630112221,-0.09775985935481857,32557030.0,ok
TSLA,2013-08-31,89.07803221986246,0.033097135784784015,30729634.0,ok
TSLA,2013-09-30,96.57351758720397,0.08414516105206649,29156752.0,ok
TSLA,2013-10-31,98.48247108175838,0.019766842321246703,21932168.0,ok
TSLA,2013-11-30,94.35413900681631,-0.041919460687727894,28291907.0,ok
TSLA,2013-12-31,97.93664443164657,0.03796871512516753,33918845.0,ok
TSLA,2014-01-31,94.67734219875406,-0.03327970089037802,17243657.0,ok
TSLA,2014-02-28,84.02718063042828,-0.11248902135389627,33079815.0,ok
TSLA,2014-03-31,89.10352192087542,0.060413086008134886,26268963.0,ok
TSLA,2014-04-30,88.75724123089017,-0.0038862738814381403,55736365.0,ok
TSLA,2014-05-31,86.07924790003416,-0.030172110959257648,34409770.0,ok
TSLA,2014-06-30,81.53242465722478,-0.05282136349622513,43586712.0,ok
TSLA,2014-07-31,87.31615081384545,0.07093774263351516,34450398.0,ok
TSLA,2014-08-31,82.19961005410168,-0.0585978734982493,35126744.0,ok
TSLA,2014-09-30,76.07707452268724,-0.07448375396653029,31375634.0,ok
TSLA,2014-10-31,73.93679314777988,-0.02813306621391043,39627848.0,ok
TSLA,2014-11-30,72.64418860807247,-0.01748256158640582,16693776.0,ok
TSLA,2014-12-31,71.2081202231087,-0.019768523986297137,40044577.0,ok
TSLA,2015-01-31,78.05720533066402,0.09618404595003804,31427259.0,ok
TSLA,2015-02-28,78.82548808303893,0.009842560326370098,38848411.0,ok
TSLA,2015-03-31,86.52734733409223,0.09770772675634753,38149802.0,ok
TSLA,2015-04-30,84.57358554019135,-0.022579702881184827,36450542.0,ok
TSLA,2015-05-31,76.56837973693904,-0.09465373558565815,39690858.0,ok
TSLA,2015-06-30,82.86662204871408,0.0822564397132799,42225694.0,ok
TSLA,2015-07-31,89.78540796156673,0.0834930366630049,22453857.0,ok
TSLA,2015-08-31,89.37941787922846,-0.004521782453915768,31435399.0,ok
TSLA,2015-09-30,86.06876799638695,-0.03704040551388388,49513118.0,ok
TSLA,2015-10-31,84.53626211747999,-0.017805597948971408,44616324.0,ok
TSLA,2015-11-30,94.61701473778685,0.11924767393071667,22161814.0,ok
TSLA,2015-12-31,99.18166001018504,0.04824338714393228,36839466.0,ok
TSLA,2016-01-31,116.58781709510819,0.1754977390289263,30156428.0,ok
TSLA,2016-02-29,129.16539566298246,0.10788072786038971,44258618.0,ok
TSLA,2016-03-31,131.72787728219507,0.019838762588539005,33767588.0,ok
TSLA,2016-04-30,122.38487631248914,-0.07092652794890797,25800734.0,ok
TSLA,2016-05-31,123.71125506652677,0.010837766838534435,30879377.0,ok
TSLA,2016-06-30,114.70913750677394,-0.0727671670205905,22444790.0,ok
TSLA,2016-07-31,109.93427932371023,-0.04162578750783252,27264050.0,ok
TSLA,2016-08-31,109.29532274859902,-0.005812168679705021,14230479.0,ok
TSLA,2016-09-30,111.31774136687325,0.01850416438154623,35980802.0,ok
TSLA,2016-10-31,123.65969101852976,0.11087136246306661,19251632.0,ok
TSLA,2016-11-30,140.48219509701826,0.13603870380015537,32885453.0,ok
TSLA,2016-12-31,156.23794462688193,0.11215477889552194,30842180.0,ok
TSLA,2017-01-31,154.28181348671183,-0.012520205285864505,29896756.0,ok
TSLA,2017-02-28,145.81959749807456,-0.05484908296962765,26187260.0,ok
TSLA,2017-03-31,135.05736116094388,-0.07380514362805579,17035058.0,ok
TSLA,2017-04-30,141.48782743480018,0.047612852928418326,31690630.0,ok
TSLA,2017-05-31,136.8423008917621,-0.032833400775616584,22592427.0,ok
TSLA,2017-06-30,137.03312197520302,0.0013944597700958905,21797879.0,ok
TSLA,2017-07-31,144.18701254646416,0.052205557810729,19324373.0,ok
TSLA,2017-08-31,159.08414156140245,0.10331810578388745,21845416.0,ok
TSLA,2017-09-30,158.27277101840238,-0.005100260371879384,42194958.0,ok
TSLA,2017-10-31,157.79860077632,-0.0029959053539743152,32202442.0,ok
TSLA,2017-11-30,160.5239725605447,0.017271203742091013,30767782.0,ok
TSLA,2017-12-31,173.59642814467313,0.08143615794954173,51077365.0,ok
TSLA,2018-01-31,195.9463315425746,0.1287463321496185,17708338.0,ok
TSLA,2018-02-28,189.4531284467403,-0.03313766093356785,23724096.0,ok
TSLA,2018-03-31,185.6632962297084,-0.020004062472356088,28885739.0,ok
TSLA,2018-04-30,190.44310456317544,0.025744497865390237,43695431.0,ok
TSLA,2018-05-31,227.94008010776167,0.19689332218456568,32861072.0,ok
TSLA,2018-06-30,239.32293508360593,0.0499379265395663,34281115.0,ok
TSLA,2018-07-31,242.75271057831097,0.014331160920731945,45605859.0,ok
TSLA,2018-08-31,228.64979308750432,-0.0580958188158196,49926450.0,ok
TSLA,2018-09-30,231.7468683640172,0.013545060481763072,29090691.0,ok
TSLA,2018-10-31,235.89376193898445,0.017894065211071286,30836962.0,ok
TSLA,2018-11-30,224.74957080103152,-0.047242415595692866,23528632.0,ok
TSLA,2018-12-31,204.11375182462152,-0.0918169449795243,34241253.0,ok
TSLA,2019-01-31,225.40299696864204,0.10430088592126152,20834014.0,ok
TSLA,2019-02-28,206.07464863356287,-0.08575018342710017,37078845.0,ok
TSLA,2019-03-31,214.6237721388854,0.041485566332442936,39018453.0,ok
TSLA,2019-04-30,211.27544043115168,-0.015600935881263878,43917316.0,ok
TSLA,2019-05-31,227.08024839719508,0.07480665018986765,19070437.0,ok
TSLA,2019-06-30,207.16270169362562,-0.08771148897428938,23948239.0,ok
TSLA,2019-07-31,231.1935548222312,0.11599990216455547,34330729.0,ok
TSLA,2019-08-31,211.99962934419628,-0.08302102319761229,37042443.0,ok
TSLA,2019-09-30,185.5415416613138,-0.12480251859273728,16642963.0,ok
TSLA,2019-10-31,190.91309760770827,0.028950691571808074,26857574.0,ok
TSLA,2019-11-30,182.75162461929386,-0.04274967558896747,31193820.0,ok
TSLA,2019-12-31,194.4400771939562,0.06395813224102165,25443796.0,ok
TSLA,2020-01-31,205.18287023180915,0.05524989082953757,43039499.0,ok
TSLA,2020-02-29,200.32399173171606,-0.02368072195599802,39940897.0,ok
TSLA,2020-03-31,182.92030486112367,-0.0868776960769646,36447270.0,ok
TSLA,2020-04-30,185.25971989449698,0.012789258333838038,37988660.0,ok
TSLA,2020-05-31,194.18616943228946,0.04818343427743477,12119265.0,ok
TSLA,2020-06-30,231.8428482888556,0.19392049890399954,20291359.0,ok
TSLA,2020-07-31,259.40163292571555,0.1188683836497908,14830689.0,ok
TSLA,2020-08-31,241.71850512243793,-0.0681689147590736,28841408.0,ok
TSLA,2020-09-30,256.6302520711566,0.061690547611013,14269524.0,ok
TSLA,2020-10-31,264.1669991487915,0.029368116256010213,59196008.0,ok
TSLA,2020-11-30,289.48680049726204,0.09584770781383334,39794376.0,ok
TSLA,2020-12-31,294.20215194761715,0.016288657867147505,33507963.0,ok
TSLA,2021-01-31,294.4405817113652,0.0008104283472083473,40103296.0,ok
TSLA,2021-02-28,278.79406202885235,-0.05313982057626443,27237255.0,ok
TSLA,2021-03-31,279.3199692895775,0.0018863646409754686,34847010.0,ok
TSLA,2021-04-30,317.9228979777831,0.13820325409024048,60091274.0,ok
TSLA,2021-05-31,358.5332519144468,0.12773648640904622,25371535.0,ok
TSLA,2021-06-30,342.96884647185595,-0.04341133035633982,29829235.0,ok
TSLA,2021-07-31,329.8483966321792,-0.03825551496775215,59357633.0,ok
TSLA,2021-08-31,305.89392685308184,-0.07262266551445284,41934042.0,ok
TSLA,2021-09-30,258.11017550821737,-0.15621019951734638,30327081.0,ok
TSLA,2021-10-31,238.76294556595798,-0.07495725383226293,26999042.0,ok
TSLA,2021-11-30,236.61267332886513,-0.009005887542540947,32499668.0,ok
TSLA,2021-12-31,242.914849877996,0.026634991526305773,56548742.0,ok
TSLA,2022-01-31,220.34216301128322,-0.09292427728502362,26610838.0,ok
TSLA,2022-02-28,214.76183560238348,-0.025325735813049866,31278611.0,ok
TSLA,2022-03-31,204.32572249376017,-0.048593890433796916,28890040.0,ok
TSLA,2022-04-30,177.02522692069448,-0.1336126222380024,41377922.0,ok
TSLA,2022-05-31,167.92741696892122,-0.05139273147690404,30177899.0,ok
TSLA,2022-06-30,142.8660640812543,-0.14923919714852207,44433920.0,ok
TSLA,2022-07-31,135.75911653254104,-0.04974552630407192,33616769.0,ok
TSLA,2022-08-31,139.06618163109547,0.024359801264335346,30775240.0,ok
TSLA,2022-09-30,126.51986019840172,-0.09021834989311572,31342464.0,ok
TSLA,2022-10-31,134.70211357868024,0.06467169160199471,29209118.0,ok
TSLA,2022-11-30,130.6588906482542,-0.030016031842472812,31067491.0,ok
TSLA,2022-12-31,131.4896004539892,0.006357851361002087,40198930.0,ok
TSLA,2023-01-31,121.13361414190571,-0.0787589761952866,49765367.0,ok
TSLA,2023-02-28,128.2540111071992,0.058781346661976874,48549289.0,ok
TSLA,2023-03-31,131.4350998352486,0.02480303501299863,40643465.0,ok
TSLA,2023-04-30,129.68553214302875,-0.013311266886949502,57586450.0,ok
TSLA,2023-05-31,118.75787334749998,-0.08426274400043932,42131216.0,ok
TSLA,2023-06-30,122.24663799902514,0.029377122991387727,31376507.0,ok
TSLA,2023-07-31,101.13994728981577,-0.17265661497682816,36884374.0,ok
TSLA,2023-08-31,109.21219398232826,0.07981264484330342,19646137.0,ok
TSLA,2023-09-30,113.17193369212224,0.036257303927386575,38666697.0,ok
TSLA,2023-10-31,104.98932607508276,-0.07230244593416413,28852022.0,ok
TSLA,2023-11-30,100.6699974435681,-0.04114064536832718,30339815.0,ok
TSLA,2023-12-31,97.98859920951146,-0.026635525003958938,52608603.0,ok
TSLA,2024-01-31,105.21457682683386,0.0737430443502145,38249510.0,ok
TSLA,2024-02-29,99.29341790258496,-0.056276982741603976,31058948.0,ok
TSLA,2024-03-31,109.51611349352119,0.10295441336268163,55421679.0,ok
TSLA,2024-04-30,114.4380793532079,0.04494284633263468,30215384.0,ok
TSLA,2024-05-31,116.40799922639941,0.017213849483714627,22448930.0,ok
TSLA,2024-06-30,134.73876720715765,0.15747000294290014,35756938.0,ok
TSLA,2024-07-31,139.47206603004344,0.03512945027624048,46294457.0,ok
TSLA,2024-08-31,141.56768046277915,0.015025334408427682,44668620.0,ok
TSLA,2024-09-30,139.02760973498408,-0.017942447877168588,31051626.0,ok
TSLA,2024-10-31,140.52449572430288,0.010766825324640017,15735889.0,ok
TSLA,2024-11-30,150.21833129138946,0.06898324393282329,42791722.0,ok
TSLA,2024-12-31,146.03319688247737,-0.027860344159953976,28333051.0,ok
TSLA,2025-01-31,142.9273815984626,-0.02126787162315036,35495463.0,ok
TSLA,2025-02-28,140.71746254940322,-0.015461831206478593,33450922.0,ok
TSLA,2025-03-31,174.33357388258898,0.23889082935519657,24974081.0,ok
TSLA,2025-04-30,171.3121879430943,-0.01733106178118926,27380823.0,ok
TSLA,2025-05-31,173.48548003155133,0.012686149856301787,34513552.0,ok
TSLA,2025-06-30,169.69663776798305,-0.021839535290672285,17807002.0,ok
TSLA,2025-07-31,183.12225192429256,0.07911538102873683,43302904.0,ok
TSLA,2025-08-31,192.14734475818497,0.04928452298426089,28276552.0,ok
TSLA,2025-09-30,206.1883686305023,0.07307425397935008,21370356.0,ok
TSLA,2025-10-31,213.42329653238036,0.03508892354080029,37032646.0,ok
TSLA,2025-11-30,228.52597730180193,0.07076397476191265,52471287.0,ok
TSLA,2025-12-31,262.94713779087857,0.15062252832472733,43125400.0,ok
TSLA,2026-01-31,251.02581399600365,-0.04533734002594825,31314500.0,ok
TSLA,2026-02-28,237.20634656920237,-0.05505197735170486,48164177.0,ok
TSLA,2026-03-31,227.36173203137628,-0.041502323526381835,41104280.0,ok
TSLA,2026-04-30,207.8778847943218,-0.08569536774273723,26188917.0,ok
TSLA,2026-05-31,223.88521670964894,0.07700353470098609,35853549.0,ok
MCD,2009-10-31,183.84,,15637818.0,ok
MCD,2009-11-30,196.1263646461645,0.06683183554267025,28308637.0,ok
MCD,2009-12-31,201.0690898525808,0.025201737743589803,20442383.0,ok
MCD,2010-01-31,217.2527109197995,0.08048786155586707,21751389.0,ok
MCD,2010-02-28,189.66818023279998,-0.12696978817991633,24017057.0,ok
MCD,2010-03-31,173.9395463526517,-0.08292710912733414,10442393.0,ok
MCD,2010-04-30,175.7004481743786,0.01012364271754973,22462057.0,ok
MCD,2010-05-31,184.45309319729213,0.04981572394298461,30074335.0,ok
MCD,2010-06-30,192.34636327407816,0.04279283117439148,31299701.0,ok
MCD,2010-07-31,179.88184243629098,-0.06480247728950417,4731616.0,ok
MCD,2010-08-31,179.33492181983894,-0.003040443710408125,17627274.0,ok
MCD,2010-09-30,198.91184486361976,0.10916403143972109,19276898.0,ok
MCD,2010-10-31,210.28032828145595,0.057153375786297644,18687878.0,ok
MCD,2010-11-30,215.77303296127423,0.026120867913361767,12176478.0,ok
MCD,2010-12-31,252.29011359631173,0.16923838968139915,26620349.0,ok
MCD,2011-01-31,232.3577735534357,-0.07900563267718719,25503946.0,ok
MCD,2011-02-28,245.49847253228535,0.056553730817306525,11061365.0,ok
MCD,2011-03-31,238.6105067236286,-0.028057061771538883,23328040.0,ok
MCD,2011-04-30,242.83990174734168,0.017725099710767633,7519356.0,ok
MCD,2011-05-31,245.48819343084082,0.010905504673834443,21614587.0,ok
MCD,2011-06-30,261.42259567426134,0.06490903705277207,10864232.0,ok
MCD,2011-07-31,260.36894734758704,-0.004030440918684652,24726821.0,ok
MCD,2011-08-31,261.3101826002207,0.003615005791674175,14125937.0,ok
MCD,2011-09-30,280.3618141488098,0.0729081100438258,9941854.0,ok
MCD,2011-10-31,300.66407435642634,0.07241449863368543,10821374.0,ok
MCD,2011-11-30,273.3926901196981,-0.09070383382219127,15129588.0,ok
MCD,2011-12-31,305.31328865721963,0.11675732267584005,15243513.0,ok
MCD,2012-01-31,331.4805252797301,0.08570618310652334,24228069.0,ok
MCD,2012-02-29,327.5139305599612,-0.011966297918773905,14397883.0,ok
MCD,2012-03-31,335.006384634802,0.02287674927912442,14999220.0,ok
MCD,2012-04-30,341.947724292425,0.020720021993580584,18961267.0,ok
MCD,2012-05-31,346.60443152984044,0.013618184613017448,11146154.0,ok
MCD,2012-06-30,390.24797235075204,0.12591743454715232,13758450.0,ok
MCD,2012-07-31,405.6150517249897,0.03937773022027602,31037196.0,ok
MCD,2012-08-31,433.8754271642388,0.06967289630664353,17290213.0,ok
MCD,2012-09-30,471.5049158619617,0.08672878513462967,18521163.0,ok
MCD,2012-10-31,525.953601427658,0.11547851089984551,28669101.0,ok
MCD,2012-11-30,533.0928387110633,0.013573891811039074,16867412.0,ok
MCD,2012-12-31,522.5793442840059,-0.019721695103759984,5446078.0,ok
MCD,2013-01-31,519.6784247691254,-0.00555115610023782,22078132.0,ok
MCD,2013-02-28,502.41907315523133,-0.033211599310788764,18610303.0,ok
MCD,2013-03-31,561.3053348264292,0.11720546614878202,27463889.0,ok
MCD,2013-04-30,483.3909726059753,-0.13880923160038572,22270286.0,ok
MCD,2013-05-31,519.7515674360935,0.07521984664731551,20595365.0,ok
MCD,2013-06-30,477.7330900255097,-0.0808433875781438,15746259.0,ok
MCD,2013-07-31,519.7961680797283,0.08804723585710295,10879989.0,ok
MCD,2013-08-31,580.2267749518113,0.11625827696139135,19400326.0,ok
MCD,2013-09-30,588.0160660728266,0.013424563390171285,14287754.0,ok
MCD,2013-10-31,618.9776775067933,0.05265436306995741,15084451.0,ok
MCD,2013-11-30,576.7424499526836,-0.06823384604793947,12879671.0,ok
MCD,2013-12-31,578.173976146245,0.002482089178070357,18349169.0,ok
MCD,2014-01-31,641.7896342616215,0.11002857399324628,13394234.0,ok
MCD,2014-02-28,680.9781371343464,0.06106128983808112,5683948.0,ok
MCD,2014-03-31,719.1633670310102,0.05607409080319781,21179308.0,ok
MCD,2014-04-30,700.1590067801638,-0.026425651141414375,13528924.0,ok
MCD,2014-05-31,697.0687253997124,-0.004413685106562815,19156672.0,ok
MCD,2014-06-30,685.5574720759605,-0.01651379972204481,29665086.0,ok
MCD,2014-07-31,769.4339827546883,0.12234789072422814,11993399.0,ok
MCD,2014-08-31,729.8507306322593,-0.05144463723933146,28475274.0,ok
MCD,2014-09-30,668.2380901351897,-0.08441813909495632,14899760.0,ok
MCD,2014-10-31,677.1928306072554,0.013400523861568647,23483749.0,ok
MCD,2014-11-30,721.9971083979423,0.06616177219494457,22016870.0,ok
MCD,2014-12-31,710.0686939987427,-0.01652141575146726,18368028.0,ok
MCD,2015-01-31,734.0867855654933,0.03382502533873599,15042368.0,ok
MCD,2015-02-28,812.755534110961,0.10716546066806854,21691590.0,ok
MCD,2015-03-31,917.2249563074506,0.12853732495437797,19893115.0,ok
MCD,2015-04-30,990.4104594024935,0.07979013500643495,20764890.0,ok
MCD,2015-05-31,989.5352402519969,-0.000883693363885385,13132386.0,ok
MCD,2015-06-30,1111.896292672153,0.12365507305125933,20569955.0,ok
MCD,2015-07-31,983.8411488323972,-0.11516824427214234,17315484.0,ok
MCD,2015-08-31,880.442798042593,-0.10509659096137136,11946532.0,ok
MCD,2015-09-30,853.5263642029616,-0.030571473694227747,20364797.0,ok
MCD,2015-10-31,952.8062785888923,0.11631733775281794,27897261.0,ok
MCD,2015-11-30,938.8229802209058,-0.014675909135166254,24589107.0,ok
MCD,2015-12-31,931.3035934307732,-0.00800937657955858,14672948.0,ok
MCD,2016-01-31,1040.35915574104,0.11709990499287515,15306287.0,ok
MCD,2016-02-29,1052.0062228031684,0.011195236758244631,20286401.0,ok
MCD,2016-03-31,1044.2383844605333,-0.007383833074615209,15030904.0,ok
MCD,2016-04-30,929.2142992991903,-0.11015117512728279,17417532.0,ok
MCD,2016-05-31,978.3015237114256,0.05282659172298221,24098799.0,ok
MCD,2016-06-30,1016.5897306762221,0.039137429551924674,28365554.0,ok
MCD,2016-07-31,920.9236869352412,-0.09410486930390793,27141313.0,ok
MCD,2016-08-31,955.0946377046441,0.03710508400877499,14510644.0,ok
MCD,2016-09-30,1055.4217461575624,0.10504415425683056,12948150.0,ok
MCD,2016-10-31,1058.990971796051,0.0033818003575187827,15239991.0,ok
MCD,2016-11-30,1181.7189009350006,0.11589138378658959,21901662.0,ok
MCD,2016-12-31,1081.2831319482214,-0.0849912520712941,30747186.0,ok
MCD,2017-01-31,1109.625396294457,0.026211695631623844,22286710.0,ok
MCD,2017-02-28,1007.6481378140788,-0.0919024193398299,24688184.0,ok
MCD,2017-03-31,997.6905557503198,-0.009882003141850948,17749293.0,ok
MCD,2017-04-30,1009.5984079162118,0.011935416344536431,21707249.0,ok
MCD,2017-05-31,987.889639626888,-0.021502379678005168,22406367.0,ok
MCD,2017-06-30,964.4959219312315,-0.023680497048731097,17037943.0,ok
MCD,2017-07-31,1010.653357311948,0.04785653762879005,13941490.0,ok
MCD,2017-08-31,980.5242315353025,-0.029811532865017476,19102045.0,ok
MCD,2017-09-30,986.1581359949248,0.00574580849552353,17637558.0,ok
MCD,2017-10-31,1013.8999527736008,0.028131205093884448,12170172.0,ok
MCD,2017-11-30,1045.2863912876578,0.03095614949798242,23542388.0,ok
MCD,2017-12-31,1168.7575624119943,0.1181218584241166,17845896.0,ok
MCD,2018-01-31,1143.3924356441269,-0.02170264183405224,19309143.0,ok
MCD,2018-02-28,1109.2982323638864,-0.029818461463787416,10606167.0,ok
MCD,2018-03-31,1332.0620489651258,0.20081508299759498,17984708.0,ok
MCD,2018-04-30,1378.7803684064013,0.03507217961623543,26923944.0,ok
MCD,2018-05-31,1394.2986523286706,0.011255080415893515,18678540.0,ok
MCD,2018-06-30,1387.8460519183661,-0.004627846695202442,23578064.0,ok
MCD,2018-07-31,1382.3507209128886,-0.003959611368913429,11698182.0,ok
MCD,2018-08-31,1242.7481174096804,-0.10098927963159465,21256884.0,ok
MCD,2018-09-30,1308.867076024041,0.05320382922983247,15714917.0,ok
MCD,2018-10-31,1308.6394077056787,-0.00017394304015483364,16767783.0,ok
MCD,2018-11-30,1175.2548970060252,-0.10192609966828425,25433667.0,ok
MCD,2018-12-31,1087.0236696291458,-0.07507412017737547,19031589.0,ok
MCD,2019-01-31,1101.8791688849815,0.013666215070462728,25120869.0,ok
MCD,2019-02-28,1068.0471093881379,-0.030703965055514315,22432399.0,ok
MCD,2019-03-31,1008.8325601184521,-0.05544188898522329,10943754.0,ok
MCD,2019-04-30,1008.3411801595204,-0.00048707781484969015,21543729.0,ok
MCD,2019-05-31,1061.2207017393448,0.05244209263719535,13742613.0,ok
MCD,2019-06-30,1024.0386314509267,-0.03503707591406435,20682785.0,ok
MCD,2019-07-31,902.243213013506,-0.11893635132187619,16830406.0,ok
MCD,2019-08-31,1040.7360658571429,0.15349835925179045,13469697.0,ok
MCD,2019-09-30,1148.0994753582315,0.10316103479383587,24558571.0,ok
MCD,2019-10-31,1096.931461155144,-0.04456757911776066,18655129.0,ok
MCD,2019-11-30,1123.133312724015,0.023886498379104504,25663240.0,ok
MCD,2019-12-31,1020.0337694106295,-0.09179635413300213,31510995.0,ok
MCD,2020-01-31,959.8262719436495,-0.05902500414448786,17800711.0,ok
MCD,2020-02-29,1099.5257017021383,0.14554657841944385,16030720.0,ok
MCD,2020-03-31,1165.2648852663287,0.05978867384584263,26768582.0,ok
MCD,2020-04-30,1292.7737252734937,0.10942476823887293,13458030.0,ok
MCD,2020-05-31,1247.25476789045,-0.035210305170314204,21856753.0,ok
MCD,2020-06-30,1296.0227630175584,0.039100267549662115,19383170.0,ok
MCD,2020-07-31,1187.5339034730869,-0.08370906950112089,14809830.0,ok
MCD,2020-08-31,1257.705987767094,0.059090594456950196,12378845.0,ok
MCD,2020-09-30,1268.9799553963753,0.008963913457466166,28356025.0,ok
MCD,2020-10-31,1442.6679735441126,0.13687215263655172,19687907.0,ok
MCD,2020-11-30,1386.7893168455766,-0.03873286003657672,23458727.0,ok
MCD,2020-12-31,1189.8975996459928,-0.1419766613485589,20248007.0,ok
MCD,2021-01-31,1035.1452061948823,-0.13005521945514553,15262316.0,ok
MCD,2021-02-28,1073.807432977986,0.03734956849698734,18739620.0,ok
MCD,2021-03-31,1248.8620528530696,0.16302235810531251,24336790.0,ok
MCD,2021-04-30,1285.244635207708,0.02913258695908083,21053471.0,ok
MCD,2021-05-31,1516.2454448720518,0.1797329499274758,12351806.0,ok
MCD,2021-06-30,1625.478622455848,0.07204188342541973,13840136.0,ok
MCD,2021-07-31,1500.1149822174077,-0.07712413962666276,17278491.0,ok
MCD,2021-08-31,1235.3886774913972,-0.17647067582426457,21082818.0,ok
MCD,2021-09-30,1235.3226209827935,-5.347022342616636e-05,19717471.0,ok
MCD,2021-10-31,1152.5075289917108,-0.0670392418825756,13293480.0,ok
MCD,2021-11-30,1255.805029534477,0.08962848219580621,20444257.0,ok
MCD,2021-12-31,1329.0013608495149,0.058286381718164915,19210510.0,ok
MCD,2022-01-31,1303.62752392884,-0.019092408531813376,21559955.0,ok
MCD,2022-02-28,1423.7310734017528,0.09213026517800715,17187593.0,ok
MCD,2022-03-31,1507.4548335902682,0.05880588107729667,25044325.0,ok
MCD,2022-04-30,1407.8881337248547,-0.06604954101893579,22354933.0,ok
MCD,2022-05-31,1411.8288939689492,0.0027990577871186417,15663853.0,ok
MCD,2022-06-30,1100.434075633967,-0.22056130149000241,12723061.0,ok
MCD,2022-07-31,1120.3484095098247,0.018096798633198352,11893238.0,ok
MCD,2022-08-31,1156.2332656147792,0.03203008617708014,28018444.0,ok
MCD,2022-09-30,1171.592300542022,0.01328368192129159,23844910.0,ok
MCD,2022-10-31,1227.7459250485958,0.04792932189857768,18991549.0,ok
MCD,2022-11-30,1282.6244719368892,0.04469861863815283,17169560.0,ok
MCD,2022-12-31,1384.3890949415058,0.07934093355551064,13973991.0,ok
MCD,2023-01-31,1334.9777989364277,-0.035691769160581255,13079650.0,ok
MCD,2023-02-28,1337.0251842173375,0.001533647437838237,6935452.0,ok
MCD,2023-03-31,1189.8117332772222,-0.11010521916704996,21305472.0,ok
MCD,2023-04-30,1366.7655750426045,0.1487242366302608,12398818.0,ok
MCD,2023-05-31,1337.3232645707667,-0.021541594995849955,23676091.0,ok
MCD,2023-06-30,1300.9484379542207,-0.02719972618454447,25998661.0,ok
MCD,2023-07-31,1323.8306311009992,0.017588854776413365,15802959.0,ok
MCD,2023-08-31,1476.417266494165,0.11526144795899085,15735739.0,ok
MCD,2023-09-30,1502.7681477358688,0.017847854966011933,12475009.0,ok
MCD,2023-10-31,1490.2235159765912,-0.008347682760096897,14364556.0,ok
MCD,2023-11-30,1535.886107463308,0.030641438010587718,12679446.0,ok
MCD,2023-12-31,1567.0303146132187,0.0202776800952702,23419849.0,ok
MCD,2024-01-31,1624.5839657161061,0.03672784793387551,19619085.0,ok
MCD,2024-02-29,1593.3395003989488,-0.019232287143364113,21680184.0,ok
MCD,2024-03-31,1568.0224535618559,-0.015889298439380917,22477458.0,ok
MCD,2024-04-30,1555.8148388312095,-0.007785357092888634,20929406.0,ok
MCD,2024-05-31,1596.5176600956977,0.026161738690618108,23759184.0,ok
MCD,2024-06-30,1749.356882776168,0.09573287317805734,6917602.0,ok
MCD,2024-07-31,1921.9443160489861,0.09865764668838062,22302418.0,ok
MCD,2024-08-31,2042.5303362910881,0.06274168259463164,22801190.0,ok
MCD,2024-09-30,2038.1367028968398,-0.0021510737520924472,7731848.0,ok
MCD,2024-10-31,2032.903320319011,-0.0025677289312293627,22645408.0,ok
MCD,2024-11-30,2272.3491746035265,0.11778516562555508,10440692.0,ok
MCD,2024-12-31,2294.1980093761545,0.009615086896334946,17212767.0,ok
MCD,2025-01-31,2470.0611910045986,0.07665562471491527,19549389.0,ok
MCD,2025-02-28,2341.841133674371,-0.05190966839087863,13352762.0,ok
MCD,2025-03-31,2335.809173457213,-0.0025757341650642918,29563062.0,ok
MCD,2025-04-30,2124.420413463319,-0.09049915652185703,33399225.0,ok
MCD,2025-05-31,2100.612735526312,-0.011206669727954144,19318593.0,ok
MCD,2025-06-30,1801.8669294670528,-0.14221841132673507,15225924.0,ok
MCD,2025-07-31,1931.4029529742222,0.07188989452483208,20906761.0,ok
MCD,2025-08-31,2174.6364961310414,0.12593619719916904,14947231.0,ok
MCD,2025-09-30,2228.9981839022935,0.024998057315771316,16200444.0,ok
MCD,2025-10-31,2324.566423018047,0.042874973970791874,17341086.0,ok
MCD,2025-11-30,2559.1803942327538,0.10092805647175318,11127138.0,ok
MCD,2025-12-31,2608.7912361626463,0.019385441542805415,19364600.0,ok
MCD,2026-01-31,2197.9456144751102,-0.15748505131129698,10042832.0,ok
MCD,2026-02-28,2271.444592000864,0.03343985267047023,23554038.0,ok
MCD,2026-03-31,2116.321323638711,-0.06829278112635284,18231207.0,ok
MCD,2026-04-30,2162.5818251763208,0.02185892143168111,22910631.0,ok
MCD,2026-05-31,1870.6460032046439,-0.13499411609448564,17106508.0,ok
NKE,2009-10-31,150.08,,16962324.0,ok
NKE,2009-11-30,145.11096449574887,-0.03310924509762214,19277151.0,ok
NKE,2009-12-31,146.61974199650547,0.010397405227092982,59773091.0,ok
NKE,2010-01-31,172.5846429298056,0.17709007381774677,24792355.0,ok
NKE,2010-02-28,150.99566403830912,-0.1250921201620312,65519131.0,ok
NKE,2010-03-31,147.51296406635885,-0.023064900532949517,50319996.0,ok
NKE,2010-04-30,151.5578272045414,0.02742039090451054,38943688.0,ok
NKE,2010-05-31,156.21988438447718,0.030760913282584124,41648090.0,ok
NKE,2010-06-30,168.62484038958704,0.07940702333756477,48877274.0,ok
NKE,2010-07-31,154.76382518421573,-0.08220031623660617,47525937.0,ok
NKE,2010-08-31,158.14570251994644,0.02185185931987177,30915567.0,ok
NKE,2010-09-30,164.148320118408,0.037956248591102026,30576649.0,ok
NKE,2010-10-31,169.24284314504644,0.03103609603170776,36612758.0,ok
NKE,2010-11-30,175.19633893732643,0.03517723811326934,38756497.0,ok
NKE,2010-12-31,172.06476698324832,-0.017874642661330875,42505919.0,ok
NKE,2011-01-31,177.38553942763588,0.030923079359445937,53536733.0,ok
NKE,2011-02-28,171.6365845181906,-0.03240937749489181,53342541.0,ok
NKE,2011-03-31,151.76362803674186,-0.11578508473141136,24071305.0,ok
NKE,2011-04-30,162.46571671871453,0.0705181394278589,25593370.0,ok
NKE,2011-05-31,170.04477635227008,0.046650208958715744,28885705.0,ok
NKE,2011-06-30,180.89403962667134,0.06380239080044192,40350584.0,ok
NKE,2011-07-31,162.77611609914516,-0.1001576589528207,42102094.0,ok
NKE,2011-08-31,153.89495458024723,-0.05456059360384613,48585932.0,ok
NKE,2011-09-30,170.07783874202295,0.10515539125967432,20196378.0,ok
NKE,2011-10-31,189.13955842110178,0.11207644582073972,51602528.0,ok
NKE,2011-11-30,189.74111372909869,0.0031804838343632014,16863277.0,ok
NKE,2011-12-31,190.8588630721896,0.005890918004659573,51043571.0,ok
NKE,2012-01-31,203.3861002362676,0.06563613008288627,43253831.0,ok
NKE,2012-02-29,196.58292498669786,-0.033449558458845896,35782416.0,ok
NKE,2012-03-31,212.17266423398374,0.07930362847302619,42671250.0,ok
NKE,2012-04-30,217.2768335117141,0.02405667712265469,44716721.0,ok
NKE,2012-05-31,209.6577667039534,-0.03506617196420958,44698056.0,ok
NKE,2012-06-30,206.3914686021351,-0.015579189615381517,35033909.0,ok
NKE,2012-07-31,189.34780910342565,-0.0825792830204859,41161309.0,ok
NKE,2012-08-31,201.37616042660784,0.0635251676802453,30158717.0,ok
NKE,2012-09-30,218.25911258635125,0.08383788887412247,32045218.0,ok
NKE,2012-10-31,248.76334426600684,0.13976154909723193,52647005.0,ok
NKE,2012-11-30,298.7776944391418,0.20105192877473854,58568822.0,ok
NKE,2012-12-31,341.4468681098934,0.14281244706318907,26468348.0,ok
NKE,2013-01-31,354.7030281802606,0.03882349293097276,47295480.0,ok
NKE,2013-02-28,309.3122353143265,-0.12796843911596512,55176611.0,ok
NKE,2013-03-31,277.956650377726,-0.10137195156453016,24692659.0,ok
NKE,2013-04-30,256.9792425803013,-0.07547006977137527,55204316.0,ok
NKE,2013-05-31,267.2543864456042,0.03998433399573953,39144115.0,ok
NKE,2013-06-30,262.24983713643803,-0.018725789221741285,21688074.0,ok
NKE,2013-07-31,265.54092998730334,0.012549456223887256,42485148.0,ok
NKE,2013-08-31,287.5338634350295,0.08282313935097596,59158230.0,ok
NKE,2013-09-30,280.4145789789893,-0.024759812186952557,44145338.0,ok
NKE,2013-10-31,280.5239778235713,0.0003901325137241063,46490387.0,ok
NKE,2013-11-30,262.80820209494476,-0.063152447309757,53930878.0,ok
NKE,2013-12-31,313.27795312304005,0.19204024313465706,49790612.0,ok
NKE,2014-01-31,319.58332741419264,0.020127092341784225,45838167.0,ok
NKE,2014-02-28,307.1449442967794,-0.03892062586009881,9980773.0,ok
NKE,2014-03-31,343.39938344660385,0.11803690675368417,78810508.0,ok
NKE,2014-04-30,332.4224624731516,-0.03196546500252839,37985357.0,ok
NKE,2014-05-31,292.55466004257767,-0.11993113261350052,40780193.0,ok
NKE,2014-06-30,334.33197506815804,0.14280174179929395,30689743.0,ok
NKE,2014-07-31,369.96892501364346,0.10659150964612452,43663314.0,ok
NKE,2014-08-31,361.4387244369383,-0.023056532589569745,44006633.0,ok
NKE,2014-09-30,369.6892433382483,0.022826881414444333,12488177.0,ok
NKE,2014-10-31,371.18737422798597,0.004052405951035398,61820022.0,ok
NKE,2014-11-30,349.7923986457082,-0.05763928696868015,37859299.0,ok
NKE,2014-12-31,397.23553128987504,0.13563225738424411,42471381.0,ok
NKE,2015-01-31,375.7780803457271,-0.05401694776515287,53625047.0,ok
NKE,2015-02-28,365.3436078286839,-0.027767645487579262,43459651.0,ok
NKE,2015-03-31,353.55462600432196,-0.03226820333446212,23911273.0,ok
NKE,2015-04-30,388.49115873019025,0.09881509151980716,52087237.0,ok
NKE,2015-05-31,365.80173943514035,-0.05840395279319044,26828837.0,ok
NKE,2015-06-30,422.90370410061576,0.15610085603652535,58154305.0,ok
NKE,2015-07-31,414.2198309114381,-0.020533925583947066,47947556.0,ok
NKE,2015-08-31,456.55163423140357,0.1021964670953095,32266195.0,ok
NKE,2015-09-30,417.69934270689106,-0.08509944683457249,30348328.0,ok
NKE,2015-10-31,427.2219249089928,0.022797694964973747,22149187.0,ok
NKE,2015-11-30,497.2128844464771,0.1638281077273689,32441243.0,ok
NKE,2015-12-31,517.711647994014,0.04122733780392118,48011620.0,ok
NKE,2016-01-31,638.301350475221,0.23292831627114818,33985702.0,ok
NKE,2016-02-29,616.7338709637332,-0.03378886711649698,38803342.0,ok
NKE,2016-03-31,576.2969996729038,-0.0655661593997443,34179563.0,ok
NKE,2016-04-30,555.573662089938,-0.03595947505318953,16687745.0,ok
NKE,2016-05-31,608.7428093633899,0.09570134601673175,25418963.0,ok
NKE,2016-06-30,685.9934707275844,0.1269019693965363,52853561.0,ok
NKE,2016-07-31,662.3134699020438,-0.03451928019143513,23668029.0,ok
NKE,2016-08-31,681.5779182077749,0.029086602011250573,43989844.0,ok
NKE,2016-09-30,707.2970368836662,0.03773467125155738,19434216.0,ok
NKE,2016-10-31,740.0376406351563,0.04628975104398059,39297370.0,ok
NKE,2016-11-30,743.6857737271514,0.00492965883311558,57469553.0,ok
NKE,2016-12-31,781.7998306821524,0.05125021655851203,42261305.0,ok
NKE,2017-01-31,806.1594224403678,0.031158348725863316,39657632.0,ok
NKE,2017-02-28,825.2165517702375,0.023639405307923855,44521223.0,ok
NKE,2017-03-31,878.9120643277373,0.06506839016051402,49007860.0,ok
NKE,2017-04-30,1059.6203812543724,0.2056045470997776,52802381.0,ok
NKE,2017-05-31,1138.2110699910081,0.07416872129582908,44843182.0,ok
NKE,2017-06-30,1238.2623259209233,0.08790219895744444,40040627.0,ok
NKE,2017-07-31,1160.0290846883806,-0.06317986067641923,34701833.0,ok
NKE,2017-08-31,1094.1370472482051,-0.0568020563535061,34677528.0,ok
NKE,2017-09-30,1153.106299333876,0.05389567260699257,29209439.0,ok
NKE,2017-10-31,1057.648084011124,-0.08278353468183819,53649799.0,ok
NKE,2017-11-30,1067.787191326971,0.009586465922950982,30324395.0,ok
NKE,2017-12-31,995.3060031984807,-0.0678798066854649,49221144.0,ok
NKE,2018-01-31,1041.6009590937833,0.04651328912568675,16012042.0,ok
NKE,2018-02-28,1056.8183608054537,0.01460962720782244,30471381.0,ok
NKE,2018-03-31,1167.2881696310303,0.10453055408819933,26971294.0,ok
NKE,2018-04-30,979.2157175509127,-0.16111912805521333,56935649.0,ok
NKE,2018-05-31,1073.88500086762,0.09667868031518312,44624706.0,ok
NKE,2018-06-30,1070.624236903335,-0.0030364182027409203,26448513.0,ok
NKE,2018-07-31,931.924589569616,-0.12955025914123963,34128492.0,ok
NKE,2018-08-31,1002.7522598515906,0.07600150384988158,45472609.0,ok
NKE,2018-09-30,862.23706335408,-0.14012952363558584,33220828.0,ok
NKE,2018-10-31,958.3461537966359,0.11146481000096897,51051640.0,ok
NKE,2018-11-30,955.6980292320967,-0.0027632234491141716,48587528.0,ok
NKE,2018-12-31,806.3322472993384,-0.1562897247499544,30749434.0,ok
NKE,2019-01-31,896.5543283888488,0.11189194205204211,50898924.0,ok
NKE,2019-02-28,1029.8620751881983,0.14868897798855074,11720097.0,ok
NKE,2019-03-31,1125.9985618402097,0.09334889493279319,33791958.0,ok
NKE,2019-04-30,1065.481518870074,-0.053745222259638736,44327960.0,ok
NKE,2019-05-31,1089.537357534614,0.022577433994398044,31673994.0,ok
NKE,2019-06-30,1319.0307215371733,0.21063377259670357,47112225.0,ok
NKE,2019-07-31,1169.5416788905577,-0.11333249499481257,50542520.0,ok
NKE,2019-08-31,1438.8671562162463,0.23028292380411286,29903241.0,ok
NKE,2019-09-30,1483.8605383531344,0.03127000428254001,40795324.0,ok
NKE,2019-10-31,1517.2009373852525,0.022468687703711687,47426931.0,ok
NKE,2019-11-30,1578.7869371080947,0.040591854516633497,18080697.0,ok
NKE,2019-12-31,1446.1850358149863,-0.08398973805547105,32609698.0,ok
NKE,2020-01-31,1362.7203191185006,-0.05771371894292199,44262404.0,ok
NKE,2020-02-29,1360.1793243908855,-0.0018646487411728696,37983961.0,ok
NKE,2020-03-31,1250.7912719036126,-0.08042178742590356,61271996.0,ok
NKE,2020-04-30,1323.624181464256,0.058229467375317645,24901803.0,ok
NKE,2020-05-31,1225.9203767582624,-0.07381536698574742,47954467.0,ok
NKE,2020-06-30,1197.1009357532246,-0.023508411762634962,41318085.0,ok
NKE,2020-07-31,1214.8614221663493,0.01483624804114747,49264540.0,ok
NKE,2020-08-31,1374.5625321011041,0.1314562360947924,65855154.0,ok
NKE,2020-09-30,1374.5483809043621,-1.029505490768301e-05,52663857.0,ok
NKE,2020-10-31,1327.5134006530395,-0.03421849743868366,50734267.0,ok
NKE,2020-11-30,1196.8775348202944,-0.0984064385101362,28149299.0,ok
NKE,2020-12-31,1269.2520535901838,0.060469443752034335,53820795.0,ok
NKE,2021-01-31,1242.142109994809,-0.021358991319881615,64144288.0,ok
NKE,2021-02-28,1089.3629364138253,-0.1229965334494797,59880106.0,ok
NKE,2021-03-31,1111.5513927140594,0.020368286416351022,51255593.0,ok
NKE,2021-04-30,1230.3489563776736,0.10687545752927163,33864238.0,ok
NKE,2021-05-31,1502.1909635875268,0.22094707830711346,16040683.0,ok
NKE,2021-06-30,1621.6058365799422,0.07949380330928713,38629141.0,ok
NKE,2021-07-31,1694.9319702904218,0.04521822261390507,32953554.0,ok
NKE,2021-08-31,1604.893806063591,-0.05312199297969644,42546401.0,ok
NKE,2021-09-30,1773.5194562619793,0.10506966228001424,45666903.0,ok
NKE,2021-10-31,1639.337265016014,-0.07565870832270372,34915554.0,ok
NKE,2021-11-30,1733.3866073675304,0.05737034371057104,45971715.0,ok
NKE,2021-12-31,1844.1833602874162,0.06391923904855323,37915597.0,ok
NKE,2022-01-31,1563.3215476204964,-0.15229603450231077,45780987.0,ok
NKE,2022-02-28,1548.9828710482846,-0.009171930492505864,35387609.0,ok
NKE,2022-03-31,1620.3639562395267,0.046082552961308476,55723883.0,ok
NKE,2022-04-30,1698.8961530551087,0.04846577616909986,46160964.0,ok
NKE,2022-05-31,1629.4650723690006,-0.040868348875386484,56476845.0,ok
NKE,2022-06-30,1312.9653334239185,-0.19423536245851425,44906049.0,ok
NKE,2022-07-31,1201.408439367994,-0.08496560511998374,48563712.0,ok
NKE,2022-08-31,1280.7556316725534,0.06604514310412224,39734034.0,ok
NKE,2022-09-30,1222.8777556979935,-0.045190413021238496,51781413.0,ok
NKE,2022-10-31,1312.3767962032557,0.07318723403728766,67054510.0,ok
NKE,2022-11-30,1418.1572778457723,0.08060221877477769,57693943.0,ok
NKE,2022-12-31,1228.7628241644693,-0.13354968214033314,57067084.0,ok
NKE,2023-01-31,1118.5184162515563,-0.08971984319909465,38225399.0,ok
NKE,2023-02-28,956.0108950570065,-0.1452881944842308,45578932.0,ok
NKE,2023-03-31,906.3140820058752,-0.05198352163985309,42410968.0,ok
NKE,2023-04-30,992.1180143663338,0.09467350675006103,44017787.0,ok
NKE,2023-05-31,1066.2376692211915,0.07470850622765668,47637355.0,ok
NKE,2023-06-30,904.7995476569916,-0.15140913346469798,45282573.0,ok
NKE,2023-07-31,831.999770621914,-0.0804595639151181,56247209.0,ok
NKE,2023-08-31,935.5914141648094,0.12450922127714215,36954116.0,ok
NKE,2023-09-30,892.8361869260003,-0.04569861008929432,41988572.0,ok
NKE,2023-10-31,930.5323969830334,0.0422207462119335,48361993.0,ok
NKE,2023-11-30,941.3530479598234,0.011628451638946213,44240359.0,ok
NKE,2023-12-31,846.1211377948292,-0.10116492464903415,32586014.0,ok
NKE,2024-01-31,839.7107982971295,-0.00757614862855982,34371268.0,ok
NKE,2024-02-29,941.2349881556456,0.12090375646520157,27359046.0,ok
NKE,2024-03-31,1032.3924315608156,0.09684876205440829,49866280.0,ok
NKE,2024-04-30,1022.956739666135,-0.009139636834043063,49031532.0,ok
NKE,2024-05-31,1203.7728450959896,0.17675831090263694,22576574.0,ok
NKE,2024-06-30,1146.538732784488,-0.04754560841330302,24824161.0,ok
NKE,2024-07-31,1238.0272707478646,0.07979541846020943,41165928.0,ok
NKE,2024-08-31,1273.6989226910118,0.02881330063238341,45050681.0,ok
NKE,2024-09-30,1295.6172678741207,0.017208419346701476,42194923.0,ok
NKE,2024-10-31,1417.5012235547856,0.09407404385760842,42194576.0,ok
NKE,2024-11-30,1369.397953848937,-0.03393525797827246,37096211.0,ok
NKE,2024-12-31,1262.8693473723222,-0.07779229272045951,63047702.0,ok
NKE,2025-01-31,1428.0621610401297,0.13080752495222692,35144747.0,ok
NKE,2025-02-28,1398.5349962595337,-0.02067638621493184,14313806.0,ok
NKE,2025-03-31,1531.5171391101082,0.09508674663576056,32684843.0,ok
NKE,2025-04-30,1552.9414474684506,0.013988944564336414,34132078.0,ok
NKE,2025-05-31,1666.3544083398165,0.07303106054400677,45375675.0,ok
NKE,2025-06-30,1485.143479376431,-0.10874693165898919,16452961.0,ok
NKE,2025-07-31,1471.416001650698,-0.009243199674887181,46707748.0,ok
NKE,2025-08-31,1889.2251164039483,0.28395036773049487,32659197.0,ok
NKE,2025-09-30,1889.8630301852145,0.0003376589564298982,34029340.0,ok
NKE,2025-10-31,1876.7894180886474,-0.006917756412900378,33736355.0,ok
NKE,2025-11-30,2035.3358406644406,0.08447747043312903,31759823.0,ok
NKE,2025-12-31,1946.1814892087325,-0.04380326316398153,52164375.0,ok
NKE,2026-01-31,1977.6859919249184,0.01618785446828741,55451636.0,ok
NKE,2026-02-28,2072.5811502486763,0.047982924848142705,9148510.0,ok
NKE,2026-03-31,2035.5307429992038,-0.017876456728860624,41558649.0,ok
NKE,2026-04-30,1738.730261829071,-0.1458098740050564,43078621.0,ok
NKE,2026-05-31,2037.5359140673613,0.17185279326993452,31273133.0,ok
WMT,2009-10-31,123.07,,5074167.0,ok
WMT,2009-11-30,113.87684257729661,-0.07469860585604438,7491547.0,ok
WMT,2009-12-31,115.23955610953574,0.011966555283741354,5960716.0,ok
WMT,2010-01-31,123.57113333122817,0.0722978940822474,5748817.0,ok
WMT,2010-02-28,124.67718120378474,0.00895069781056268,7177864.0,ok
WMT,2010-03-31,117.46770731507705,-0.05782512741384338,6201504.0,ok
WMT,2010-04-30,115.29039867410599,-0.018535380409962277,7783201.0,ok
WMT,2010-05-31,119.22955141900214,0.034167222858089374,7496083.0,ok
WMT,2010-06-30,107.93488281016327,-0.09473044622256943,4985676.0,ok
WMT,2010-07-31,104.49633865832344,-0.03185757988812177,6911294.0,ok
WMT,2010-08-31,104.29082259435306,-0.001966729807083123,5100520.0,ok
WMT,2010-09-30,105.50861453830557,0.011676885018820915,6488187.0,ok
WMT,2010-10-31,106.32111015607248,0.007700751463018518,5679325.0,ok
WMT,2010-11-30,117.80047528640337,0.10796882306326494,7983151.0,ok
WMT,2010-12-31,126.8342352816602,0.07668695710516804,4605955.0,ok
WMT,2011-01-31,125.66662788072985,-0.009205774752671814,7498623.0,ok
WMT,2011-02-28,125.30951119624083,-0.002841778207241741,3983012.0,ok
WMT,2011-03-31,122.03222421824323,-0.026153537322998632,3048517.0,ok
WMT,2011-04-30,119.16771822975976,-0.023473357195887612,3031756.0,ok
WMT,2011-05-31,121.2050616547426,0.017096437317485336,6368478.0,ok
WMT,2011-06-30,123.8719314088733,0.02200295695345944,6196249.0,ok
WMT,2011-07-31,125.04722518643861,0.009487974912459674,4753424.0,ok
WMT,2011-08-31,126.04295482796097,0.007962828763595331,5004932.0,ok
WMT,2011-09-30,132.84210958620213,0.05394315586715259,8149805.0,ok
WMT,2011-10-31,135.24684926062776,0.01810223943233291,6119246.0,ok
WMT,2011-11-30,145.8873716710798,0.07867482657542135,5623682.0,ok
WMT,2011-12-31,148.14596179009678,0.015481738365327846,4607617.0,ok
WMT,2012-01-31,150.53007038925585,0.016092970543044816,7965476.0,ok
WMT,2012-02-29,156.38241636981164,0.03887825180325888,4942351.0,ok
WMT,2012-03-31,168.2618172275626,0.07596378885499933,5554398.0,ok
WMT,2012-04-30,182.16877461475957,0.08265070243707617,4542084.0,ok
WMT,2012-05-31,172.4465749504978,-0.053369188461753425,3508854.0,ok
WMT,2012-06-30,155.54112653749647,-0.09803296132645234,4716579.0,ok
WMT,2012-07-31,158.46749025791786,0.01881408335894963,5199026.0,ok
WMT,2012-08-31,161.97729896363882,0.022148446346998307,7775969.0,ok
WMT,2012-09-30,172.2102133475389,0.06317499087447564,5559525.0,ok
WMT,2012-10-31,178.1660579498666,0.034584735054640214,6515088.0,ok
WMT,2012-11-30,176.81889117238796,-0.007561298672599581,1134417.0,ok
WMT,2012-12-31,178.914219249633,0.011850136958512003,5060539.0,ok
WMT,2013-01-31,194.8741462841825,0.08920435223922119,7167566.0,ok
WMT,2013-02-28,193.4223600057611,-0.007449866008928052,6520350.0,ok
WMT,2013-03-31,206.7344266567897,0.06882382497365924,1577950.0,ok
WMT,2013-04-30,201.77027873975987,-0.02401219766493501,4285442.0,ok
WMT,2013-05-31,202.94295483362163,0.005811936729166467,5017212.0,ok
WMT,2013-06-30,206.6245049241476,0.018140812493561143,4948888.0,ok
WMT,2013-07-31,205.50645376024193,-0.005411028882155611,6569826.0,ok
WMT,2013-08-31,208.08433784592185,0.012544054157479056,5051637.0,ok
WMT,2013-09-30,222.9494053272963,0.07143770470789312,8738599.0,ok
WMT,2013-10-31,233.22639027920832,0.04609559257099205,8240325.0,ok
WMT,2013-11-30,243.6715821066161,0.04478563431395255,3607195.0,ok
WMT,2013-12-31,234.09802384672722,-0.039288776217245025,4254628.0,ok
WMT,2014-01-31,260.01718226839307,0.1107192533954755,4517134.0,ok
WMT,2014-02-28,266.0898760990527,0.023354971304901273,6037560.0,ok
WMT,2014-03-31,261.5289292968807,-0.017140625073891136,5681460.0,ok
WMT,2014-04-30,261.61776293337454,0.0003396704017895047,4729852.0,ok
WMT,2014-05-31,251.44158293024205,-0.03889712949546176,6688660.0,ok
WMT,2014-06-30,256.4293496761409,0.019836682094395597,5687362.0,ok
WMT,2014-07-31,266.6827637894377,0.039985337584197866,6212773.0,ok
WMT,2014-08-31,262.4393267779161,-0.015911928282219323,6146825.0,ok
WMT,2014-09-30,286.95620808236913,0.09341923562088672,3829515.0,ok
WMT,2014-10-31,275.0878262277791,-0.04135955773148248,5578254.0,ok
WMT,2014-11-30,277.5603686931143,0.00898819296819009,5774173.0,ok
WMT,2014-12-31,274.22038579689377,-0.012033356606156564,5924491.0,ok
WMT,2015-01-31,301.0734089976941,0.09792497054062754,6327189.0,ok
WMT,2015-02-28,324.5295562266042,0.07790839884199041,4842205.0,ok
WMT,2015-03-31,325.52457462033186,0.003066033199863316,6638365.0,ok
WMT,2015-04-30,323.55668379047864,-0.006045291149365362,5274054.0,ok
WMT,2015-05-31,331.01324158807455,0.023045599646535075,6248288.0,ok
WMT,2015-06-30,333.99018422834826,0.008993424631569047,4073758.0,ok
WMT,2015-07-31,341.69371715467895,0.02306514769028012,7158112.0,ok
WMT,2015-08-31,322.84269985820015,-0.055169341284508455,4846042.0,ok
WMT,2015-09-30,320.41031456956534,-0.007534273780089085,6565724.0,ok
WMT,2015-10-31,298.9318264914741,-0.06703432162271405,7110310.0,ok
WMT,2015-11-30,299.92430918953164,0.003320097126178201,5899997.0,ok
WMT,2015-12-31,295.4990897787011,-0.01475445395802888,5706581.0,ok
WMT,2016-01-31,302.56422484384115,0.02390916016164768,4591559.0,ok
WMT,2016-02-29,312.04199284559627,0.03132481378671503,5861491.0,ok
WMT,2016-03-31,324.0596999341934,0.03851310837687061,5106620.0,ok
WMT,2016-04-30,311.01544469532655,-0.04025263012190583,5320730.0,ok
WMT,2016-05-31,300.0717671910876,-0.035186926215061365,5795888.0,ok
WMT,2016-06-30,310.83449677077925,0.03586718497524588,4988226.0,ok
WMT,2016-07-31,310.07282971743837,-0.002450394217031082,3243150.0,ok
WMT,2016-08-31,314.08165429306854,0.01292865479146732,9314946.0,ok
WMT,2016-09-30,316.8548121277928,0.008829416799163381,6791499.0,ok
WMT,2016-10-31,326.15839278814144,0.029362282989713107,6666439.0,ok
WMT,2016-11-30,330.23343117560063,0.01249404730206094,4172036.0,ok
WMT,2016-12-31,337.84152332057386,0.023038527982733648,6141991.0,ok
WMT,2017-01-31,341.60900037093126,0.011151610415817581,4751831.0,ok
WMT,2017-02-28,370.0933364114126,0.08338286172071596,3254786.0,ok
WMT,2017-03-31,373.7573674232057,0.009900289065783108,6345514.0,ok
WMT,2017-04-30,391.783623396109,0.04822983449712748,6352634.0,ok
WMT,2017-05-31,412.05579473765016,0.051743284126618994,7095283.0,ok
WMT,2017-06-30,396.4960504846607,-0.03776125576124012,5850513.0,ok
WMT,2017-07-31,374.6065768706042,-0.055207292953611264,5462515.0,ok
WMT,2017-08-31,374.79472580189025,0.0005022574159210258,4027118.0,ok
WMT,2017-09-30,390.0375279697886,0.04066973497368642,7287934.0,ok
WMT,2017-10-31,388.2239102471887,-0.004649854417958288,4689628.0,ok
WMT,2017-11-30,387.54015292834487,-0.001761244737369383,5388244.0,ok
WMT,2017-12-31,407.17300080075245,0.050660164434722876,4625876.0,ok
WMT,2018-01-31,407.64861440673906,0.001168087287347852,6080164.0,ok
WMT,2018-02-28,421.17990827334023,0.03319352351115823,7628126.0,ok
WMT,2018-03-31,460.65216404176937,0.09371827808750122,5505332.0,ok
WMT,2018-04-30,459.24707022235265,-0.003050227327900501,3146327.0,ok
WMT,2018-05-31,478.8398409375443,0.04266281046867748,6458224.0,ok
WMT,2018-06-30,512.3969420994025,0.07008001066944458,3501899.0,ok
WMT,2018-07-31,518.0436714513671,0.011020224533012879,6478382.0,ok
WMT,2018-08-31,496.68337806283296,-0.04123261139102519,5327303.0,ok
WMT,2018-09-30,503.75356265221103,0.014234792025763499,5062490.0,ok
WMT,2018-10-31,494.14810640525076,-0.019067768367510007,5921386.0,ok
WMT,2018-11-30,480.47894584472897,-0.027662072126431902,8261750.0,ok
WMT,2018-12-31,481.0621290228735,0.0012137538661953773,5906436.0,ok
WMT,2019-01-31,489.89425417588114,0.018359635107729977,6709291.0,ok
WMT,2019-02-28,480.33575619911477,-0.019511349429574443,7005660.0,ok
WMT,2019-03-31,489.9655517986159,0.020048050712904386,7909807.0,ok
WMT,2019-04-30,525.8011745908348,0.07313906592140973,6945361.0,ok
WMT,2019-05-31,529.4203241767236,0.006883114304005122,8417473.0,ok
WMT,2019-06-30,529.5026350019612,0.00015547348954836337,3867376.0,ok
WMT,2019-07-31,542.9312077798426,0.025360728899548768,3513873.0,ok
WMT,2019-08-31,604.5994191105713,0.11358383980707742,5233080.0,ok
WMT,2019-09-30,620.8263758373703,0.02683918676380892,5594503.0,ok
WMT,2019-10-31,638.2786780555964,0.0281114058575338,8103242.0,ok
WMT,2019-11-30,657.7671791002793,0.030532903126344824,4402883.0,ok
WMT,2019-12-31,670.0252660927059,0.01863590550260308,4485845.0,ok
WMT,2020-01-31,685.734400419025,0.02344558499700744,8449566.0,ok
WMT,2020-02-29,712.4543752948766,0.03896548701585356,3832555.0,ok
WMT,2020-03-31,666.8195390557001,-0.06405299457988278,6685700.0,ok
WMT,2020-04-30,715.2356664292514,0.072607541527824,7306062.0,ok
WMT,2020-05-31,727.2519558122115,0.016800461647767495,6323592.0,ok
WMT,2020-06-30,763.7593158345336,0.05019905375372957,6253184.0,ok
WMT,2020-07-31,801.5186121582581,0.04943873749345529,7712580.0,ok
WMT,2020-08-31,753.555460050874,-0.05984034728555232,2249877.0,ok
WMT,2020-09-30,685.9306576739476,-0.08974097589626762,2769344.0,ok
WMT,2020-10-31,682.9022612838868,-0.004415018276527238,4007170.0,ok
WMT,2020-11-30,703.550835733685,0.030236500331654925,3579437.0,ok
WMT,2020-12-31,653.646839384156,-0.07093161405669779,1658401.0,ok
WMT,2021-01-31,641.1425862590411,-0.01912998330550486,1687208.0,ok
WMT,2021-02-28,646.3067309616321,0.008054596299277073,5255494.0,ok
WMT,2021-03-31,628.0336028410056,-0.02827315150104981,4726749.0,ok
WMT,2021-04-30,696.2827660167972,0.1086711966796936,5431252.0,ok
WMT,2021-05-31,772.999424552733,0.11018032081248608,2219819.0,ok
WMT,2021-06-30,854.2426098593028,0.10510122352753126,5945965.0,ok
WMT,2021-07-31,791.6875091254134,-0.07322872918291035,6633774.0,ok
WMT,2021-08-31,722.4728576450082,-0.08742673173771232,2927870.0,ok
WMT,2021-09-30,732.8371942441413,0.014345641485988825,4432234.0,ok
WMT,2021-10-31,675.8353230521689,-0.07778244832505399,8343639.0,ok
WMT,2021-11-30,696.544173497726,0.030641858658752907,6619410.0,ok
WMT,2021-12-31,659.8815901817414,-0.05263497235484982,5987299.0,ok
WMT,2022-01-31,676.3156888555761,0.02490461761375773,2818565.0,ok
WMT,2022-02-28,718.546577363676,0.06244256817339333,5205900.0,ok
WMT,2022-03-31,748.1446241598646,0.04119154934226099,6102266.0,ok
WMT,2022-04-30,730.8447584974588,-0.023123691735181362,5469172.0,ok
WMT,2022-05-31,731.3505746650522,0.0006920979615880896,5601872.0,ok
WMT,2022-06-30,668.7288527894218,-0.08562476607652936,4406390.0,ok
WMT,2022-07-31,640.6101551303719,-0.042047980346235025,3908462.0,ok
WMT,2022-08-31,675.9988817368971,0.05524221919229988,6724997.0,ok
WMT,2022-09-30,699.8415840805837,0.035270328084605174,5751992.0,ok
WMT,2022-10-31,728.330654521481,0.04070788459694752,4302692.0,ok
WMT,2022-11-30,790.2926783303134,0.08507402980249656,5622388.0,ok
WMT,2022-12-31,830.3802559117738,0.05072497655698305,8591419.0,ok
WMT,2023-01-31,811.2084996815981,-0.023087923988660775,8288290.0,ok
WMT,2023-02-28,788.1002963358211,-0.02848614549138362,4668108.0,ok
WMT,2023-03-31,737.0804377790146,-0.06473777359812871,5523268.0,ok
WMT,2023-04-30,804.8747146459364,0.09197676860235338,7297815.0,ok
WMT,2023-05-31,800.9778093862795,-0.004841629621041177,7200930.0,ok
WMT,2023-06-30,845.8157429392475,0.055978995956608824,2152263.0,ok
WMT,2023-07-31,790.6199804766105,-0.06525743097524905,6838857.0,ok
WMT,2023-08-31,803.1173192324048,0.01580701103488491,5801420.0,ok
WMT,2023-09-30,779.3665704095871,-0.02957319964848726,3977871.0,ok
WMT,2023-10-31,792.5939245025379,0.016971928993566365,9173036.0,ok
WMT,2023-11-30,853.0800146172944,0.07631409760391472,6000840.0,ok
WMT,2023-12-31,797.2166371680236,-0.06548433498859085,3673454.0,ok
WMT,2024-01-31,800.8541896388364,0.004562815552538568,6086115.0,ok
WMT,2024-02-29,703.4675812702862,-0.12160341998394097,6914375.0,ok
WMT,2024-03-31,718.6526448374071,0.02158601756700773,5737076.0,ok
WMT,2024-04-30,669.1090478493439,-0.06893955980538036,6473562.0,ok
WMT,2024-05-31,609.426515256054,-0.08919701920803791,7890962.0,ok
WMT,2024-06-30,683.3835140763882,0.12135507229983378,5725364.0,ok
WMT,2024-07-31,633.0779750635074,-0.07361245622214063,5853659.0,ok
WMT,2024-08-31,656.287140970262,0.03666083297942313,8712234.0,ok
WMT,2024-09-30,662.7446313762771,0.009839428510618475,4263613.0,ok
WMT,2024-10-31,688.8589110729362,0.0394032308378407,2714099.0,ok
WMT,2024-11-30,716.7373965376389,0.040470530346018885,3650555.0,ok
WMT,2024-12-31,751.7543797510358,0.04885608506344763,6543434.0,ok
WMT,2025-01-31,809.8948722352279,0.07733974560074652,5900641.0,ok
WMT,2025-02-28,824.8974121742101,0.018524058434370216,7028720.0,ok
WMT,2025-03-31,912.178797591603,0.1058087758904982,5600149.0,ok
WMT,2025-04-30,946.0845548826733,0.03717007825723484,7044461.0,ok
WMT,2025-05-31,859.1790086450256,-0.09185811753202655,6009518.0,ok
WMT,2025-06-30,831.3911178298613,-0.03234237630990011,6217799.0,ok
WMT,2025-07-31,828.3697887791577,-0.003634064624830291,5944340.0,ok
WMT,2025-08-31,895.6635571104372,0.08123638650614762,4602633.0,ok
WMT,2025-09-30,886.7218905514757,-0.009983287237686489,4855130.0,ok
WMT,2025-10-31,822.1935944098257,-0.07277174143238774,5917147.0,ok
WMT,2025-11-30,891.0311212145016,0.0837242314616764,4699520.0,ok
WMT,2025-12-31,894.5986616375873,0.004003833691266667,2850475.0,ok
WMT,2026-01-31,887.6045081400874,-0.007818202505128768,8900912.0,ok
WMT,2026-02-28,875.4065163698698,-0.013742597810569523,6659232.0,ok
WMT,2026-03-31,899.762350484187,0.027822313015575695,5662107.0,ok
WMT,2026-04-30,939.2304547806123,0.04386503200004577,6979370.0,ok
WMT,2026-05-31,948.6325724121816,0.010010448004228678,6539180.0,ok
COST,2009-10-31,82.77,,10017405.0,ok
COST,2009-11-30,82.30948753309514,-0.005563760624681113,15431290.0,ok
COST,2009-12-31,84.5749984770561,0.027524298982544826,17871276.0,ok
COST,2010-01-31,90.83275859698286,0.07399066192858861,16804451.0,ok
COST,2010-02-28,85.99486648259762,-0.05326153459514038,6478887.0,ok
COST,2010-03-31,85.080064964039,-0.010637861955908101,11530191.0,ok
COST,2010-04-30,87.00244537134859,0.022594956975198865,16076207.0,ok
COST,2010-05-31,87.83401020074807,0.009557947777791176,13508091.0,ok
COST,2010-06-30,85.90851427457584,-0.021921985820429146,16132699.0,ok
COST,2010-07-31,87.5218091325446,0.018779219633719313,8786862.0,ok
COST,2010-08-31,91.25229904542242,0.042623546631997744,18252399.0,ok
COST,2010-09-30,96.6204224565702,0.058827267557124197,8130519.0,ok
COST,2010-10-31,100.73914241645622,0.042627840524474436,7835635.0,ok
COST,2010-11-30,103.99100505460476,0.032280030980463614,16726430.0,ok
COST,2010-12-31,108.51869051107548,0.043539202780983555,9371321.0,ok
COST,2011-01-31,104.38669397371076,-0.038076358255935694,23182090.0,ok
COST,2011-02-28,101.44139877930847,-0.0282152358915021,16431972.0,ok
COST,2011-03-31,96.04001337058416,-0.053246361679961995,14329374.0,ok
COST,2011-04-30,97.78297890084133,0.018148326609781718,11986335.0,ok
COST,2011-05-31,96.95659163539233,-0.008451238392798488,12911034.0,ok
COST,2011-06-30,94.65384407860113,-0.02375029400219375,13443429.0,ok
COST,2011-07-31,97.12423677441971,0.026099232628810753,9988711.0,ok
COST,2011-08-31,99.2685015439944,0.022077545634206164,4762941.0,ok
COST,2011-09-30,100.098811894274,0.008364288141406107,8690410.0,ok
COST,2011-10-31,104.70117281494394,0.04597817729875797,12764769.0,ok
COST,2011-11-30,109.9255688623874,0.04989816166316885,13630257.0,ok
COST,2011-12-31,120.39605373608283,0.0952506771814221,12998825.0,ok
COST,2012-01-31,124.61670811851204,0.03505641797596781,19897429.0,ok
COST,2012-02-29,126.63320090131629,0.016181560348123902,10961327.0,ok
COST,2012-03-31,128.02710151412987,0.011007386711324063,19573679.0,ok
COST,2012-04-30,135.86500306380694,0.06122064357453283,18825761.0,ok
COST,2012-05-31,136.70749875356614,0.0062009764896080455,17827203.0,ok
COST,2012-06-30,141.7870754344234,0.037156532942014264,16079918.0,ok
COST,2012-07-31,140.0357122658007,-0.012352064976703159,11526160.0,ok
COST,2012-08-31,146.42929182137462,0.045656778918211405,12713822.0,ok
COST,2012-09-30,155.88926090626248,0.06460434908356882,19164700.0,ok
COST,2012-10-31,160.68218071197586,0.030745670213905285,9603577.0,ok
COST,2012-11-30,155.6929932230408,-0.031050035958114286,16375808.0,ok
COST,2012-12-31,149.72535733311835,-0.03832950838945837,14162275.0,ok
COST,2013-01-31,150.36356378135918,0.004262514109890647,15778390.0,ok
COST,2013-02-28,155.28461065588044,0.03272765522953991,7198450.0,ok
COST,2013-03-31,156.69964014385943,0.009112490168873055,19083259.0,ok
COST,2013-04-30,151.54709321305938,-0.032881676856881814,21046425.0,ok
COST,2013-05-31,162.66425471101675,0.07335780094658628,10433418.0,ok
COST,2013-06-30,151.85700963141642,-0.06643896717690123,18598387.0,ok
COST,2013-07-31,158.95892778125952,0.046767140793044115,12616998.0,ok
COST,2013-08-31,158.86137151176894,-0.0006137199769290502,16169323.0,ok
COST,2013-09-30,161.97699589552275,0.01961222136070373,19544976.0,ok
COST,2013-10-31,165.63759258373275,0.0225994849945923,11255116.0,ok
COST,2013-11-30,169.01785889209185,0.02040760346507886,22767005.0,ok
COST,2013-12-31,177.46947101429515,0.05000425503910311,11235827.0,ok
COST,2014-01-31,179.54188853613206,0.011677600152817158,5708695.0,ok
COST,2014-02-28,180.07591526600498,0.002974385165640303,5699440.0,ok
COST,2014-03-31,187.8827895380208,0.04335323944061953,15689860.0,ok
COST,2014-04-30,192.37883847889327,0.023930073382067985,13947806.0,ok
COST,2014-05-31,192.83684820417608,0.0023807697816673468,8659818.0,ok
COST,2014-06-30,192.63839360928992,-0.0010291321224874528,10841150.0,ok
COST,2014-07-31,206.77941915969714,0.07340709858226968,13168121.0,ok
COST,2014-08-31,212.1870281770689,0.026151582393194595,18907654.0,ok
COST,2014-09-30,209.51086879169605,-0.012612266679844386,13480656.0,ok
COST,2014-10-31,208.30610405588712,-0.005750368669449557,10554521.0,ok
COST,2014-11-30,209.60322243929332,0.006226982110222767,14684643.0,ok
COST,2014-12-31,213.97352776034384,0.02085037276712809,7639140.0,ok
COST,2015-01-31,216.3766855013118,0.011231098379887339,16787881.0,ok
COST,2015-02-28,218.68657400710075,0.010675311438648194,21707108.0,ok
COST,2015-03-31,227.32925571928354,0.03952086108359887,23994094.0,ok
COST,2015-04-30,229.43598427330983,0.009267300626839559,18394886.0,ok
COST,2015-05-31,227.81112400800652,-0.007081976571590154,5534716.0,ok
COST,2015-06-30,230.98387108083534,0.013927094590505229,14269304.0,ok
COST,2015-07-31,233.89097699628346,0.012585752857309895,16985039.0,ok
COST,2015-08-31,229.0111780763064,-0.02086356208625606,17210732.0,ok
COST,2015-09-30,228.95601673146484,-0.00024086747775775574,9218623.0,ok
COST,2015-10-31,222.68622056176915,-0.02738428218311173,14623594.0,ok
COST,2015-11-30,239.47342965805205,0.07538503753817327,16547398.0,ok
COST,2015-12-31,248.12242865784268,0.0361167375108824,13560687.0,ok
COST,2016-01-31,256.3764470103345,0.033265909886260214,11084464.0,ok
COST,2016-02-29,269.90672681120316,0.052775049965191334,16342434.0,ok
COST,2016-03-31,282.09617536939714,0.045161707165306764,17537313.0,ok
COST,2016-04-30,291.25581664864643,0.03246992366080459,14314136.0,ok
COST,2016-05-31,295.5758253129027,0.014832351552544809,11760417.0,ok
COST,2016-06-30,301.8010105710905,0.02106121247093773,10116429.0,ok
COST,2016-07-31,312.64186140862523,0.03592052530579948,11881826.0,ok
COST,2016-08-31,327.8513399957222,0.0486482472902694,14320443.0,ok
COST,2016-09-30,339.23589044021224,0.03472473360834405,16586197.0,ok
COST,2016-10-31,328.46404103533916,-0.0317532717157224,20518569.0,ok
COST,2016-11-30,336.4719766819085,0.02437994619236794,10868645.0,ok
COST,2016-12-31,323.4093989563839,-0.03882218618721289,11414220.0,ok
COST,2017-01-31,323.88398399898807,0.0014674435688499798,15379618.0,ok
COST,2017-02-28,335.2928970418944,0.035225307846472376,16377066.0,ok
COST,2017-03-31,360.358083422097,0.07475609117085114,12026665.0,ok
COST,2017-04-30,376.83644447921967,0.045727740864414335,23124574.0,ok
COST,2017-05-31,389.6225429913707,0.03393010070939706,14491684.0,ok
COST,2017-06-30,391.25264432615035,0.004183796251275185,20576583.0,ok
COST,2017-07-31,412.0884117120603,0.053253997610150705,9635068.0,ok
COST,2017-08-31,386.599226750239,-0.061853680514635356,7329027.0,ok
COST,2017-09-30,386.33122427475894,-0.0006932307592357745,13666448.0,ok
COST,2017-10-31,370.23128273713945,-0.04167393295181654,15765091.0,ok
COST,2017-11-30,369.89657166970505,-0.0009040593894710236,10635761.0,ok
COST,2017-12-31,376.26782987417056,0.017224431618021674,15813784.0,ok
COST,2018-01-31,369.5966369527151,-0.017729905114892364,8693000.0,ok
COST,2018-02-28,360.2721814555102,-0.025228734693270027,14844701.0,ok
COST,2018-03-31,370.2088073382803,0.02758088576982498,12633698.0,ok
COST,2018-04-30,386.717323297296,0.04459244521411665,10150436.0,ok
COST,2018-05-31,415.1023448368101,0.07339992244850291,12877065.0,ok
COST,2018-06-30,413.56239296090496,-0.003709812519875233,11154136.0,ok
COST,2018-07-31,419.32714835338044,0.013939264039949606,7148644.0,ok
COST,2018-08-31,425.318454110249,0.014287903324159412,21086800.0,ok
COST,2018-09-30,427.29238961857527,0.004641076560987001,8065649.0,ok
COST,2018-10-31,421.3097635410016,-0.01400124650690382,14431523.0,ok
COST,2018-11-30,420.6588815488644,-0.0015449012780209825,16025196.0,ok
COST,2018-12-31,389.2922753636147,-0.07456542001385535,17071153.0,ok
COST,2019-01-31,400.8116726534505,0.02959061357967152,13487843.0,ok
COST,2019-02-28,388.477935472247,-0.030771901176310013,15173894.0,ok
COST,2019-03-31,378.87298140545295,-0.02472458070267991,16313915.0,ok
COST,2019-04-30,413.11186649741813,0.09037035305329488,13016583.0,ok
COST,2019-05-31,424.4375275117272,0.027415482180006112,18058493.0,ok
COST,2019-06-30,412.9237561057471,-0.027127128634170994,12799093.0,ok
COST,2019-07-31,412.8437449394839,-0.00019376740882570687,14147875.0,ok
COST,2019-08-31,423.9484803565373,0.02689815590806921,18823054.0,ok
COST,2019-09-30,455.9647024648378,0.07551913402632104,18939001.0,ok
COST,2019-10-31,453.86051362777994,-0.004614806421819662,8830465.0,ok
COST,2019-11-30,494.0117198944983,0.08846596049033506,14633785.0,ok
COST,2019-12-31,511.0668423116196,0.034523720248506695,11261277.0,ok
COST,2020-01-31,536.2725288564438,0.04931974539928219,15191393.0,ok
COST,2020-02-29,560.7376474865998,0.04562068223469473,12929665.0,ok
COST,2020-03-31,510.97120572399666,-0.08875173975864081,11919103.0,ok
COST,2020-04-30,581.5980395702164,0.13822077067170224,8400225.0,ok
COST,2020-05-31,596.4818127038247,0.025591167990536956,15567391.0,ok
COST,2020-06-30,618.9305775714283,0.03763528810014227,4150996.0,ok
COST,2020-07-31,601.5678638540675,-0.028052764472372704,15463878.0,ok
COST,2020-08-31,600.8343433149004,-0.0012193479459950973,9693739.0,ok
COST,2020-09-30,591.8419763389305,-0.014966466341383766,19709922.0,ok
COST,2020-10-31,574.6683991792647,-0.029017166484032852,11614788.0,ok
COST,2020-11-30,532.1897924546232,-0.0739184663456508,16015052.0,ok
COST,2020-12-31,520.1032695674347,-0.022710925798560933,15081560.0,ok
COST,2021-01-31,527.6413692136857,0.014493467138786409,20417088.0,ok
COST,2021-02-28,526.969969718457,-0.0012724542357799296,12635342.0,ok
COST,2021-03-31,523.5506524959231,-0.006488637719452406,14908785.0,ok
COST,2021-04-30,593.4610718911331,0.13353133849022236,9701532.0,ok
COST,2021-05-31,640.6011533941551,0.07943247457293978,16376552.0,ok
COST,2021-06-30,659.3047432229514,0.02919693436344506,25015599.0,ok
COST,2021-07-31,637.912161391202,-0.032447183266381074,12744328.0,ok
COST,2021-08-31,603.348537945344,-0.05418241810985269,15504153.0,ok
COST,2021-09-30,599.8370632143623,-0.005819977194176595,9790850.0,ok
COST,2021-10-31,592.9937207617545,-0.01140866890741321,11747489.0,ok
COST,2021-11-30,608.7643556985036,0.02659494423733566,11037535.0,ok
COST,2021-12-31,612.8603369853909,0.006728352684492345,13824629.0,ok
COST,2022-01-31,585.4974653200203,-0.04464780964610349,13899659.0,ok
COST,2022-02-28,620.8643534031559,0.06040485258771322,7616933.0,ok
COST,2022-03-31,633.4782780153255,0.020316715789896245,7400986.0,ok
COST,2022-04-30,584.9732528162102,-0.07656935822816291,17591995.0,ok
COST,2022-05-31,589.7431359012676,0.00815401911470981,13838515.0,ok
COST,2022-06-30,552.239341745907,-0.06359343902840997,16191827.0,ok
COST,2022-07-31,543.5059564649646,-0.015814493138666674,17941203.0,ok
COST,2022-08-31,535.6516687850657,-0.014451152901771791,9469440.0,ok
COST,2022-09-30,558.7580611605872,0.04313697449674736,14116727.0,ok
COST,2022-10-31,589.0257003197811,0.054169489915412594,14997758.0,ok
COST,2022-11-30,606.5157889356024,0.029693252104833423,17744175.0,ok
COST,2022-12-31,596.9519039036329,-0.01576856729278797,15788916.0,ok
COST,2023-01-31,578.197707266749,-0.0314165957328304,12807339.0,ok
COST,2023-02-28,597.8656617048173,0.034015967533047586,22721205.0,ok
COST,2023-03-31,593.965567527462,-0.006523362064705607,13982873.0,ok
COST,2023-04-30,620.7340150693374,0.04506733892556447,15738671.0,ok
COST,2023-05-31,611.7428180534733,-0.01448478220556304,11900940.0,ok
COST,2023-06-30,646.7729365558496,0.057262819388447905,13544646.0,ok
COST,2023-07-31,629.1794251063276,-0.02720199076852181,15451889.0,ok
COST,2023-08-31,653.9914986312256,0.03943560856381301,12857252.0,ok
COST,2023-09-30,646.7840756333545,-0.011020667719619959,15485932.0,ok
COST,2023-10-31,627.4985021195706,-0.0298176381273747,10938579.0,ok
COST,2023-11-30,619.7636043330488,-0.012326559761329903,14618207.0,ok
COST,2023-12-31,611.5993974894586,-0.013173098236989866,10618556.0,ok
COST,2024-01-31,651.5650693546567,0.06534615964183788,14251259.0,ok
COST,2024-02-29,648.3941676078043,-0.004866592602935205,8196444.0,ok
COST,2024-03-31,651.8366398535458,0.005309227654594961,9917836.0,ok
COST,2024-04-30,616.1583579434647,-0.05473500525852193,9864560.0,ok
COST,2024-05-31,645.2742510338055,0.047253912431732825,13837003.0,ok
COST,2024-06-30,690.1924412406264,0.06961100669189357,12300069.0,ok
COST,2024-07-31,691.8654918776241,0.0024240350039046454,8122707.0,ok
COST,2024-08-31,715.387592018429,0.03399808259979742,15236983.0,ok
COST,2024-09-30,725.0409204462377,0.013493843806505312,8989989.0,ok
COST,2024-10-31,771.534926897615,0.06412604466898486,20364148.0,ok
COST,2024-11-30,799.5893325166255,0.03636180896154473,14840659.0,ok
COST,2024-12-31,810.0254622412062,0.013051862124941138,18465135.0,ok
COST,2025-01-31,840.9772395224567,0.03821086956404063,17335731.0,ok
COST,2025-02-28,839.8682040480718,-0.0013187461232775366,9259896.0,ok
COST,2025-03-31,922.4112674048223,0.09828097189404494,19716732.0,ok
COST,2025-04-30,928.0282566699003,0.006089462979871563,19586261.0,ok
COST,2025-05-31,870.4497406664505,-0.062043925483543316,15488345.0,ok
COST,2025-06-30,829.9868970231479,-0.046484985580353744,21345170.0,ok
COST,2025-07-31,897.9150867297335,0.08184248444188524,15690944.0,ok
COST,2025-08-31,952.0461974367006,0.06028533377706813,10881287.0,ok
COST,2025-09-30,983.1735189011459,0.032695179654362194,13596009.0,ok
COST,2025-10-31,997.3784914245215,0.014448082917501548,10079905.0,ok
COST,2025-11-30,1110.779776628504,0.11369934902247114,11038767.0,ok
COST,2025-12-31,1134.9816098292115,0.021788147128647184,21088403.0,ok
COST,2026-01-31,1174.5335374410743,0.034848077950632605,16255741.0,ok
COST,2026-02-28,1218.4791487825864,0.03741537379788684,11983692.0,ok
COST,2026-03-31,1197.345413347101,-0.01734435542586077,19228117.0,ok
COST,2026-04-30,1299.2004807560631,0.08506740517277556,16077277.0,ok
COST,2026-05-31,1305.0879715355427,0.0045316260782579665,13222122.0,ok
PG,2009-10-31,258.47,,21301466.0,ok
PG,2009-11-30,260.38548523177116,0.007410860957833165,11347581.0,ok
PG,2009-12-31,263.3332113031373,0.011320623608272129,17492212.0,ok
PG,2010-01-31,275.6270735115352,0.046685574324484724,9613935.0,ok
PG,2010-02-28,260.9320102349982,-0.05331502123256404,14286556.0,ok
PG,2010-03-31,255.50911147054896,-0.02078280376395869,16976192.0,ok
PG,2010-04-30,266.84697562129435,0.04437361973313525,21021351.0,ok
PG,2010-05-31,287.00315657275775,0.07553460519660815,22139788.0,ok
PG,2010-06-30,275.2617924819285,-0.040910226323077725,12983040.0,ok
PG,2010-07-31,284.9469437248059,0.035185236409129406,22936739.0,ok
PG,2010-08-31,298.0338402433859,0.045927485122349454,23557340.0,ok
PG,2010-09-30,295.47244129704734,-0.008594322524740239,17966301.0,ok
PG,2010-10-31,270.5374653111544,-0.08439019177705664,24526422.0,ok
PG,2010-11-30,283.29605704536806,0.047160165855548275,14159077.0,ok
PG,2010-12-31,272.25748646663334,-0.03896478720481089,14057770.0,ok
PG,2011-01-31,268.7062855772736,-0.013043538069227534,18169665.0,ok
PG,2011-02-28,261.47350692604243,-0.026917043029688226,16799053.0,ok
PG,2011-03-31,286.50344452585017,0.09572647682002988,17325654.0,ok
PG,2011-04-30,297.9584260073229,0.03998200266119034,20405082.0,ok
PG,2011-05-31,284.73171995914174,-0.04439111263078044,20119092.0,ok
PG,2011-06-30,294.82872446518826,0.035461467052197104,20597983.0,ok
PG,2011-07-31,288.49169542350893,-0.021493933649696206,11393611.0,ok
PG,2011-08-31,299.9645233584704,0.03976831263069536,21060786.0,ok
PG,2011-09-30,290.9993469920607,-0.029887455576524724,20359347.0,ok
PG,2011-10-31,286.29026263732504,-0.01618245677666108,10988997.0,ok
PG,2011-11-30,293.0834106815508,0.023728184052250967,29362376.0,ok
PG,2011-12-31,328.9694414714564,0.12244306392659499,14082717.0,ok
PG,2012-01-31,314.4007496778548,-0.044285851380106656,17358866.0,ok
PG,2012-02-29,318.77971569022236,0.01392797573432758,12916879.0,ok
PG,2012-03-31,326.8142559123031,0.02520405103155432,15372130.0,ok
PG,2012-04-30,348.47246301212436,0.06627069262741392,22131029.0,ok
PG,2012-05-31,355.6825799249509,0.020690636070648916,20481174.0,ok
PG,2012-06-30,341.36745214765756,-0.04024691841898431,32451712.0,ok
PG,2012-07-31,358.4934581220388,0.050168830878971615,16881541.0,ok
PG,2012-08-31,372.9521941813137,0.04033193837069349,10189272.0,ok
PG,2012-09-30,380.9122346782106,0.021343326627613513,13996562.0,ok
PG,2012-10-31,393.6086015769811,0.03333147571249895,17605420.0,ok
PG,2012-11-30,395.0444992818627,0.0036480343649218927,21526128.0,ok
PG,2012-12-31,397.80153469187485,0.006979050246298968,12369278.0,ok
PG,2013-01-31,433.83295197685715,0.09057636570681193,13714611.0,ok
PG,2013-02-28,456.2578122888248,0.05169008073218917,21973179.0,ok
PG,2013-03-31,493.627883387179,0.08190560269179081,17148714.0,ok
PG,2013-04-30,470.8525139188293,-0.04613874182323241,11012105.0,ok
PG,2013-05-31,484.6497490373091,0.029302668480301053,12707354.0,ok
PG,2013-06-30,515.6435295852374,0.06395088537545557,19519116.0,ok
PG,2013-07-31,526.8269923672261,0.021688360544316776,23341702.0,ok
PG,2013-08-31,574.3951291689244,0.09029176084535329,7478197.0,ok
PG,2013-09-30,566.0364781746123,-0.014552092400933136,16520603.0,ok
PG,2013-10-31,586.5862952038843,0.03630475741694661,12203430.0,ok
PG,2013-11-30,631.0282775658744,0.07576375841945482,15325379.0,ok
PG,2013-12-31,619.9732179168556,-0.01751911925668781,13614986.0,ok
PG,2014-01-31,623.327331214745,0.00541009385721436,25980246.0,ok
PG,2014-02-28,626.8966154878912,0.005726179640142437,14061349.0,ok
PG,2014-03-31,614.005373022759,-0.02056358599910335,15332611.0,ok
PG,2014-04-30,608.1516460754491,-0.009533673815412924,7713935.0,ok
PG,2014-05-31,600.1314702232149,-0.013187789433754427,16466936.0,ok
PG,2014-06-30,638.011233984978,0.06311910913066088,18542991.0,ok
PG,2014-07-31,680.2959962468929,0.0662758898425766,11303368.0,ok
PG,2014-08-31,715.1847775518722,0.05128470768232707,13561313.0,ok
PG,2014-09-30,740.3130179504549,0.03513531214212695,5974379.0,ok
PG,2014-10-31,709.6156635616524,-0.04146537159887809,19837706.0,ok
PG,2014-11-30,691.220335229545,-0.025922945724984214,19028523.0,ok
PG,2014-12-31,718.1204453522548,0.03891683845466831,24746578.0,ok
PG,2015-01-31,735.5398389711115,0.024256924770206245,13004410.0,ok
PG,2015-02-28,730.5701982830428,-0.006756453457395728,17950042.0,ok
PG,2015-03-31,761.3745901428441,0.04216486236667816,8804892.0,ok
PG,2015-04-30,735.9984876722294,-0.033329326719261476,14027001.0,ok
PG,2015-05-31,797.5176173536561,0.08358594577550771,17582217.0,ok
PG,2015-06-30,861.9296012647204,0.08076559377433923,13781568.0,ok
PG,2015-07-31,930.7031634668904,0.07979023124540285,11516328.0,ok
PG,2015-08-31,856.2181208804527,-0.08003093307320364,8625293.0,ok
PG,2015-09-30,807.9110124515392,-0.05641916148567272,14799602.0,ok
PG,2015-10-31,826.8482521409042,0.023439759326836507,11503056.0,ok
PG,2015-11-30,829.9399638267541,0.0037391524718650704,14796315.0,ok
PG,2015-12-31,837.395652293111,0.00898340698281297,15890098.0,ok
PG,2016-01-31,861.0560251428484,0.028254711837762958,16707578.0,ok
PG,2016-02-29,796.8873290920392,-0.0745232530486779,10369567.0,ok
PG,2016-03-31,834.4312091402589,0.047113159762493195,10469810.0,ok
PG,2016-04-30,877.8206338860585,0.05199880382051525,14003999.0,ok
PG,2016-05-31,846.4271815390548,-0.03576294647805989,17973219.0,ok
PG,2016-06-30,904.3001881654333,0.06837328465887427,11830578.0,ok
PG,2016-07-31,878.3356350854986,-0.028712316352172196,15212879.0,ok
PG,2016-08-31,909.4259502512023,0.035396850502003474,20335058.0,ok
PG,2016-09-30,880.0531549602072,-0.03229817148156122,20588710.0,ok
PG,2016-10-31,879.1944627820119,-0.0009757276288999694,13423977.0,ok
PG,2016-11-30,934.7420302704762,0.06318006975691892,8531723.0,ok
PG,2016-12-31,932.0519738663113,-0.0028778596843307414,16513328.0,ok
PG,2017-01-31,920.6372583607624,-0.012246865867574619,15048529.0,ok
PG,2017-02-28,863.1751727497372,-0.06241555519199726,13806881.0,ok
PG,2017-03-31,909.3678766527959,0.05351486623034685,13102602.0,ok
PG,2017-04-30,912.1072409546251,0.003012382966409932,28485242.0,ok
PG,2017-05-31,948.9846424228956,0.040430992993405024,10181921.0,ok
PG,2017-06-30,966.5878047297701,0.018549470159950232,18459571.0,ok
PG,2017-07-31,944.6059548298372,-0.022741700021839617,15210739.0,ok
PG,2017-08-31,909.5927202061745,-0.037066497881616756,7212984.0,ok
PG,2017-09-30,877.0257913106046,-0.03580385833363753,14718563.0,ok
PG,2017-10-31,866.3708033378294,-0.01214900186327772,17251128.0,ok
PG,2017-11-30,863.5139554064734,-0.0032974886969292516,22429280.0,ok
PG,2017-12-31,939.0378093367334,0.08746106934045939,18144509.0,ok
PG,2018-01-31,872.7617382144075,-0.0705787035019797,11040472.0,ok
PG,2018-02-28,874.76357308105,0.002293678536753996,24192155.0,ok
PG,2018-03-31,957.4768580647282,0.0945550175258778,12741942.0,ok
PG,2018-04-30,1012.2618408449692,0.05721807510938026,13118945.0,ok
PG,2018-05-31,1000.1874218580584,-0.011928157814219187,18158660.0,ok
PG,2018-06-30,978.3754693576091,-0.021807865229827694,11080246.0,ok
PG,2018-07-31,940.4269979131366,-0.03878722702378168,11614300.0,ok
PG,2018-08-31,953.1287403569385,0.01350635665712252,11363538.0,ok
PG,2018-09-30,926.7624313008466,-0.027662904222380158,15793950.0,ok
PG,2018-10-31,975.832754954954,0.05294811485315609,13902044.0,ok
PG,2018-11-30,931.8485709879029,-0.04507348594696581,12558300.0,ok
PG,2018-12-31,896.2746273698342,-0.03817567008806466,13873984.0,ok
PG,2019-01-31,940.1555501229268,0.048959237953509316,18994609.0,ok
PG,2019-02-28,969.1859852653768,0.030878331929917513,14243450.0,ok
PG,2019-03-31,896.6761391292237,-0.07481520290070942,15492335.0,ok
PG,2019-04-30,864.7136307640669,-0.03564554354730132,16112958.0,ok
PG,2019-05-31,820.0737033071463,-0.051623943313437226,9181092.0,ok
PG,2019-06-30,796.0540296290212,-0.029289652358391538,14598594.0,ok
PG,2019-07-31,856.4335187797096,0.07584848126304511,10509082.0,ok
PG,2019-08-31,882.1613764706682,0.030040694492687425,13096599.0,ok
PG,2019-09-30,805.9831222837005,-0.08635410279663336,17033438.0,ok
PG,2019-10-31,744.4235786263695,-0.07637820440073984,12119367.0,ok
PG,2019-11-30,729.0844682164073,-0.020605352719034298,26816858.0,ok
PG,2019-12-31,757.9425344345947,0.03958123849323547,13721634.0,ok
PG,2020-01-31,831.5550223205212,0.09712146309461245,13074353.0,ok
PG,2020-02-29,837.5197768418495,0.007173012442018845,20811397.0,ok
PG,2020-03-31,726.9507156400264,-0.13201964211371942,17668932.0,ok
PG,2020-04-30,828.0184934591058,0.13902975214777347,6172905.0,ok
PG,2020-05-31,834.5510942413616,0.00788943825996613,14842192.0,ok
PG,2020-06-30,809.8292655378273,-0.029622906103798696,21785449.0,ok
PG,2020-07-31,876.0812581422759,0.08180982760662414,19957748.0,ok
PG,2020-08-31,905.5941567697611,0.03368739868955428,17858911.0,ok
PG,2020-09-30,868.6714128452971,-0.04077184426207736,16788513.0,ok
PG,2020-10-31,900.1831333486135,0.036275765539585336,12927905.0,ok
PG,2020-11-30,896.4615409032426,-0.004134261471359535,16824911.0,ok
PG,2020-12-31,965.2163417391141,0.07669576183557925,21763440.0,ok
PG,2021-01-31,889.1168633059888,-0.07884188771194067,13920038.0,ok
PG,2021-02-28,914.5111833507142,0.028561284902754114,13895888.0,ok
PG,2021-03-31,945.2690249947258,0.03363309514851065,18481085.0,ok
PG,2021-04-30,978.8170232120997,0.035490423710394126,15900142.0,ok
PG,2021-05-31,1011.2072508766489,0.03309119773811964,18750099.0,ok
PG,2021-06-30,1006.8075572523096,-0.004350931641881606,21999975.0,ok
PG,2021-07-31,985.9314241159927,-0.02073497858249118,21714418.0,ok
PG,2021-08-31,908.2914109002577,-0.0787478837946044,18132089.0,ok
PG,2021-09-30,846.3952086034078,-0.068145753173534,21642872.0,ok
PG,2021-10-31,809.4568234708319,-0.043642006425728797,12609647.0,ok
PG,2021-11-30,835.6513087509918,0.0323605713370132,18929864.0,ok
PG,2021-12-31,907.7610749660837,0.0862916930302795,14999322.0,ok
PG,2022-01-31,885.3698341617429,-0.024666447396609725,14314606.0,ok
PG,2022-02-28,937.688573394733,0.05909252519601016,17255095.0,ok
PG,2022-03-31,943.290822176191,0.005974530286933177,21116218.0,ok
PG,2022-04-30,889.61705960253,-0.05690054574032055,15737541.0,ok
PG,2022-05-31,851.9646179086662,-0.0423243251547879,5048819.0,ok
PG,2022-06-30,750.6780792066969,-0.1188858510939097,8251701.0,ok
PG,2022-07-31,784.0630442305015,0.04447307833883363,18942500.0,ok
PG,2022-08-31,729.8853944263208,-0.06909858869493335,19998855.0,ok
PG,2022-09-30,779.8538278580427,0.06846065671857482,8574653.0,ok
PG,2022-10-31,784.8576531656793,0.006416363078424858,6532290.0,ok
PG,2022-11-30,827.7246079622225,0.05461748971121305,20352456.0,ok
PG,2022-12-31,887.5633137578324,0.07229301294174029,17607180.0,ok
PG,2023-01-31,909.8036138932608,0.02505770550752695,16969348.0,ok
PG,2023-02-28,982.3703419031093,0.07976087026003187,8129892.0,ok
PG,2023-03-31,948.7644029311859,-0.03420903251905982,20760899.0,ok
PG,2023-04-30,1011.269128816044,0.06588013387912861,11518990.0,ok
PG,2023-05-31,1046.368959735912,0.03470869417418254,11641408.0,ok
PG,2023-06-30,1019.9056632061732,-0.025290597817826832,14386058.0,ok
PG,2023-07-31,1038.2140326943622,0.017951042090142755,18714614.0,ok
PG,2023-08-31,1154.2492864885314,0.11176428957816698,18525020.0,ok
PG,2023-09-30,1077.3568246264151,-0.06661685890752367,20502768.0,ok
PG,2023-10-31,1003.5702109404692,-0.06848855643675178,17981262.0,ok
PG,2023-11-30,997.5668974424605,-0.005981956650928155,25323959.0,ok
PG,2023-12-31,1002.9668700315681,0.005413143321968628,17723481.0,ok
PG,2024-01-31,1015.3272031266689,0.012323770071001272,16064779.0,ok
PG,2024-02-29,1055.1508648389317,0.03922249063122418,17529838.0,ok
PG,2024-03-31,1044.322813720369,-0.01026208808558926,23062620.0,ok
PG,2024-04-30,989.9795349913306,-0.05203685873282993,15863126.0,ok
PG,2024-05-31,964.913054946194,-0.02532020022550885,17427322.0,ok
PG,2024-06-30,1006.8535227450561,0.04346554084212362,22118632.0,ok
PG,2024-07-31,956.4432799243027,-0.05006710676575521,21301102.0,ok
PG,2024-08-31,985.6154723914196,0.030500703052067868,14840032.0,ok
PG,2024-09-30,1008.7374292403159,0.023459409370669704,8919455.0,ok
PG,2024-10-31,998.6013790119497,-0.010048254317280292,13881802.0,ok
PG,2024-11-30,1020.0923914501531,0.021521112317576918,10323088.0,ok
PG,2024-12-31,1017.7030975282645,-0.0023422328623508015,21294666.0,ok
PG,2025-01-31,979.9499270689485,-0.03709644841507176,18599478.0,ok
PG,2025-02-28,944.9705949026204,-0.03569501991897894,8678353.0,ok
PG,2025-03-31,1043.4606243091064,0.10422549647339596,17686225.0,ok
PG,2025-04-30,1071.8566854280737,0.027213351857688695,13244243.0,ok
PG,2025-05-31,1041.0431245811396,-0.02874783659592306,18342080.0,ok
PG,2025-06-30,995.222103858708,-0.04401452700709929,17019389.0,ok
PG,2025-07-31,1062.7576615832825,0.06785978472817611,17350789.0,ok
PG,2025-08-31,1066.2798442237279,0.003314191718174042,8478914.0,ok
PG,2025-09-30,1137.0171364652588,0.06634026951248329,12437930.0,ok
PG,2025-10-31,1189.575099271937,0.046224424523688024,14333533.0,ok
PG,2025-11-30,1206.0236142587669,0.013827218640417804,13870068.0,ok
PG,2025-12-31,1265.149978434117,0.04902587600798314,8878954.0,ok
PG,2026-01-31,1197.3752044163034,-0.05357054513149406,11703735.0,ok
PG,2026-02-28,1206.453177897488,0.0075815612747802685,12850765.0,ok
PG,2026-03-31,1178.2176239159896,-0.02340377106942948,9812057.0,ok
PG,2026-04-30,1198.631124831882,0.017325747384464574,17999803.0,ok
PG,2026-05-31,1172.7465316728521,-0.02159512849514933,15635815.0,ok
KO,2009-10-31,87.87,,25527428.0,ok
KO,2009-11-30,86.91209248750054,-0.01090141700807401,11696408.0,ok
KO,2009-12-31,87.38936395268946,0.005491427619897182,18464597.0,ok
KO,2010-01-31,90.52811482654752,0.03591685225626895,27561502.0,ok
KO,2010-02-28,89.48072231415082,-0.011569803639493781,21243750.0,ok
KO,2010-03-31,93.08379466936434,0.040266464798571544,19288330.0,ok
KO,2010-04-30,92.7934257653418,-0.0031194356123311895,15056973.0,ok
KO,2010-05-31,92.1257946014176,-0.007194811037718574,7128862.0,ok
KO,2010-06-30,103.41181749915512,0.12250665458644372,19957550.0,ok
KO,2010-07-31,104.99636040347818,0.015322648248939252,19076310.0,ok
KO,2010-08-31,109.53475912268857,0.04322434322266333,14507925.0,ok
KO,2010-09-30,114.3258496123926,0.04374036632825917,9389252.0,ok
KO,2010-10-31,117.8198174599553,0.030561485957975032,19316761.0,ok
KO,2010-11-30,128.9600300621345,0.09455296097335708,33138504.0,ok
KO,2010-12-31,131.43179094634306,0.01916687583755694,14780295.0,ok
KO,2011-01-31,130.84385164701635,-0.004473341610073067,13278180.0,ok
KO,2011-02-28,137.5950909671043,0.05159768101523876,14240375.0,ok
KO,2011-03-31,119.46087464967864,-0.13179406467169041,16647864.0,ok
KO,2011-04-30,124.9550272961594,0.04599123070706179,14006268.0,ok
KO,2011-05-31,127.96350210286745,0.02407646072196501,16297386.0,ok
KO,2011-06-30,135.69431183513768,0.06041417752114642,22636745.0,ok
KO,2011-07-31,134.9738384737241,-0.005309532519601312,25260221.0,ok
KO,2011-08-31,136.67668639156153,0.012616133149157882,23859019.0,ok
KO,2011-09-30,133.97313663151326,-0.019780621197553416,20039302.0,ok
KO,2011-10-31,141.04385801845106,0.052777157904315475,16092983.0,ok
KO,2011-11-30,146.46030563207185,0.03840257696944316,22052501.0,ok
KO,2011-12-31,153.65700210930052,0.04913752191196252,9087198.0,ok
KO,2012-01-31,153.1073758436936,-0.0035769685602479173,7638230.0,ok
KO,2012-02-29,158.85537260276126,0.03754225900217745,14800185.0,ok
KO,2012-03-31,172.95048685769854,0.08872922598711197,32758213.0,ok
KO,2012-04-30,179.52837960313425,0.03803338669319811,25255480.0,ok
KO,2012-05-31,184.03750662246946,0.025116513775165217,26289093.0,ok
KO,2012-06-30,189.0229278739781,0.02708915885138352,27613006.0,ok
KO,2012-07-31,180.15102827583934,-0.046935573890029225,16889987.0,ok
KO,2012-08-31,180.2629745713506,0.0006214024787016825,20269821.0,ok
KO,2012-09-30,198.01353001181087,0.09847033470222888,18012921.0,ok
KO,2012-10-31,184.4366206843889,-0.06856556381077672,24946753.0,ok
KO,2012-11-30,187.01757331453953,0.013993710254359915,26781349.0,ok
KO,2012-12-31,177.69277130077467,-0.04986056576662845,18900334.0,ok
KO,2013-01-31,191.59924272660865,0.078261323316833,18893821.0,ok
KO,2013-02-28,199.0569558588556,0.038923500041637915,15449082.0,ok
KO,2013-03-31,211.10345173444452,0.060517834323411845,12644660.0,ok
KO,2013-04-30,210.52710539570384,-0.002730160658224068,17093704.0,ok
KO,2013-05-31,231.63939680163566,0.10028300805375845,24721924.0,ok
KO,2013-06-30,219.459830302628,-0.05257985760271,15214320.0,ok
KO,2013-07-31,228.7591985960257,0.04237389722107299,13007307.0,ok
KO,2013-08-31,247.45989218305616,0.08174837865232565,17437599.0,ok
KO,2013-09-30,246.01246898963868,-0.005849122379584459,17197349.0,ok
KO,2013-10-31,252.36045433639086,0.02580351058148822,6882196.0,ok
KO,2013-11-30,243.4076691370231,-0.035476181174701416,25236062.0,ok
KO,2013-12-31,247.59569680803895,0.017205816422564135,21365918.0,ok
KO,2014-01-31,243.82011678994087,-0.015248972687216367,14499324.0,ok
KO,2014-02-28,242.57526313834686,-0.005105623227416034,12859962.0,ok
KO,2014-03-31,257.01931067319987,0.059544602149375736,13309372.0,ok
KO,2014-04-30,254.03784253024818,-0.01160017173473249,20506230.0,ok
KO,2014-05-31,243.13808817853734,-0.04290602629572016,18938925.0,ok
KO,2014-06-30,244.81158425789502,0.006882903834173559,19177773.0,ok
KO,2014-07-31,245.15636098752137,0.001408335029044805,30494013.0,ok
KO,2014-08-31,228.90223509053862,-0.06630105713557266,16309344.0,ok
KO,2014-09-30,238.67577480580096,0.0426974411647687,22523349.0,ok
KO,2014-10-31,233.12575333146458,-0.023253392510623083,13390853.0,ok
KO,2014-11-30,233.12010385428025,-2.423360398240426e-05,27360545.0,ok
KO,2014-12-31,232.89623352026848,-0.0009603218697590288,32732779.0,ok
KO,2015-01-31,236.59298879645743,0.015872971495982657,32543667.0,ok
KO,2015-02-28,238.21921888894354,0.006873534591023578,21082784.0,ok
KO,2015-03-31,248.16454984435748,0.04174865068317768,18856587.0,ok
KO,2015-04-30,252.48771255766584,0.017420549051102352,13448783.0,ok
KO,2015-05-31,254.807245996542,0.009186718099584379,16429541.0,ok
KO,2015-06-30,263.2310228403789,0.03305940853797851,19190474.0,ok
KO,2015-07-31,264.3849520603187,0.004383712859861388,16220477.0,ok
KO,2015-08-31,244.21218868577196,-0.07630072444495395,18808985.0,ok
KO,2015-09-30,222.20405216239877,-0.09011891110681247,18696923.0,ok
KO,2015-10-31,211.9561185915438,-0.046119472039894305,13225588.0,ok
KO,2015-11-30,217.24768406063856,0.024965382005753822,24369187.0,ok
KO,2015-12-31,216.46590068280756,-0.0035985809524800016,13395644.0,ok
KO,2016-01-31,225.64545204373186,0.042406454466818344,15053413.0,ok
KO,2016-02-29,215.53950744576142,-0.044786830429943025,23485535.0,ok
KO,2016-03-31,219.41668993612,0.01798826830544864,25206509.0,ok
KO,2016-04-30,215.00997913117942,-0.020083753912355284,17711065.0,ok
KO,2016-05-31,222.8610883905952,0.03651509242101625,13779904.0,ok
KO,2016-06-30,204.95495855298242,-0.08034659602052108,15115202.0,ok
KO,2016-07-31,208.97038533106556,0.019591752287589248,27473857.0,ok
KO,2016-08-31,209.64801620380504,0.0032427124621794423,26001125.0,ok
KO,2016-09-30,210.05387138683727,0.001935888497211824,21964233.0,ok
KO,2016-10-31,199.33654155902983,-0.05102181529456462,16336682.0,ok
KO,2016-11-30,219.40686211393293,0.1006856063516064,15910228.0,ok
KO,2016-12-31,222.839205088798,0.015643735760109134,20216888.0,ok
KO,2017-01-31,245.68221916693457,0.10250895514114755,24767911.0,ok
KO,2017-02-28,251.37996406453846,0.02319152324870699,29622667.0,ok
KO,2017-03-31,254.63482805569845,0.01294798494888938,22595228.0,ok
KO,2017-04-30,265.9727554040437,0.04452622382773663,13927680.0,ok
KO,2017-05-31,267.63682512517033,0.006256542022880174,27738108.0,ok
KO,2017-06-30,238.80606427651392,-0.10772344513940724,22263745.0,ok
KO,2017-07-31,232.67383149255048,-0.02567871466137861,11268295.0,ok
KO,2017-08-31,222.15004980048963,-0.04522976058181172,20996483.0,ok
KO,2017-09-30,209.04463336241704,-0.058993533649181695,19385815.0,ok
KO,2017-10-31,199.69445672521775,-0.04472813526376951,17595433.0,ok
KO,2017-11-30,200.6122957918588,0.004596217049249507,19941940.0,ok
KO,2017-12-31,199.4485508154844,-0.005800965348513931,13426014.0,ok
KO,2018-01-31,197.16011103948543,-0.011473835064944038,9267410.0,ok
KO,2018-02-28,206.21618703282257,0.04593259734735833,24456425.0,ok
KO,2018-03-31,216.1959464094054,0.04839464602744492,26026377.0,ok
KO,2018-04-30,224.11837545436103,0.03664466969215563,19721954.0,ok
KO,2018-05-31,234.82882255049918,0.047789241174109875,23178478.0,ok
KO,2018-06-30,232.73666324504694,-0.008909295216528723,23174510.0,ok
KO,2018-07-31,240.16623984102168,0.03192267385973557,19924681.0,ok
KO,2018-08-31,241.27282151672276,0.0046075654781188025,18270681.0,ok
KO,2018-09-30,248.21538123784592,0.028774727619463647,23190385.0,ok
KO,2018-10-31,255.10603128254525,0.02776076974092323,23923230.0,ok
KO,2018-11-30,241.33515624068193,-0.053980985759647715,19531994.0,ok
KO,2018-12-31,241.23045634171936,-0.00043383608336844404,15941970.0,ok
KO,2019-01-31,246.30789239400502,0.02104807216006388,13864923.0,ok
KO,2019-02-28,247.93854168348295,0.006620369626116007,20781410.0,ok
KO,2019-03-31,237.17016679328304,-0.04343162953643065,17446878.0,ok
KO,2019-04-30,235.92943566950285,-0.005231396260987675,19403732.0,ok
KO,2019-05-31,223.25432612518227,-0.053724154887041076,22544351.0,ok
KO,2019-06-30,227.76153106877754,0.020188656685057982,28139574.0,ok
KO,2019-07-31,227.42301711265907,-0.001486264842574525,17054904.0,ok
KO,2019-08-31,242.37150287420891,0.06572987181040157,15847741.0,ok
KO,2019-09-30,245.451600911133,0.012708169072676245,22685396.0,ok
KO,2019-10-31,250.81641802330324,0.021856924510802456,16815149.0,ok
KO,2019-11-30,262.79059742394196,0.047740811765863755,33442575.0,ok
KO,2019-12-31,256.8579322678165,-0.0225756370824588,22995718.0,ok
KO,2020-01-31,268.06247516390476,0.04362155685503866,20520460.0,ok
KO,2020-02-29,255.53233354372568,-0.04674336313770744,9182181.0,ok
KO,2020-03-31,244.3351641286115,-0.04381899253151922,26128790.0,ok
KO,2020-04-30,277.16088178537444,0.13434708742735202,35044147.0,ok
KO,2020-05-31,267.0011422843133,-0.0366564698294205,14667656.0,ok
KO,2020-06-30,270.97807488157923,0.014894814918174237,28781075.0,ok
KO,2020-07-31,271.88485136436003,0.0033463094133245885,20006118.0,ok
KO,2020-08-31,267.75759806959843,-0.015180151722504642,12123345.0,ok
KO,2020-09-30,258.33048055255347,-0.03520765642136725,21023373.0,ok
KO,2020-10-31,271.4148148117079,0.050649595166500916,15692480.0,ok
KO,2020-11-30,290.454260772742,0.07014888252965323,23047743.0,ok
KO,2020-12-31,270.2906019819807,-0.06942111552131014,22116702.0,ok
KO,2021-01-31,249.5069354126574,-0.07689378179234252,20412204.0,ok
KO,2021-02-28,253.3985961235316,0.015597404955649097,21674752.0,ok
KO,2021-03-31,275.9155490717399,0.08885981727077641,15372951.0,ok
KO,2021-04-30,280.34305975271207,0.016046615335263192,15766818.0,ok
KO,2021-05-31,293.4910449049426,0.04689962777686829,26069401.0,ok
KO,2021-06-30,293.73391443067845,0.0008275193739368802,28755561.0,ok
KO,2021-07-31,300.9905446462399,0.024704774828696374,30784855.0,ok
KO,2021-08-31,292.0880707207361,-0.02957725444819903,22721741.0,ok
KO,2021-09-30,302.6854185662566,0.03628134425131169,28600981.0,ok
KO,2021-10-31,295.6543573033829,-0.023228939458590614,11312179.0,ok
KO,2021-11-30,301.7193927029802,0.020513938826796085,23016702.0,ok
KO,2021-12-31,293.56229025593336,-0.027035393296966137,18774817.0,ok
KO,2022-01-31,267.40058886415613,-0.08911805862043432,18534769.0,ok
KO,2022-02-28,278.49117072541054,0.04147553267688808,25232337.0,ok
KO,2022-03-31,265.57105001546915,-0.04639328663916775,36064383.0,ok
KO,2022-04-30,251.21198016749864,-0.0540686563807844,19684969.0,ok
KO,2022-05-31,256.4759622223471,0.020954343225743743,25262727.0,ok
KO,2022-06-30,232.01830540429566,-0.09536042522709531,27866965.0,ok
KO,2022-07-31,230.32631342519906,-0.007292493478685991,22549999.0,ok
KO,2022-08-31,226.7312911880402,-0.015608387004059754,12064510.0,ok
KO,2022-09-30,228.93691874815747,0.00972793630980573,24382508.0,ok
KO,2022-10-31,232.42405802694796,0.015231878273973543,15866646.0,ok
KO,2022-11-30,237.1617669898087,0.020383900888226725,23398430.0,ok
KO,2022-12-31,242.47162521556177,0.02238918310125948,26906276.0,ok
KO,2023-01-31,234.9811080517254,-0.030892345267934496,22799607.0,ok
KO,2023-02-28,226.30950828818942,-0.03690339123614628,26620354.0,ok
KO,2023-03-31,239.19990922696823,0.05695916639244247,22109438.0,ok
KO,2023-04-30,232.64764533115823,-0.027392417986215833,24761751.0,ok
KO,2023-05-31,244.32394752279032,0.05018878301996854,19449516.0,ok
KO,2023-06-30,231.17057696587787,-0.053835781102405056,8281804.0,ok
KO,2023-07-31,236.01366250775908,0.02095026800316413,14832018.0,ok
KO,2023-08-31,253.29583464732247,0.07322530380627956,33411811.0,ok
KO,2023-09-30,249.76027945996483,-0.013958205006728064,28636571.0,ok
KO,2023-10-31,268.3372163839069,0.0743790684576,20770231.0,ok
KO,2023-11-30,266.9877848132323,-0.005028864757782858,23836162.0,ok
KO,2023-12-31,258.24419043852345,-0.03274904273551427,14488407.0,ok
KO,2024-01-31,266.45264228565406,0.03178562055236123,17793325.0,ok
KO,2024-02-29,288.49609324695615,0.08272933896324486,18235034.0,ok
KO,2024-03-31,286.0522625204028,-0.00847093178645375,27966739.0,ok
KO,2024-04-30,281.83205088525483,-0.014753288780042229,18278017.0,ok
KO,2024-05-31,294.3412409732797,0.04438526437547674,26938429.0,ok
KO,2024-06-30,319.24039234805747,0.08459280559001958,18537484.0,ok
KO,2024-07-31,305.187236842228,-0.04402060592165846,16011215.0,ok
KO,2024-08-31,306.1034662626854,0.003002187869773465,14738598.0,ok
KO,2024-09-30,299.98823256463146,-0.019977668899724632,22546928.0,ok
KO,2024-10-31,319.81237136838683,0.06608305477277132,30617625.0,ok
KO,2024-11-30,314.2189770243323,-0.01748961217517009,19923000.0,ok
KO,2024-12-31,306.7270383740441,-0.02384304958674721,13896181.0,ok
KO,2025-01-31,329.2988193978438,0.07358914670011596,29973439.0,ok
KO,2025-02-28,321.71730431084495,-0.023023207616906682,21233152.0,ok
KO,2025-03-31,328.7057576126791,0.021722341969774517,15512669.0,ok
KO,2025-04-30,335.2786663255619,0.019996329728509954,20348512.0,ok
KO,2025-05-31,307.0285989484423,-0.08425846978789953,17242973.0,ok
KO,2025-06-30,309.86445497197144,0.009236455604597626,17012006.0,ok
KO,2025-07-31,332.3047273487731,0.0724196403192856,22510906.0,ok
KO,2025-08-31,353.4410148574876,0.0636051363979866,9309527.0,ok
KO,2025-09-30,354.0705301828018,0.0017811043394837522,11119285.0,ok
KO,2025-10-31,347.7491901071738,-0.0178533358095756,17585796.0,ok
KO,2025-11-30,383.3028127213021,0.10223926791366766,24858907.0,ok
KO,2025-12-31,360.35340165672915,-0.059872795875514084,14473700.0,ok
KO,2026-01-31,362.96495945433526,0.007247212834954331,11689304.0,ok
KO,2026-02-28,370.6664371813295,0.021218240291217993,31827999.0,ok
KO,2026-03-31,388.0591736794162,0.04692287931528627,13044692.0,ok
KO,2026-04-30,397.74466647327273,0.02495880383917415,29140812.0,ok
KO,2026-05-31,379.0979439122887,-0.04688113790769588,21600201.0,ok
PEP,2009-10-31,167.45,,70259487.0,ok
PEP,2009-11-30,161.4378554717434,-0.03590411781580527,58224232.0,ok
PEP,2009-12-31,167.00293712422075,0.03447197459490159,32533802.0,ok
PEP,2010-01-31,169.9071273023958,0.017390054499549557,124566556.0,ok
PEP,2010-02-28,159.4623649067944,-0.061473362309352186,65794666.0,ok
PEP,2010-03-31,143.20822665804687,-0.10193087414856827,33637158.0,ok
PEP,2010-04-30,143.21244360119445,2.9446235359387174e-05,94844296.0,ok
PEP,2010-05-31,143.46402119672095,0.0017566741352941229,97980403.0,ok
PEP,2010-06-30,139.17238625297676,-0.029914363949546607,128822161.0,ok
PEP,2010-07-31,140.31761083036318,0.008228820445060903,162802273.0,ok
PEP,2010-08-31,144.2159064290982,0.027781941095390117,71974395.0,ok
PEP,2010-09-30,146.5627160882815,0.016272890538167273,90136503.0,ok
PEP,2010-10-31,149.3602019629419,0.01908729552320354,88373033.0,ok
PEP,2010-11-30,163.17538072193287,0.09249571557501435,118535324.0,ok
PEP,2010-12-31,167.39308893037696,0.025847699510696875,119377523.0,ok
PEP,2011-01-31,173.91314624030196,0.038950576463983255,80592282.0,ok
PEP,2011-02-28,185.1440833102673,0.0645778499944285,117361909.0,ok
PEP,2011-03-31,196.8389147193256,0.06316610933474953,62602166.0,ok
PEP,2011-04-30,206.04840568065603,0.046786942381095376,102412729.0,ok
PEP,2011-05-31,200.10131046807584,-0.02886261212715857,103459145.0,ok
PEP,2011-06-30,197.0780310878364,-0.015108743531801028,107868284.0,ok
PEP,2011-07-31,198.6528239042244,0.007990707070166136,142350804.0,ok
PEP,2011-08-31,187.6116166615825,-0.05558041927440782,100156104.0,ok
PEP,2011-09-30,194.03574851606052,0.034241652882646356,80420354.0,ok
PEP,2011-10-31,180.98958105159824,-0.06723589629352467,126471956.0,ok
PEP,2011-11-30,180.68976424646627,-0.0016565417931239113,130525844.0,ok
PEP,2011-12-31,183.91010185025277,0.017822468346319065,85192622.0,ok
PEP,2012-01-31,185.05627449802492,0.006232244103183682,88577999.0,ok
PEP,2012-02-29,187.4039143951966,0.012686086454186896,103141707.0,ok
PEP,2012-03-31,207.80613160736112,0.10886761505493636,90124886.0,ok
PEP,2012-04-30,211.68225376783025,0.018652588017916916,97590991.0,ok
PEP,2012-05-31,194.5462539995541,-0.08095151796272282,101073310.0,ok
PEP,2012-06-30,188.98416357037013,-0.028590066962670524,76451328.0,ok
PEP,2012-07-31,194.48910646563772,0.02912912273317425,26189533.0,ok
PEP,2012-08-31,200.06098980300482,0.028648819662048908,98211058.0,ok
PEP,2012-09-30,214.61580604311385,0.07275189558164641,102245846.0,ok
PEP,2012-10-31,215.86207324331266,0.005806968383067046,53352168.0,ok
PEP,2012-11-30,206.923961189322,-0.04140658856693147,98200622.0,ok
PEP,2012-12-31,203.08249772051758,-0.018564614009538127,79527409.0,ok
PEP,2013-01-31,216.80009454063716,0.06754691799683177,154289580.0,ok
PEP,2013-02-28,221.01360413241133,0.019434998867052578,85192342.0,ok
PEP,2013-03-31,224.14752232852916,0.014179752456506156,115915719.0,ok
PEP,2013-04-30,216.30210586134604,-0.03500112954933421,115305549.0,ok
PEP,2013-05-31,221.27310938686335,0.022981762039357312,78106002.0,ok
PEP,2013-06-30,217.14366259191797,-0.01866221705108162,111560290.0,ok
PEP,2013-07-31,227.00772559102367,0.045426437416427934,55653789.0,ok
PEP,2013-08-31,223.5652062474246,-0.01516476734276917,132801413.0,ok
PEP,2013-09-30,237.40291996263227,0.061895649808285214,96584399.0,ok
PEP,2013-10-31,237.8728224244839,0.0019793457549956983,99226429.0,ok
PEP,2013-11-30,251.60805252882588,0.05774190579801286,77551066.0,ok
PEP,2013-12-31,264.3778908918267,0.050752900134378054,113368549.0,ok
PEP,2014-01-31,262.29568998813403,-0.007875851103391396,73733459.0,ok
PEP,2014-02-28,256.81634655345607,-0.020889948420143023,94130222.0,ok
PEP,2014-03-31,243.0813002889811,-0.05348197826502454,104421129.0,ok
PEP,2014-04-30,253.1396049296237,0.04137835624823882,87327354.0,ok
PEP,2014-05-31,247.07426181548172,-0.02396046685712505,82353993.0,ok
PEP,2014-06-30,241.67895679824193,-0.021836774812542314,35990681.0,ok
PEP,2014-07-31,241.57041706666402,-0.000449107084107947,119219579.0,ok
PEP,2014-08-31,247.88437896578208,0.02613714864504968,124788771.0,ok
PEP,2014-09-30,239.09658838564866,-0.035451167261114414,118457375.0,ok
PEP,2014-10-31,221.55786943976184,-0.07335411627704991,154388992.0,ok
PEP,2014-11-30,221.66799689089243,0.0004970595330648919,113767607.0,ok
PEP,2014-12-31,227.0070651906138,0.024085877865126948,102831580.0,ok
PEP,2015-01-31,229.85832039285617,0.01256020467842367,31656296.0,ok
PEP,2015-02-28,237.79315945176705,0.03452056486512767,120310766.0,ok
PEP,2015-03-31,240.69918050392866,0.01222079330987258,128225206.0,ok
PEP,2015-04-30,230.13269351723144,-0.043899139849895574,105131087.0,ok
PEP,2015-05-31,239.4488050599424,0.040481477882730266,74815120.0,ok
PEP,2015-06-30,248.32700726391818,0.03707766343521013,68195932.0,ok
PEP,2015-07-31,250.05588692185998,0.006962108861982896,137399161.0,ok
PEP,2015-08-31,230.12072070530485,-0.07972284300902976,108098706.0,ok
PEP,2015-09-30,219.67035379391893,-0.045412542075117024,80739092.0,ok
PEP,2015-10-31,227.50888848504653,0.03568317051321923,76722387.0,ok
PEP,2015-11-30,231.76778561425573,0.018719695558132576,92769073.0,ok
PEP,2015-12-31,244.7307922320365,0.0559310112206699,48409851.0,ok
PEP,2016-01-31,240.67189086595366,-0.016585168253917426,54333052.0,ok
PEP,2016-02-29,241.71862831622448,0.0043492301760068575,87330073.0,ok
PEP,2016-03-31,249.67761984849835,0.03292667837690044,149736743.0,ok
PEP,2016-04-30,247.18199718664374,-0.009995379895758938,108544431.0,ok
PEP,2016-05-31,250.3388668827236,0.012771438583758066,64224009.0,ok
PEP,2016-06-30,261.5416132014977,0.04475032765895759,84503246.0,ok
PEP,2016-07-31,261.4019165687749,-0.0005341277474463224,103826472.0,ok
PEP,2016-08-31,255.69742544042083,-0.02182268287559852,85566965.0,ok
PEP,2016-09-30,258.6935716636803,0.011717545525141038,140062033.0,ok
PEP,2016-10-31,256.80188483296126,-0.007312461684120919,87643975.0,ok
PEP,2016-11-30,273.5105283340888,0.06506433358927954,99570171.0,ok
PEP,2016-12-31,261.04979607161096,-0.04555851044701742,134860467.0,ok
PEP,2017-01-31,270.14520369803193,0.03484165765801217,79391788.0,ok
PEP,2017-02-28,261.8015257299961,-0.030885900818592216,141033002.0,ok
PEP,2017-03-31,267.82090875735054,0.022992161755246654,65252894.0,ok
PEP,2017-04-30,296.22317059744915,0.10604945660098353,92623913.0,ok
PEP,2017-05-31,288.73229643409167,-0.025287941345875198,93613066.0,ok
PEP,2017-06-30,287.35845156357516,-0.0047581960434762705,111142471.0,ok
PEP,2017-07-31,292.95383109976575,0.019471776472016034,91945579.0,ok
PEP,2017-08-31,272.00696776306165,-0.07150226797877446,148415400.0,ok
PEP,2017-09-30,274.944553185566,0.010799669753545516,66888706.0,ok
PEP,2017-10-31,260.4517292175047,-0.05271180607196757,126910494.0,ok
PEP,2017-11-30,249.15438535080787,-0.04337596030035318,66094423.0,ok
PEP,2017-12-31,255.71791540515213,0.026343225085534216,73218597.0,ok
PEP,2018-01-31,249.74349326865976,-0.02336333035965299,108195983.0,ok
PEP,2018-02-28,256.48317623292786,0.026986420651279763,92747467.0,ok
PEP,2018-03-31,246.24976134778163,-0.03989897129101616,83905721.0,ok
PEP,2018-04-30,251.7241959013192,0.022231227854089042,96100396.0,ok
PEP,2018-05-31,246.8455678645524,-0.019380846641692373,54936054.0,ok
PEP,2018-06-30,234.92435219954197,-0.048294226095044857,77004162.0,ok
PEP,2018-07-31,233.82495119431,-0.004679808606211089,59983816.0,ok
PEP,2018-08-31,223.94115331705606,-0.04227007351769074,88049211.0,ok
PEP,2018-09-30,230.00846706672354,0.027093339744827416,131035084.0,ok
PEP,2018-10-31,228.65341177374938,-0.005891327872643348,68574981.0,ok
PEP,2018-11-30,228.22347600295902,-0.0018802945797099513,73070351.0,ok
PEP,2018-12-31,240.5285741117402,0.05391688148953455,43255514.0,ok
PEP,2019-01-31,249.80356094592344,0.03856085235791751,39584663.0,ok
PEP,2019-02-28,248.04681920958262,-0.007032492770273624,69700097.0,ok
PEP,2019-03-31,246.63966905718777,-0.005672921575365586,86110327.0,ok
PEP,2019-04-30,248.57875676675752,0.007862026887167639,71720527.0,ok
PEP,2019-05-31,267.7803237853249,0.07724540611724251,95831853.0,ok
PEP,2019-06-30,289.5772189707886,0.08139841970964934,109822771.0,ok
PEP,2019-07-31,304.4551900344061,0.05137825108099525,92628516.0,ok
PEP,2019-08-31,341.71269916237975,0.12237436032462856,38145723.0,ok
PEP,2019-09-30,358.95090904456345,0.050446500596667,87335293.0,ok
PEP,2019-10-31,362.7192987296924,0.010498342782191195,26844897.0,ok
PEP,2019-11-30,374.6251642991538,0.032823909869581946,62365475.0,ok
PEP,2019-12-31,381.31950486483646,0.017869436449114096,82381372.0,ok
PEP,2020-01-31,394.15609727539567,0.033663613444345764,80927337.0,ok
PEP,2020-02-29,394.4115479536206,0.0006480952089558123,78621053.0,ok
PEP,2020-03-31,380.3243279663882,-0.035717057627554394,118398491.0,ok
PEP,2020-04-30,402.62414040815395,0.05863367342553105,76543168.0,ok
PEP,2020-05-31,385.5134656624383,-0.04249788581571379,67893575.0,ok
PEP,2020-06-30,396.04213900249755,0.027310779720670864,127790562.0,ok
PEP,2020-07-31,392.7941291943498,-0.008201172270022705,107920225.0,ok
PEP,2020-08-31,370.67580441074807,-0.056310222428650025,122316294.0,ok
PEP,2020-09-30,366.37379738669523,-0.011605847948159442,123438578.0,ok
PEP,2020-10-31,389.9254987159146,0.06428325796552903,37965264.0,ok
PEP,2020-11-30,416.9069749616451,0.06919649095682301,103020005.0,ok
PEP,2020-12-31,442.07804302068985,0.06037574224168463,76760026.0,ok
PEP,2021-01-31,428.15972418302687,-0.031483850097055344,111762056.0,ok
PEP,2021-02-28,462.50201198085693,0.08020905717687188,80501626.0,ok
PEP,2021-03-31,456.81046833935284,-0.012305986772095712,119867663.0,ok
PEP,2021-04-30,486.25773375439525,0.06446276400383799,44780836.0,ok
PEP,2021-05-31,534.3394742470665,0.09888118410257918,75920656.0,ok
PEP,2021-06-30,525.3227127550896,-0.016874593636718282,62670592.0,ok
PEP,2021-07-31,502.8691682638021,-0.04274238281746545,127757194.0,ok
PEP,2021-08-31,479.2532986659513,-0.04696225397827947,35629732.0,ok
PEP,2021-09-30,485.6665623931813,0.013381783172034423,61735589.0,ok
PEP,2021-10-31,509.45677307784354,0.04898465846080291,67280264.0,ok
PEP,2021-11-30,483.9306725523317,-0.050104546400076,135930131.0,ok
PEP,2021-12-31,485.34101416076663,0.0029143463897349786,111828061.0,ok
PEP,2022-01-31,480.2154014491953,-0.010560848067691753,105435102.0,ok
PEP,2022-02-28,539.787820740128,0.12405353745663916,84862657.0,ok
PEP,2022-03-31,553.8713194216009,0.02609080483172499,104588059.0,ok
PEP,2022-04-30,548.5037650387462,-0.009690977298589698,68111345.0,ok
PEP,2022-05-31,525.6309452791038,-0.0417003878870853,63780857.0,ok
PEP,2022-06-30,515.7426169664662,-0.01881230243662113,51366704.0,ok
PEP,2022-07-31,524.2158723595055,0.01642923255572315,134254076.0,ok
PEP,2022-08-31,543.7340179944106,0.03723303063498151,108358725.0,ok
PEP,2022-09-30,524.490946343111,-0.035390597267168644,88011222.0,ok
PEP,2022-10-31,529.1757714649139,0.00893213725511699,118999516.0,ok
PEP,2022-11-30,502.0412887887493,-0.0512768802718393,71800084.0,ok
PEP,2022-12-31,537.6071268360556,0.07084245627110541,128270244.0,ok
PEP,2023-01-31,543.9905205989954,0.01187371491986644,50035012.0,ok
PEP,2023-02-28,537.3899778046266,-0.012133562156746547,119129635.0,ok
PEP,2023-03-31,512.5197470885934,-0.04627966978028575,79801977.0,ok
PEP,2023-04-30,533.6166665069122,0.04116313476341449,73701429.0,ok
PEP,2023-05-31,553.355162836032,0.036990029674914826,60157167.0,ok
PEP,2023-06-30,588.2340980671696,0.06303173363808079,142550710.0,ok
PEP,2023-07-31,574.0814370952432,-0.024059572572262322,45603079.0,ok
PEP,2023-08-31,568.6284812956211,-0.00949857537148946,62574570.0,ok
PEP,2023-09-30,594.5064011248893,0.04550936275704176,113195371.0,ok
PEP,2023-10-31,586.4180871828819,-0.013605091428289362,87380627.0,ok
PEP,2023-11-30,564.5235209598239,-0.037336103202815885,119059265.0,ok
PEP,2023-12-31,526.1064586111036,-0.068052190781001,29766492.0,ok
PEP,2024-01-31,517.7159497634091,-0.0159483099102129,62191176.0,ok
PEP,2024-02-29,548.9480575980701,0.06032672520314253,112991590.0,ok
PEP,2024-03-31,546.5671780271567,-0.00433716731111311,137107682.0,ok
PEP,2024-04-30,544.5928686933745,-0.0036121988534117966,102498723.0,ok
PEP,2024-05-31,576.6732009792735,0.05890700031175289,102951117.0,ok
PEP,2024-06-30,632.6505684744046,0.09706947955978107,94873402.0,ok
PEP,2024-07-31,621.4330457883694,-0.017730992818176916,52083798.0,ok
PEP,2024-08-31,598.481151363625,-0.036933817054461415,92173220.0,ok
PEP,2024-09-30,571.4544937570344,-0.04515874484102145,121306015.0,ok
PEP,2024-10-31,625.8817436304706,0.09524336665130351,42737288.0,ok
PEP,2024-11-30,635.9436534260342,0.016076375286485867,115798753.0,ok
PEP,2024-12-31,621.2869305059547,-0.02304720369661517,102574285.0,ok
PEP,2025-01-31,670.1982319808756,0.07872578525849416,80998049.0,ok
PEP,2025-02-28,663.6286962846397,-0.00980237694274222,31126739.0,ok
PEP,2025-03-31,673.0033463533292,0.014126348244393405,109373996.0,ok
PEP,2025-04-30,634.0891089066855,-0.05782175921932731,102535495.0,ok
PEP,2025-05-31,623.6659766299708,-0.01643796136900466,23503824.0,ok
PEP,2025-06-30,602.6309841734192,-0.03372797818828588,85624019.0,ok
PEP,2025-07-31,638.1791778223801,0.05898832715632696,44896154.0,ok
PEP,2025-08-31,622.4880171433181,-0.024587390539133613,32762476.0,ok
PEP,2025-09-30,645.5423396419386,0.037035769145276065,133046603.0,ok
PEP,2025-10-31,635.791939970985,-0.015104198550883297,110231026.0,ok
PEP,2025-11-30,678.9572259512415,0.06789215664203985,113409603.0,ok
PEP,2025-12-31,672.6573213372147,-0.009278794559112957,60124140.0,ok
PEP,2026-01-31,646.6575610838122,-0.038652311405332096,98467201.0,ok
PEP,2026-02-28,631.3818899005181,-0.02362250455664927,47928304.0,ok
PEP,2026-03-31,665.170861211151,0.05351590194637468,38887468.0,ok
PEP,2026-04-30,617.7612398617149,-0.07127435086845513,83874618.0,ok
PEP,2026-05-31,601.7127025294727,-0.025978543645494234,98685553.0,ok
UNH,2009-10-31,293.03,,30349624.0,ok
UNH,2009-11-30,315.55868539482066,0.07688183938443394,51548545.0,ok
UNH,2009-12-31,327.71943277163194,0.03853719748387219,31850401.0,ok
UNH,2010-01-31,341.30449443346896,0.041453329596428334,50567032.0,ok
UNH,2010-02-28,320.3060652769802,-0.06152403352128155,38215487.0,ok
UNH,2010-03-31,295.9948643650764,-0.07589990807973301,57705740.0,ok
UNH,2010-04-30,318.9007619606141,0.07738613183263143,31364413.0,ok
UNH,2010-05-31,358.8420792791914,0.12524685445408346,43345351.0,ok
UNH,2010-06-30,367.359834075879,0.023736778066266062,42433401.0,ok
UNH,2010-07-31,384.6337684591722,0.04702183739479038,48247794.0,ok
UNH,2010-08-31,421.0428515658412,0.09465909156266328,49283097.0,ok
UNH,2010-09-30,440.5169666406696,0.046252097624754684,51142606.0,ok
UNH,2010-10-31,478.02045470505584,0.08513517277298854,22717184.0,ok
UNH,2010-11-30,515.795937036228,0.07902482406214206,71534053.0,ok
UNH,2010-12-31,553.1983060410384,0.07251388837943362,44888939.0,ok
UNH,2011-01-31,537.5332094588172,-0.028317325651859737,24267608.0,ok
UNH,2011-02-28,523.8164756744118,-0.025517928088973796,47337665.0,ok
UNH,2011-03-31,491.6399138558277,-0.0614271664081526,61959819.0,ok
UNH,2011-04-30,520.0537116516338,0.05779391988938132,52561466.0,ok
UNH,2011-05-31,531.249995313697,0.02152909095967237,39178467.0,ok
UNH,2011-06-30,515.7249894248322,-0.02922354075447564,27625589.0,ok
UNH,2011-07-31,562.3701209211824,0.09044574618804435,35993136.0,ok
UNH,2011-08-31,587.9966560603497,0.0455688063533497,53449266.0,ok
UNH,2011-09-30,611.8630737071614,0.040589376488498585,31557594.0,ok
UNH,2011-10-31,638.5293360988572,0.0435820750386684,29849846.0,ok
UNH,2011-11-30,689.8633581384955,0.08039414814246015,37136220.0,ok
UNH,2011-12-31,696.2792508164628,0.009300236927033856,65476798.0,ok
UNH,2012-01-31,780.6939278660636,0.12123681260157548,39632549.0,ok
UNH,2012-02-29,809.6492715618443,0.03708923902473127,44667207.0,ok
UNH,2012-03-31,872.058267892703,0.07708151976777478,37412256.0,ok
UNH,2012-04-30,864.3490101430885,-0.008840301197124867,42901455.0,ok
UNH,2012-05-31,865.1871451478437,0.0009696719669018972,46169645.0,ok
UNH,2012-06-30,837.35882662932,-0.03216450761501821,35368078.0,ok
UNH,2012-07-31,858.670038698879,0.025450513438001865,50460204.0,ok
UNH,2012-08-31,815.0195848889391,-0.05083495620283007,65940723.0,ok
UNH,2012-09-30,794.9699372798431,-0.024600203456249692,47124830.0,ok
UNH,2012-10-31,832.412800163458,0.047099721797950744,54162047.0,ok
UNH,2012-11-30,893.0267971071476,0.07281723314656752,35995299.0,ok
UNH,2012-12-31,789.6656666855957,-0.11574247352529365,39542257.0,ok
UNH,2013-01-31,760.6821428890717,-0.036703537989912216,50677437.0,ok
UNH,2013-02-28,826.4017809054216,0.08639566293320189,61328995.0,ok
UNH,2013-03-31,722.9334725541867,-0.12520339469485775,45148149.0,ok
UNH,2013-04-30,808.2219087018545,0.11797549758809267,31348317.0,ok
UNH,2013-05-31,865.1916128169939,0.07048770084275824,62777385.0,ok
UNH,2013-06-30,924.8843850931396,0.0689937019636504,45582658.0,ok
UNH,2013-07-31,840.4927140364842,-0.0912456436900021,9742493.0,ok
UNH,2013-08-31,898.4629345847344,0.06897171097396781,34723166.0,ok
UNH,2013-09-30,880.3976845331287,-0.020106839532512688,66570637.0,ok
UNH,2013-10-31,875.1259235039958,-0.005987931501578725,36345820.0,ok
UNH,2013-11-30,960.299537455925,0.09732726647028689,35985023.0,ok
UNH,2013-12-31,1019.2557292394105,0.061393543872441336,22548405.0,ok
UNH,2014-01-31,1057.2784231655096,0.03730437105756801,67026558.0,ok
UNH,2014-02-28,989.3965320464873,-0.06420436625934611,50605525.0,ok
UNH,2014-03-31,954.6731745426721,-0.03509549142242574,48567009.0,ok
UNH,2014-04-30,807.643851748815,-0.15401011227144856,40364599.0,ok
UNH,2014-05-31,807.8087876813404,0.00020421864435449244,73985056.0,ok
UNH,2014-06-30,817.8069146147803,0.012376848439762167,26098999.0,ok
UNH,2014-07-31,865.0462781250011,0.05776346796049325,56183942.0,ok
UNH,2014-08-31,796.8728515500495,-0.07880899357513949,25430697.0,ok
UNH,2014-09-30,819.0616179015716,0.027844801474113723,19059296.0,ok
UNH,2014-10-31,860.9203847671024,0.05110576048328652,59555044.0,ok
UNH,2014-11-30,852.2218432829225,-0.010103769916579575,44568297.0,ok
UNH,2014-12-31,784.5240365091969,-0.07943683596860251,65193676.0,ok
UNH,2015-01-31,752.0916957538493,-0.04134014924470375,55655990.0,ok
UNH,2015-02-28,749.6862018410708,-0.0031984050965586652,39648794.0,ok
UNH,2015-03-31,818.6943232321559,0.09204934174007162,50145404.0,ok
UNH,2015-04-30,773.7378174615167,-0.05491244350291036,53570153.0,ok
UNH,2015-05-31,859.8437811941278,0.11128571176100466,43856612.0,ok
UNH,2015-06-30,989.9701193975575,0.15133718595104995,60057204.0,ok
UNH,2015-07-31,1029.2539846254012,0.03968186964243903,39942830.0,ok
UNH,2015-08-31,941.5364112262524,-0.08522441954021076,47952524.0,ok
UNH,2015-09-30,910.1964999347741,-0.03328592597992186,45860870.0,ok
UNH,2015-10-31,908.1867640448481,-0.002208024190457736,40133817.0,ok
UNH,2015-11-30,905.2556010584814,-0.003227489215227086,42529225.0,ok
UNH,2015-12-31,985.4360464753028,0.08857216163376336,67619409.0,ok
UNH,2016-01-31,998.46461980055,0.01322112517788221,42172794.0,ok
UNH,2016-02-29,989.2332044884419,-0.00924561083992359,63291251.0,ok
UNH,2016-03-31,1062.367038808091,0.07392982159092454,44859804.0,ok
UNH,2016-04-30,1041.725275073957,-0.019429973803867906,60544921.0,ok
UNH,2016-05-31,1010.5884574507205,-0.0298896632041743,43238505.0,ok
UNH,2016-06-30,1058.4526874015694,0.047362731681687364,35363484.0,ok
UNH,2016-07-31,1058.884732930546,0.00040818596250846717,48718962.0,ok
UNH,2016-08-31,1064.1106837705702,0.004935334959038418,62480411.0,ok
UNH,2016-09-30,1053.073045288465,-0.010372641352490164,60813166.0,ok
UNH,2016-10-31,1012.1811756983141,-0.038830990664042275,73730323.0,ok
UNH,2016-11-30,1032.6612147600758,0.020233570385887134,23438693.0,ok
UNH,2016-12-31,1049.9219305224967,0.016714790403386193,36785607.0,ok
UNH,2017-01-31,1073.4557767138253,0.02241485343545202,36453406.0,ok
UNH,2017-02-28,1127.338629778282,0.050195689690551104,47556870.0,ok
UNH,2017-03-31,1188.293477286977,0.054069687579749726,37571240.0,ok
UNH,2017-04-30,1102.1035762335503,-0.07253250371297926,31968902.0,ok
UNH,2017-05-31,1128.354965076578,0.023819348207490876,80253914.0,ok
UNH,2017-06-30,1230.9456460281212,0.09092057386797658,22423136.0,ok
UNH,2017-07-31,1236.5742727479071,0.004572603784698037,33215250.0,ok
UNH,2017-08-31,1131.0638901692728,-0.08532474344963514,75070236.0,ok
UNH,2017-09-30,1153.6189507628828,0.01994145581841056,51819298.0,ok
UNH,2017-10-31,1050.5293307007673,-0.0893619335864263,6696026.0,ok
UNH,2017-11-30,1027.75400178982,-0.02167986009086942,51070908.0,ok
UNH,2017-12-31,1014.8702122993471,-0.012535868960895202,48095363.0,ok
UNH,2018-01-31,978.3554550919135,-0.03597973096944462,66126022.0,ok
UNH,2018-02-28,978.6746423973376,0.00032624881249732063,42307055.0,ok
UNH,2018-03-31,972.872745145269,-0.0059283208133975585,20181737.0,ok
UNH,2018-04-30,991.9001880155396,0.019557997657164705,29187675.0,ok
UNH,2018-05-31,1039.4388825576104,0.04792689336734557,29697987.0,ok
UNH,2018-06-30,1122.1710220865123,0.07959307749324696,52905282.0,ok
UNH,2018-07-31,1089.8723528824578,-0.028782305520596907,39606641.0,ok
UNH,2018-08-31,1115.7340638945805,0.023729119234674023,54622478.0,ok
UNH,2018-09-30,1174.640925303388,0.05279650708448158,38969588.0,ok
UNH,2018-10-31,1109.4860908775288,-0.05546787364745609,39947486.0,ok
UNH,2018-11-30,1060.4904272026984,-0.04416068311057253,41898183.0,ok
UNH,2018-12-31,908.2945501677508,-0.14351461656886544,27487261.0,ok
UNH,2019-01-31,916.4014678485759,0.008925428077629416,34980593.0,ok
UNH,2019-02-28,903.3056339015506,-0.014290498658595774,56155168.0,ok
UNH,2019-03-31,943.5389180816244,0.04454005673173822,25118762.0,ok
UNH,2019-04-30,935.103631637361,-0.008940051419833117,65342137.0,ok
UNH,2019-05-31,981.6188427528817,0.049743375538038315,35839606.0,ok
UNH,2019-06-30,1066.5118877095367,0.08648269700954225,69490106.0,ok
UNH,2019-07-31,1031.2000056715106,-0.033109693801784745,47958266.0,ok
UNH,2019-08-31,1141.5521406765877,0.10701331885002907,66182927.0,ok
UNH,2019-09-30,1121.544255075633,-0.01752691347860491,23285143.0,ok
UNH,2019-10-31,1055.804799350041,-0.05861512412736547,54760054.0,ok
UNH,2019-11-30,1099.6064867980951,0.04148653943893654,35393465.0,ok
UNH,2019-12-31,1078.1321296151714,-0.01952912923008865,38396199.0,ok
UNH,2020-01-31,1147.8415912900984,0.06465762382928819,33903557.0,ok
UNH,2020-02-29,1017.6326463980961,-0.11343807880811851,55530173.0,ok
UNH,2020-03-31,968.1605861544274,-0.048614851753011945,41945590.0,ok
UNH,2020-04-30,1113.2555616758589,0.14986664154317064,45860437.0,ok
UNH,2020-05-31,1064.4176815660403,-0.04386942386912451,40237815.0,ok
UNH,2020-06-30,1256.4956725030554,0.1804535890971084,29607956.0,ok
UNH,2020-07-31,1232.3158901210338,-0.01924382463956542,54085600.0,ok
UNH,2020-08-31,1201.1660108585381,-0.025277511644710038,21850020.0,ok
UNH,2020-09-30,996.5808743211202,-0.17032211591734092,40864161.0,ok
UNH,2020-10-31,957.6739312204384,-0.03904042722793133,45476996.0,ok
UNH,2020-11-30,881.7268930464902,-0.0793036499147084,32732289.0,ok
UNH,2020-12-31,837.0125011986735,-0.050712292207990006,49056621.0,ok
UNH,2021-01-31,819.2661545956458,-0.021202009023298163,38297903.0,ok
UNH,2021-02-28,846.1878732443976,0.03286077240922891,39531879.0,ok
UNH,2021-03-31,909.4073703568098,0.07471094671921996,46842921.0,ok
UNH,2021-04-30,1042.0745983445831,0.14588316777740729,62160546.0,ok
UNH,2021-05-31,1167.845463883428,0.12069276589088895,40843731.0,ok
UNH,2021-06-30,1197.5923020234432,0.025471553437471206,29857858.0,ok
UNH,2021-07-31,1144.7489316398407,-0.04412467439404766,51457840.0,ok
UNH,2021-08-31,1073.3221984149495,-0.062395108002043065,52311433.0,ok
UNH,2021-09-30,1077.420727278467,0.003818544766492238,27083622.0,ok
UNH,2021-10-31,1032.6040119263496,-0.041596299586070806,68367961.0,ok
UNH,2021-11-30,1039.3865496585045,0.00656838212307731,47383262.0,ok
UNH,2021-12-31,1108.3475076377383,0.066347749065919,27632480.0,ok
UNH,2022-01-31,1183.644398292341,0.06793617537435148,12420117.0,ok
UNH,2022-02-28,1237.2484574984426,0.045287300208945114,47605508.0,ok
UNH,2022-03-31,1206.359557548254,-0.024965801947849586,51339572.0,ok
UNH,2022-04-30,1277.618089064839,0.05906906533024636,15429935.0,ok
UNH,2022-05-31,1186.4574855583348,-0.07135199813367532,53353740.0,ok
UNH,2022-06-30,1079.3941177492866,-0.09023784595085205,35016400.0,ok
UNH,2022-07-31,1050.7294191778049,-0.026556285697806437,39984395.0,ok
UNH,2022-08-31,1036.4107724774399,-0.013627339673775718,57400168.0,ok
UNH,2022-09-30,1072.875375131597,0.03518354268645041,52585573.0,ok
UNH,2022-10-31,1041.7713433268648,-0.028991281304146743,36971756.0,ok
UNH,2022-11-30,1048.758513380905,0.006707009267241881,47503552.0,ok
UNH,2022-12-31,1015.302109753387,-0.031900960231220354,46347129.0,ok
UNH,2023-01-31,951.4114649526342,-0.06292771795408914,27783054.0,ok
UNH,2023-02-28,973.1263487854742,0.022823861843961568,43837006.0,ok
UNH,2023-03-31,1063.8996670126323,0.09328009496449163,38904234.0,ok
UNH,2023-04-30,1134.4336410020742,0.06629758066143321,36852972.0,ok
UNH,2023-05-31,1094.7444535943553,-0.034985904836761006,62964297.0,ok
UNH,2023-06-30,1053.4319489766067,-0.03773712164707288,51948329.0,ok
UNH,2023-07-31,924.8091242574822,-0.12209884543949867,41351610.0,ok
UNH,2023-08-31,857.4770807788955,-0.07280642211726307,49968346.0,ok
UNH,2023-09-30,808.1157916083097,-0.05756572423574058,55238553.0,ok
UNH,2023-10-31,819.2086682131242,0.013726840534495022,46029930.0,ok
UNH,2023-11-30,863.6893794731652,0.054297168701917364,49530541.0,ok
UNH,2023-12-31,781.1788423688341,-0.09553265220727969,40632726.0,ok
UNH,2024-01-31,781.5287294740559,0.0004478962898697425,18235443.0,ok
UNH,2024-02-29,813.0558772062337,0.040340356717781356,43338115.0,ok
UNH,2024-03-31,821.2650930080565,0.01009674246502068,78701111.0,ok
UNH,2024-04-30,840.8734698317616,0.02387581913640724,33126540.0,ok
UNH,2024-05-31,858.8476398710728,0.021375594169842804,44759206.0,ok
UNH,2024-06-30,837.3553576088312,-0.025024557633374855,45535492.0,ok
UNH,2024-07-31,820.9064354381983,-0.019643896729346633,53869799.0,ok
UNH,2024-08-31,866.6330212011262,0.05570255486975095,26136060.0,ok
UNH,2024-09-30,932.4692780901623,0.07596786099586783,54790492.0,ok
UNH,2024-10-31,936.176851956039,0.003976081521388286,61423689.0,ok
UNH,2024-11-30,1022.6432759616026,0.09236120699299666,27966988.0,ok
UNH,2024-12-31,934.5293836644614,-0.0861628823739018,15339163.0,ok
UNH,2025-01-31,943.2413703818643,0.009322325086495997,43537086.0,ok
UNH,2025-02-28,890.2101895401843,-0.05622228043306743,41951217.0,ok
UNH,2025-03-31,921.4371023607348,0.03507813456581532,33287777.0,ok
UNH,2025-04-30,922.2069015294885,0.0008354332235824824,52058007.0,ok
UNH,2025-05-31,837.4015298835143,-0.09195915960434009,41905928.0,ok
UNH,2025-06-30,824.1443252711083,-0.015831359436673242,23615959.0,ok
UNH,2025-07-31,861.1283180219056,0.04487562629110031,54931715.0,ok
UNH,2025-08-31,922.8376911046715,0.07166106582642451,49594169.0,ok
UNH,2025-09-30,864.8442894966577,-0.06284247183119884,46055493.0,ok
UNH,2025-10-31,829.3002474182645,-0.04109877640410853,28624590.0,ok
UNH,2025-11-30,820.2261099323396,-0.010941920630283208,54649133.0,ok
UNH,2025-12-31,812.2921994551353,-0.009672833357936783,56734094.0,ok
UNH,2026-01-31,826.2281846296971,0.017156369572316033,47982165.0,ok
UNH,2026-02-28,858.2881523440138,0.038802800861466036,52231749.0,ok
UNH,2026-03-31,831.415120914518,-0.03131003423046763,47930486.0,ok
UNH,2026-04-30,841.1737447176033,0.011737366277812411,44299109.0,ok
UNH,2026-05-31,769.9174992556608,-0.08471049638605221,66869042.0,ok
JNJ,2009-10-31,166.14,,20805419.0,ok
JNJ,2009-11-30,154.43824056161577,-0.0704331253062731,16407160.0,ok
JNJ,2009-12-31,169.02648431894772,0.09446004891199022,19464930.0,ok
JNJ,2010-01-31,187.90529706325856,0.11169144776558859,6668548.0,ok
JNJ,2010-02-28,189.09472265042464,0.006329920474597683,9232366.0,ok
JNJ,2010-03-31,192.2427345089913,0.016647803886025603,15975549.0,ok
JNJ,2010-04-30,208.27483518325587,0.08339509274674173,21698102.0,ok
JNJ,2010-05-31,221.28824131852144,0.06248189381024072,19539282.0,ok
JNJ,2010-06-30,218.27816622825517,-0.01360250807874408,20579331.0,ok
JNJ,2010-07-31,225.40972984963716,0.03267190550760102,9524565.0,ok
JNJ,2010-08-31,224.71501875019712,-0.0030819925116074565,16975786.0,ok
JNJ,2010-09-30,227.88084784047257,0.014088195385795421,20676639.0,ok
JNJ,2010-10-31,222.16908207478107,-0.025064702978856768,21190748.0,ok
JNJ,2010-11-30,224.2289526064457,0.00927163452460622,15251469.0,ok
JNJ,2010-12-31,238.04659018591272,0.06162289668149579,23450118.0,ok
JNJ,2011-01-31,228.61461574750967,-0.03962238833598386,15249697.0,ok
JNJ,2011-02-28,239.50768865085556,0.0476481911173019,14239520.0,ok
JNJ,2011-03-31,231.12466639798683,-0.03500105696017619,14078164.0,ok
JNJ,2011-04-30,221.04940695823302,-0.04359231576955369,23074597.0,ok
JNJ,2011-05-31,232.6466781009508,0.05246461097680788,14926487.0,ok
JNJ,2011-06-30,214.79119399152032,-0.07674936197319171,15049539.0,ok
JNJ,2011-07-31,216.39598579474827,0.00747140408042668,16851015.0,ok
JNJ,2011-08-31,219.8507956622928,0.015965221604532953,15602533.0,ok
JNJ,2011-09-30,208.50372661026628,-0.05161259033811483,22959725.0,ok
JNJ,2011-10-31,197.90810373433138,-0.050817426854629644,16132515.0,ok
JNJ,2011-11-30,196.16815783232994,-0.008791685985416353,17164476.0,ok
JNJ,2011-12-31,189.45966354703867,-0.034197671831252,10266386.0,ok
JNJ,2012-01-31,200.43230774269145,0.057915463324616834,16947628.0,ok
JNJ,2012-02-29,193.69571658392516,-0.0336103058166376,27499213.0,ok
JNJ,2012-03-31,188.2538579560541,-0.028094883685841232,12858793.0,ok
JNJ,2012-04-30,209.41285394506025,0.11239608164601589,20770364.0,ok
JNJ,2012-05-31,210.06554056356623,0.003116745730790793,15335708.0,ok
JNJ,2012-06-30,190.18475834012858,-0.09464085432623204,8033043.0,ok
JNJ,2012-07-31,187.1837606295204,-0.01577938072850804,23862213.0,ok
JNJ,2012-08-31,193.77923145039225,0.035235272540152573,20936453.0,ok
JNJ,2012-09-30,199.84031042487507,0.03127826924029509,8137747.0,ok
JNJ,2012-10-31,218.26857010446258,0.09221492721066982,24830698.0,ok
JNJ,2012-11-30,214.6098863500463,-0.01676230229879294,10316800.0,ok
JNJ,2012-12-31,205.73198232508244,-0.04136763769812202,13838130.0,ok
JNJ,2013-01-31,218.97070235289368,0.064349353358645,19226807.0,ok
JNJ,2013-02-28,211.00552357460788,-0.03637554564468215,19395038.0,ok
JNJ,2013-03-31,231.93531319380358,0.09919071910833321,19941073.0,ok
JNJ,2013-04-30,229.484205566377,-0.01056806569760449,11493555.0,ok
JNJ,2013-05-31,242.94209962077755,0.0586440971882396,11025518.0,ok
JNJ,2013-06-30,249.52456717358405,0.027094799802428016,18287516.0,ok
JNJ,2013-07-31,236.34796033099943,-0.05280685181358591,25228039.0,ok
JNJ,2013-08-31,218.69117859215288,-0.07470672357027608,18356784.0,ok
JNJ,2013-09-30,221.28666983320696,0.011868294175205518,16178592.0,ok
JNJ,2013-10-31,228.86524025716406,0.03424774944495934,21186638.0,ok
JNJ,2013-11-30,240.88447120197938,0.05251662913647315,24626033.0,ok
JNJ,2013-12-31,255.00320761248594,0.05861206552691445,18321095.0,ok
JNJ,2014-01-31,277.5442376652704,0.08839508437493371,21078600.0,ok
JNJ,2014-02-28,265.5896592608879,-0.04307269538342984,13066440.0,ok
JNJ,2014-03-31,244.219933599639,-0.08046143709329245,10759343.0,ok
JNJ,2014-04-30,238.76961465754994,-0.02231725667006379,24554695.0,ok
JNJ,2014-05-31,239.40705265719845,0.0026696780516346497,16832819.0,ok
JNJ,2014-06-30,235.70589736749454,-0.015459675262798123,10978355.0,ok
JNJ,2014-07-31,254.71002150040056,0.0806264261741243,17783225.0,ok
JNJ,2014-08-31,234.24116592912623,-0.08036140647588197,15124451.0,ok
JNJ,2014-09-30,247.3988925997951,0.05617170926586823,26179261.0,ok
JNJ,2014-10-31,225.37731537674284,-0.08901243247954005,20509869.0,ok
JNJ,2014-11-30,253.99394355009483,0.12697208734391108,12312535.0,ok
JNJ,2014-12-31,253.02142527430067,-0.003828903406912776,7300699.0,ok
JNJ,2015-01-31,226.35589244974733,-0.10538843813580301,12824622.0,ok
JNJ,2015-02-28,226.9770851906074,0.0027443188429387977,18830010.0,ok
JNJ,2015-03-31,258.55737985293666,0.13913428589414312,23232493.0,ok
JNJ,2015-04-30,279.0792339041549,0.07937059875409758,26623621.0,ok
JNJ,2015-05-31,257.62596329888277,-0.07687161206928017,6853173.0,ok
JNJ,2015-06-30,273.38914370533985,0.06118630360314081,18049013.0,ok
JNJ,2015-07-31,270.5993123394202,-0.010204616496866326,17303322.0,ok
JNJ,2015-08-31,227.56743843589786,-0.15902432837503389,20729264.0,ok
JNJ,2015-09-30,211.22116523282725,-0.07183045744778238,18835800.0,ok
JNJ,2015-10-31,223.05645870526476,0.05603270609454114,14290003.0,ok
JNJ,2015-11-30,256.3545795488385,0.149281132843466,3245719.0,ok
JNJ,2015-12-31,271.24848434799566,0.05809884428579015,15903083.0,ok
JNJ,2016-01-31,293.35560006804354,0.081501342848743,20113469.0,ok
JNJ,2016-02-29,292.0040703577798,-0.004607137923906102,14553615.0,ok
JNJ,2016-03-31,304.6654652471647,0.04336033697705455,18150037.0,ok
JNJ,2016-04-30,327.2165672480218,0.07401922624397939,19066720.0,ok
JNJ,2016-05-31,308.73887323941636,-0.0564693107198323,18630023.0,ok
JNJ,2016-06-30,336.0686568776789,0.08852070797404643,15432558.0,ok
JNJ,2016-07-31,314.6969786931598,-0.06359319069822655,18967509.0,ok
JNJ,2016-08-31,294.83013357355753,-0.06313007897979572,9726188.0,ok
JNJ,2016-09-30,303.52753369487755,0.029499698744837044,16820103.0,ok
JNJ,2016-10-31,284.0437778306933,-0.06419106572311961,9523424.0,ok
JNJ,2016-11-30,292.4801975818774,0.029701125001276196,18046312.0,ok
JNJ,2016-12-31,308.27324230288,0.05399697091144606,19727969.0,ok
JNJ,2017-01-31,309.54392004220443,0.0041219203127462745,18998241.0,ok
JNJ,2017-02-28,339.45248453170706,0.0966213921611665,16676737.0,ok
JNJ,2017-03-31,355.14333947403054,0.046224009713671244,12151954.0,ok
JNJ,2017-04-30,366.33593218246676,0.031515704968626324,16742103.0,ok
JNJ,2017-05-31,363.8538719817018,-0.006775366494839785,23080272.0,ok
JNJ,2017-06-30,345.02965718857774,-0.05173564511104256,14560089.0,ok
JNJ,2017-07-31,351.79161540183674,0.01959819416208397,18683972.0,ok
JNJ,2017-08-31,344.51976662816475,-0.02067089849587711,21510707.0,ok
JNJ,2017-09-30,362.91651965600926,0.053398251159562315,19726196.0,ok
JNJ,2017-10-31,362.2020145186128,-0.0019687864803554778,14540938.0,ok
JNJ,2017-11-30,382.79621619027773,0.05685833000966545,27014616.0,ok
JNJ,2017-12-31,415.23480355041016,0.08474113898766467,19642994.0,ok
JNJ,2018-01-31,422.3089952043132,0.017036605779226832,13519883.0,ok
JNJ,2018-02-28,449.5354674708621,0.06447050045281832,19587613.0,ok
JNJ,2018-03-31,473.74998871986867,0.053865652437259826,15744628.0,ok
JNJ,2018-04-30,525.3515577981801,0.10892152043685588,22115967.0,ok
JNJ,2018-05-31,513.9791994196199,-0.021647139348407562,19651281.0,ok
JNJ,2018-06-30,533.4118387131581,0.03780822125774996,16504064.0,ok
JNJ,2018-07-31,542.0619053784003,0.01621648796942754,13733290.0,ok
JNJ,2018-08-31,517.3062244208572,-0.045669471903327596,26023891.0,ok
JNJ,2018-09-30,527.28689695642,0.019293548123718196,7630683.0,ok
JNJ,2018-10-31,562.175179415749,0.06616565414522801,12494060.0,ok
JNJ,2018-11-30,545.6750542263761,-0.029350504599866767,23067875.0,ok
JNJ,2018-12-31,499.3543127522875,-0.08488704241713829,19164623.0,ok
JNJ,2019-01-31,471.96163053544757,-0.054856204336876324,23367010.0,ok
JNJ,2019-02-28,439.36775404075865,-0.06906043709042764,17545967.0,ok
JNJ,2019-03-31,448.23319015305583,0.02017771224848408,8181621.0,ok
JNJ,2019-04-30,461.75609575472026,0.03016935358367112,16028111.0,ok
JNJ,2019-05-31,515.4236174606003,0.11622482561526959,8509620.0,ok
JNJ,2019-06-30,516.2438534201445,0.0015913821791584404,10555457.0,ok
JNJ,2019-07-31,529.3732731878467,0.025432592912669083,16599036.0,ok
JNJ,2019-08-31,555.5461150847317,0.04944118493038774,15722247.0,ok
JNJ,2019-09-30,537.6816692236272,-0.03215654898132059,14655988.0,ok
JNJ,2019-10-31,507.57668338231656,-0.055990351846623265,23154248.0,ok
JNJ,2019-11-30,554.0204631445198,0.0915010111432184,18720547.0,ok
JNJ,2019-12-31,641.7616531629483,0.15837174952063204,26267957.0,ok
JNJ,2020-01-31,628.2077121856022,-0.02111989850210738,9798857.0,ok
JNJ,2020-02-29,633.9104591791369,0.00907780481346565,19871707.0,ok
JNJ,2020-03-31,650.538617935501,0.026231084399358506,12436706.0,ok
JNJ,2020-04-30,758.576286532617,0.166074181637327,15955718.0,ok
JNJ,2020-05-31,714.6216795534921,-0.057943555261973034,15820783.0,ok
JNJ,2020-06-30,679.4408973618746,-0.04922993969844158,20170022.0,ok
JNJ,2020-07-31,668.4386345363073,-0.01619311240799126,19407260.0,ok
JNJ,2020-08-31,708.197330444241,0.05947994902406273,11892163.0,ok
JNJ,2020-09-30,681.0002765866213,-0.038403214313952994,9292582.0,ok
JNJ,2020-10-31,713.6516077798092,0.0479461349954895,27673499.0,ok
JNJ,2020-11-30,727.1794438327121,0.01895579846724993,10271216.0,ok
JNJ,2020-12-31,733.8165772970063,0.009127229214995758,18594808.0,ok
JNJ,2021-01-31,825.2907153964314,0.1246553170498923,8630242.0,ok
JNJ,2021-02-28,847.9872564936865,0.027501267945747587,20098895.0,ok
JNJ,2021-03-31,845.3907510573575,-0.0030619628024425305,18728831.0,ok
JNJ,2021-04-30,968.1243099381605,0.14517968019793948,22297960.0,ok
JNJ,2021-05-31,1161.095089162555,0.1993243814285799,17235627.0,ok
JNJ,2021-06-30,1150.3315829651235,-0.009270133254283941,17043857.0,ok
JNJ,2021-07-31,1129.9084188717743,-0.01775415401592817,11383891.0,ok
JNJ,2021-08-31,1052.6801880904743,-0.06834910643325698,15433151.0,ok
JNJ,2021-09-30,1128.7975667014816,0.07230817058415595,12718555.0,ok
JNJ,2021-10-31,1118.9315670464252,-0.008740273673592647,13417684.0,ok
JNJ,2021-11-30,1248.0759337548566,0.1154175737925831,23158527.0,ok
JNJ,2021-12-31,1230.8967735296562,-0.013764515251501241,22042830.0,ok
JNJ,2022-01-31,1301.8469018956343,0.05764100604677447,15184052.0,ok
JNJ,2022-02-28,1324.0627506303397,0.01706487045623928,19915542.0,ok
JNJ,2022-03-31,1322.4704190654793,-0.001202610347660893,15550269.0,ok
JNJ,2022-04-30,1149.9692948537215,-0.1304385502502622,23804902.0,ok
JNJ,2022-05-31,1197.6243516884529,0.04144028631720387,26689504.0,ok
JNJ,2022-06-30,1036.2874769297996,-0.13471409004935053,22276521.0,ok
JNJ,2022-07-31,1023.3761733025415,-0.012459191020536386,18749026.0,ok
JNJ,2022-08-31,1092.9510671537757,0.06798564952583264,12918464.0,ok
JNJ,2022-09-30,1115.9561973674463,0.021048636947287758,9736028.0,ok
JNJ,2022-10-31,1106.7905912419674,-0.008213231081202532,15695007.0,ok
JNJ,2022-11-30,1148.2028795091223,0.0374165525031116,20874298.0,ok
JNJ,2022-12-31,1156.570640741908,0.007287702706653132,20559811.0,ok
JNJ,2023-01-31,1151.1869826669383,-0.004654845873933056,18699347.0,ok
JNJ,2023-02-28,1169.820987741853,0.01618677535055646,12557315.0,ok
JNJ,2023-03-31,1064.8970565114187,-0.08969229679574542,18863097.0,ok
JNJ,2023-04-30,1114.5093267506888,0.04658879460311316,12965803.0,ok
JNJ,2023-05-31,1030.3867929741807,-0.07547943454341854,24146441.0,ok
JNJ,2023-06-30,1024.241450728653,-0.005964112008646105,10258692.0,ok
JNJ,2023-07-31,999.4054112965331,-0.02424822722655029,20410872.0,ok
JNJ,2023-08-31,1007.6016289182567,0.00820109389951229,12488361.0,ok
JNJ,2023-09-30,977.5814099802784,-0.02979373799763252,22303493.0,ok
JNJ,2023-10-31,972.390216083312,-0.005310242036078772,15956882.0,ok
JNJ,2023-11-30,1059.2827784391845,0.08935976619125907,16024676.0,ok
JNJ,2023-12-31,1025.3534376082728,-0.0320304847029661,17167269.0,ok
JNJ,2024-01-31,1139.330283517649,0.11115859344582413,16020034.0,ok
JNJ,2024-02-29,1103.8548342136917,-0.031137107313980783,14336961.0,ok
JNJ,2024-03-31,1127.4176964014423,0.02134597907027791,12477928.0,ok
JNJ,2024-04-30,1107.6785186133611,-0.01750830934363179,19265196.0,ok
JNJ,2024-05-31,1049.0767374156233,-0.05290504439058552,14229353.0,ok
JNJ,2024-06-30,1127.9771098331496,0.07520934322869044,17510604.0,ok
JNJ,2024-07-31,1095.2748642850388,-0.028991940761056822,21279729.0,ok
JNJ,2024-08-31,1072.6864760715391,-0.020623488176408244,22240883.0,ok
JNJ,2024-09-30,995.2162278356101,-0.0722207746289909,22926568.0,ok
JNJ,2024-10-31,1067.4732750581147,0.07260436998665987,21247741.0,ok
JNJ,2024-11-30,1086.7929011150138,0.018098463454129465,23111405.0,ok
JNJ,2024-12-31,1108.9711522151365,0.020407062907172646,25467761.0,ok
JNJ,2025-01-31,1135.6060693519232,0.024017682591277678,17932879.0,ok
JNJ,2025-02-28,1097.2389318291566,-0.03378560449633938,20693397.0,ok
JNJ,2025-03-31,1134.5178008535743,0.033975160690180584,19466034.0,ok
JNJ,2025-04-30,1178.8266052652068,0.039055186598479175,14645176.0,ok
JNJ,2025-05-31,1168.6453788614313,-0.0086367463699083,17297167.0,ok
JNJ,2025-06-30,1129.4422111605875,-0.033545820152078965,24942025.0,ok
JNJ,2025-07-31,1196.519424605428,0.0593896817225501,11470669.0,ok
JNJ,2025-08-31,1255.0160638202408,0.048889000890314005,22619766.0,ok
JNJ,2025-09-30,1261.6550609936182,0.005289969877491751,11973338.0,ok
JNJ,2025-10-31,1237.3409942392336,-0.019271564396718732,26920560.0,ok
JNJ,2025-11-30,1433.354809902428,0.15841535726674238,22744943.0,ok
JNJ,2025-12-31,1333.3987800966306,-0.06973572008496742,17357938.0,ok
JNJ,2026-01-31,1294.225103309383,-0.02937881552914623,27977590.0,ok
JNJ,2026-02-28,1226.6176994472876,-0.052237747273809476,27445282.0,ok
JNJ,2026-03-31,1324.8876892954315,0.0801146028566393,9996198.0,ok
JNJ,2026-04-30,1328.833264511072,0.00297804504300192,14349005.0,ok
JNJ,2026-05-31,1464.2046816346572,0.10187238740850857,8718835.0,ok
MRK,2009-10-31,283.93,,46168376.0,ok
MRK,2009-11-30,255.1680179983473,-0.10129955271247393,34646694.0,ok
MRK,2009-12-31,268.9258424305872,0.05391672726136476,14569225.0,ok
MRK,2010-01-31,279.31268104288563,0.038623430602358066,22877511.0,ok
MRK,2010-02-28,292.12212872347004,0.04586060193456687,38878866.0,ok
MRK,2010-03-31,276.0970729384552,-0.05485738398197337,39816029.0,ok
MRK,2010-04-30,255.56619255197734,-0.07436109397311286,27136507.0,ok
MRK,2010-05-31,250.42204918116812,-0.020128418862612296,43814329.0,ok
MRK,2010-06-30,265.89405618790335,0.06178372494485096,50299604.0,ok
MRK,2010-07-31,265.85849402234265,-0.00013374562060752826,43520191.0,ok
MRK,2010-08-31,260.4235536333634,-0.020442981929035264,39211089.0,ok
MRK,2010-09-30,272.6081911734525,0.04678777080679586,51235503.0,ok
MRK,2010-10-31,267.0105282190207,-0.02053372985725932,60309564.0,ok
MRK,2010-11-30,257.92071675582986,-0.03404289532633997,51148439.0,ok
MRK,2010-12-31,264.3046384396661,0.02475148861299048,52486859.0,ok
MRK,2011-01-31,270.2082969930481,0.02233656809140583,53249322.0,ok
MRK,2011-02-28,285.9584405261694,0.05828889678219795,53644670.0,ok
MRK,2011-03-31,267.16140246693436,-0.06573346121432222,48879788.0,ok
MRK,2011-04-30,284.19058801515047,0.0637411893745532,17316004.0,ok
MRK,2011-05-31,300.9168889007414,0.058855928348687137,38700816.0,ok
MRK,2011-06-30,277.0285110143766,-0.07938530128245647,38836609.0,ok
MRK,2011-07-31,273.71034607094595,-0.011977701974720034,30616272.0,ok
MRK,2011-08-31,279.1369488542259,0.01982607841164108,42552607.0,ok
MRK,2011-09-30,314.5436606327657,0.1268435150698386,53062147.0,ok
MRK,2011-10-31,313.83704332889766,-0.002246484009394867,40242863.0,ok
MRK,2011-11-30,315.3431374152128,0.004798968503972212,42606015.0,ok
MRK,2011-12-31,364.24787185138257,0.15508418809119928,27737803.0,ok
MRK,2012-01-31,347.8750812558046,-0.04494958477686928,65503700.0,ok
MRK,2012-02-29,351.55784059688017,0.010586441914094635,39135745.0,ok
MRK,2012-03-31,375.5017315780129,0.06810797034274763,31188294.0,ok
MRK,2012-04-30,411.1987727188624,0.09506491751938362,24511515.0,ok
MRK,2012-05-31,441.3364426754503,0.07329221767204319,44209008.0,ok
MRK,2012-06-30,416.6414046167386,-0.055955130079461624,38053367.0,ok
MRK,2012-07-31,381.21849134419153,-0.08502014653376089,31187736.0,ok
MRK,2012-08-31,392.2528471857787,0.028944964874813905,40968590.0,ok
MRK,2012-09-30,408.33054115559935,0.04098808736550974,23245736.0,ok
MRK,2012-10-31,371.6657156718232,-0.08979202334464753,67272838.0,ok
MRK,2012-11-30,361.315760685697,-0.02784748377293178,41686602.0,ok
MRK,2012-12-31,374.70656574256674,0.037061225979893475,18980519.0,ok
MRK,2013-01-31,373.0051178534926,-0.0045407474664938,31466331.0,ok
MRK,2013-02-28,392.1010106583836,0.05119472063756336,39102548.0,ok
MRK,2013-03-31,419.6529651796482,0.07026749172362923,50992810.0,ok
MRK,2013-04-30,457.2536687838274,0.08959951846898728,43148928.0,ok
MRK,2013-05-31,474.15272844314376,0.03695773443275674,52152039.0,ok
MRK,2013-06-30,474.46064884786915,0.0006494118587831998,32419467.0,ok
MRK,2013-07-31,513.8315626315048,0.08298035649371527,16573353.0,ok
MRK,2013-08-31,496.40881701077404,-0.03390750371873419,28259393.0,ok
MRK,2013-09-30,469.2200271582681,-0.05477096481933719,64219702.0,ok
MRK,2013-10-31,438.02584081808567,-0.06648093545602363,21894232.0,ok
MRK,2013-11-30,477.6265267277407,0.09040719112756967,39636299.0,ok
MRK,2013-12-31,444.74783260344446,-0.06883766349735843,45633345.0,ok
MRK,2014-01-31,495.0088677930809,0.11301018578420208,16565602.0,ok
MRK,2014-02-28,497.5621165572311,0.005157985907471518,37088257.0,ok
MRK,2014-03-31,488.39675243906674,-0.01842054250750036,49940104.0,ok
MRK,2014-04-30,443.52415949142363,-0.09187733686505517,30759277.0,ok
MRK,2014-05-31,445.68260650567913,0.004866582728504598,23233984.0,ok
MRK,2014-06-30,443.33142287000396,-0.005275466444852661,30162226.0,ok
MRK,2014-07-31,448.1116876372904,0.010782598572283364,34759331.0,ok
MRK,2014-08-31,400.8647910990331,-0.10543553725940713,41876280.0,ok
MRK,2014-09-30,406.5580640876931,0.01420247703234545,53402071.0,ok
MRK,2014-10-31,392.48904772974026,-0.03460518336912921,26636782.0,ok
MRK,2014-11-30,383.91866956034636,-0.02183596770143581,61271550.0,ok
MRK,2014-12-31,368.865505035342,-0.03920925372616779,17799108.0,ok
MRK,2015-01-31,377.4483517500115,0.023268228114329048,34162688.0,ok
MRK,2015-02-28,340.77302005298804,-0.09716649053302517,36872475.0,ok
MRK,2015-03-31,342.10065523198,0.0038959515597376537,31517749.0,ok
MRK,2015-04-30,346.0742810839632,0.011615370480038134,19249602.0,ok
MRK,2015-05-31,349.4631600533952,0.009792345616719711,44261288.0,ok
MRK,2015-06-30,388.13039028804053,0.11064751497335878,43225819.0,ok
MRK,2015-07-31,378.9898218085799,-0.023550251946716116,35319761.0,ok
MRK,2015-08-31,326.6574153132409,-0.1380839365173533,59938413.0,ok
MRK,2015-09-30,304.81588709159365,-0.0668637146984794,49784164.0,ok
MRK,2015-10-31,314.61804248783426,0.032157626329021305,36654879.0,ok
MRK,2015-11-30,328.2275346206403,0.0432571890193878,44614487.0,ok
MRK,2015-12-31,343.23809270846783,0.045732172059167686,16764296.0,ok
MRK,2016-01-31,343.6567125652748,0.001219619458620258,30949072.0,ok
MRK,2016-02-29,321.6193869121285,-0.06412598633283062,36148989.0,ok
MRK,2016-03-31,318.4566777143658,-0.009833701967185249,33775750.0,ok
MRK,2016-04-30,364.96846768208854,0.1460537436412015,27185217.0,ok
MRK,2016-05-31,381.261169296955,0.044641395237077,43356335.0,ok
MRK,2016-06-30,391.574802995603,0.027051361453007017,42189401.0,ok
MRK,2016-07-31,413.8380393580083,0.05685564084330341,48645674.0,ok
MRK,2016-08-31,451.5151292231927,0.09104308034039899,16778483.0,ok
MRK,2016-09-30,461.90826527307854,0.02301835614626402,28249825.0,ok
MRK,2016-10-31,490.47895023996034,0.06185359110210098,54104094.0,ok
MRK,2016-11-30,499.7203370658762,0.01884155644476615,46518372.0,ok
MRK,2016-12-31,428.3243252986704,-0.14287193550378552,39443590.0,ok
MRK,2017-01-31,450.3265387327903,0.05136811554837051,46091882.0,ok
MRK,2017-02-28,459.5970316680485,0.020586157239022906,48127706.0,ok
MRK,2017-03-31,464.47152476311953,0.010606015181124473,41204092.0,ok
MRK,2017-04-30,525.5146505077448,0.1314249044131548,38968339.0,ok
MRK,2017-05-31,521.1337909662415,-0.008336322378968197,43771427.0,ok
MRK,2017-06-30,559.9274789578814,0.07444093755600067,26603095.0,ok
MRK,2017-07-31,559.8952984673554,-5.747260446276048e-05,28133088.0,ok
MRK,2017-08-31,484.06962354809633,-0.13542831155543278,27388945.0,ok
MRK,2017-09-30,481.69120062936463,-0.0049133901468522145,39025232.0,ok
MRK,2017-10-31,430.9659059704035,-0.1053066665795116,34120920.0,ok
MRK,2017-11-30,366.8108043350978,-0.1488635197042978,39989909.0,ok
MRK,2017-12-31,332.97287547798936,-0.09224899718656054,32911895.0,ok
MRK,2018-01-31,334.6311831442723,0.004980308572890335,26256155.0,ok
MRK,2018-02-28,316.7817152972788,-0.05334071881549041,44486289.0,ok
MRK,2018-03-31,333.39439205391204,0.05244203170326078,44230073.0,ok
MRK,2018-04-30,371.2735625395775,0.11361669958605702,53554886.0,ok
MRK,2018-05-31,397.4064583395758,0.07038717117708204,27769140.0,ok
MRK,2018-06-30,349.79671881752415,-0.11980112180605307,49350471.0,ok
MRK,2018-07-31,350.3394008047067,0.001551421033956668,38630812.0,ok
MRK,2018-08-31,342.74266471432685,-0.021683932988783572,41521214.0,ok
MRK,2018-09-30,340.97291788057237,-0.005163485658342348,45390789.0,ok
MRK,2018-10-31,307.3933839086652,-0.09848152803639543,36347654.0,ok
MRK,2018-11-30,301.86442844123144,-0.017986579272235015,32227752.0,ok
MRK,2018-12-31,269.3428381467653,-0.10773574899964611,55591705.0,ok
MRK,2019-01-31,268.7907084227359,-0.002049914257339691,46823424.0,ok
MRK,2019-02-28,271.17118740052473,0.008856254711174572,31641460.0,ok
MRK,2019-03-31,253.29112709290277,-0.06593643107522629,31560568.0,ok
MRK,2019-04-30,251.25371279081068,-0.008043764996729652,35201423.0,ok
MRK,2019-05-31,266.78629904394126,0.061820325282367916,30083537.0,ok
MRK,2019-06-30,281.3071888222679,0.054428918690217154,26377200.0,ok
MRK,2019-07-31,274.2895321787416,-0.024946595474174438,50568421.0,ok
MRK,2019-08-31,308.8986299672549,0.1261772460421866,44572936.0,ok
MRK,2019-09-30,301.57323858115524,-0.02371454799549033,45774092.0,ok
MRK,2019-10-31,282.28356616801324,-0.06396347535310576,17386446.0,ok
MRK,2019-11-30,299.4936440380686,0.06096733899065199,34461515.0,ok
MRK,2019-12-31,306.9833079362002,0.025007755747830096,34683052.0,ok
MRK,2020-01-31,301.9821392368967,-0.01629133757442891,25700283.0,ok
MRK,2020-02-29,324.23724409592205,0.07369675873965109,39372919.0,ok
MRK,2020-03-31,296.18973267133885,-0.0865030527346996,36855462.0,ok
MRK,2020-04-30,314.96503530104746,0.06338944453061868,59789804.0,ok
MRK,2020-05-31,308.8026205263996,-0.019565393246770202,36140634.0,ok
MRK,2020-06-30,291.0608277564539,-0.0574535045709853,42795921.0,ok
MRK,2020-07-31,272.4686682667678,-0.06387723017555336,28850660.0,ok
MRK,2020-08-31,274.31919097778757,0.0067916899318785084,24283876.0,ok
MRK,2020-09-30,270.75065045552503,-0.013008716267873144,49054072.0,ok
MRK,2020-10-31,273.36955017585564,0.009672736578562047,45496991.0,ok
MRK,2020-11-30,258.15876280033086,-0.055641849524717846,54058851.0,ok
MRK,2020-12-31,246.15056657468324,-0.04651477290714778,49362584.0,ok
MRK,2021-01-31,225.19429691805013,-0.08513597977144971,40720676.0,ok
MRK,2021-02-28,223.4840495266545,-0.00759454131299786,30169088.0,ok
MRK,2021-03-31,225.27169097660956,0.00799896660965893,47932157.0,ok
MRK,2021-04-30,239.8374083540465,0.06465844560535272,51528874.0,ok
MRK,2021-05-31,254.30471750822332,0.06032132040394744,43851321.0,ok
MRK,2021-06-30,230.93261874570868,-0.09190587965305386,51685398.0,ok
MRK,2021-07-31,263.31483254930095,0.1402236460984747,25942164.0,ok
MRK,2021-08-31,237.21979475867056,-0.09910204274476087,35173788.0,ok
MRK,2021-09-30,233.06383867588536,-0.01751943208201978,38241502.0,ok
MRK,2021-10-31,236.48333989809217,0.014671951005502004,31255627.0,ok
MRK,2021-11-30,219.29708578873976,-0.0726742700638382,16783747.0,ok
MRK,2021-12-31,212.51256547110717,-0.03093757627116156,27364517.0,ok
MRK,2022-01-31,208.74463706343613,-0.01773037937459432,40444041.0,ok
MRK,2022-02-28,223.55259632306138,0.07093815423447358,48842863.0,ok
MRK,2022-03-31,212.62913480573528,-0.04886304921970286,30264798.0,ok
MRK,2022-04-30,182.1061539425835,-0.14355032244776122,31012936.0,ok
MRK,2022-05-31,174.26497964534428,-0.04305826095098064,38821342.0,ok
MRK,2022-06-30,162.5787190827594,-0.0670602928159646,42040504.0,ok
MRK,2022-07-31,154.3771602145314,-0.05044669385082967,49080882.0,ok
MRK,2022-08-31,159.58361157825505,0.03372552880548185,41859556.0,ok
MRK,2022-09-30,155.78483299600302,-0.0238043151466667,42158714.0,ok
MRK,2022-10-31,163.71046382179634,0.05087549714160344,27857443.0,ok
MRK,2022-11-30,156.1577071029125,-0.046134844056793134,36840525.0,ok
MRK,2022-12-31,150.38791282161054,-0.036948507943315834,29445124.0,ok
MRK,2023-01-31,140.88721147256612,-0.06317463399012735,36827447.0,ok
MRK,2023-02-28,137.21605302848857,-0.02605742853241444,17683199.0,ok
MRK,2023-03-31,127.08289233516987,-0.07384821578576428,38765152.0,ok
MRK,2023-04-30,119.78099029861153,-0.057457789182986385,23492627.0,ok
MRK,2023-05-31,114.71801754826755,-0.04226858316768034,46693479.0,ok
MRK,2023-06-30,122.49990476713457,0.06783491717500079,28721533.0,ok
MRK,2023-07-31,113.4834701947173,-0.07360360475019967,49857629.0,ok
MRK,2023-08-31,117.96297744426155,0.03947277292330087,20755423.0,ok
MRK,2023-09-30,115.75460249156836,-0.018720915668110072,43619956.0,ok
MRK,2023-10-31,113.13383079711964,-0.022640755857976536,25157961.0,ok
MRK,2023-11-30,116.91858453308843,0.03345377513783565,39475356.0,ok
MRK,2023-12-31,106.16897157395242,-0.09194101179093417,41559241.0,ok
MRK,2024-01-31,115.87583688734743,0.09142845757560769,50660710.0,ok
MRK,2024-02-29,123.97667740013638,0.06990966132710175,33958019.0,ok
MRK,2024-03-31,116.6739052610637,-0.05890440276523057,40661482.0,ok
MRK,2024-04-30,116.37094197344106,-0.002596667069168057,23456490.0,ok
MRK,2024-05-31,128.5635845045956,0.1047739437731563,32300956.0,ok
MRK,2024-06-30,131.5040809529966,0.022871923334526034,29482477.0,ok
MRK,2024-07-31,132.4647779733809,0.0073054540469181806,42538158.0,ok
MRK,2024-08-31,141.52854885725063,0.06842400691368011,40364588.0,ok
MRK,2024-09-30,136.52673439992932,-0.03534138163436029,20919391.0,ok
MRK,2024-10-31,139.1966120568473,0.019555713162354493,17307307.0,ok
MRK,2024-11-30,141.91644909746685,0.0195395347661822,31538651.0,ok
MRK,2024-12-31,151.9797001393245,0.07090968739604175,25666806.0,ok
MRK,2025-01-31,147.41501912967823,-0.03003480731611985,39274441.0,ok
MRK,2025-02-28,142.58183435923723,-0.032786243891399725,26691728.0,ok
MRK,2025-03-31,147.78311828090838,0.036479288859241565,38297974.0,ok
MRK,2025-04-30,149.74895752810147,0.013302190873090147,55726709.0,ok
MRK,2025-05-31,158.86436160545452,0.06087123561873531,40039813.0,ok
MRK,2025-06-30,156.25426827354065,-0.016429697041782987,4014087.0,ok
MRK,2025-07-31,169.8380539295395,0.08693385343060789,50494509.0,ok
MRK,2025-08-31,180.11399050148987,0.06050432358471047,44073000.0,ok
MRK,2025-09-30,204.98962605728138,0.1381105126066582,31623374.0,ok
MRK,2025-10-31,202.08392197764582,-0.014174883556417717,40266956.0,ok
MRK,2025-11-30,223.07543345762335,0.1038752181497129,21983072.0,ok
MRK,2025-12-31,216.73817026805037,-0.028408610896084374,58786586.0,ok
MRK,2026-01-31,214.0020979739174,-0.012623859889327016,40989939.0,ok
MRK,2026-02-28,202.07200623559928,-0.05574754570757601,45180198.0,ok
MRK,2026-03-31,200.77996976346608,-0.0063939409332473,21483051.0,ok
MRK,2026-04-30,204.68192270257822,0.019433975130631387,66445496.0,ok
MRK,2026-05-31,208.85213193916596,0.020374096459155444,27040927.0,ok
ABBV,2009-10-31,35.7,,32288704.0,ok
ABBV,2009-11-30,37.9198512660669,0.062180707732966356,28858356.0,ok
ABBV,2009-12-31,36.95599868261341,-0.025418153058949455,57301148.0,ok
ABBV,2010-01-31,34.80493202151847,-0.058206156991420954,44114546.0,ok
ABBV,2010-02-28,35.19372113040403,0.01117051769114763,52468293.0,ok
ABBV,2010-03-31,33.03045732792953,-0.06146732238000385,56299328.0,ok
ABBV,2010-04-30,29.746210640178692,-0.09943085725833356,52641374.0,ok
ABBV,2010-05-31,31.82348789254075,0.06983334037029398,34094687.0,ok
ABBV,2010-06-30,31.105817261098828,-0.02255160194461714,45919795.0,ok
ABBV,2010-07-31,28.94709070441099,-0.06939944829508016,49761698.0,ok
ABBV,2010-08-31,28.861238798696004,-0.0029658215601577886,32026180.0,ok
ABBV,2010-09-30,30.622639611463036,0.06102997951864131,25285586.0,ok
ABBV,2010-10-31,30.652320626287178,0.0009692506982001969,33070517.0,ok
ABBV,2010-11-30,31.94347606608191,0.042122599966785135,68638752.0,ok
ABBV,2010-12-31,29.72821292178145,-0.06934947028675642,67264433.0,ok
ABBV,2011-01-31,28.807220719755552,-0.030980409231094352,47577452.0,ok
ABBV,2011-02-28,29.23868873021274,0.014977772922095678,44573961.0,ok
ABBV,2011-03-31,26.92454038768992,-0.07914678951151388,73620299.0,ok
ABBV,2011-04-30,26.5892004910929,-0.012454804864574065,46584687.0,ok
ABBV,2011-05-31,27.4404586714667,0.0320151852876871,42377696.0,ok
ABBV,2011-06-30,27.047831545533125,-0.01430832955944139,44968374.0,ok
ABBV,2011-07-31,28.18808919138438,0.042157081758354975,42582751.0,ok
ABBV,2011-08-31,29.758792474947366,0.05572223334822812,59125036.0,ok
ABBV,2011-09-30,28.427927516132417,-0.044721739295549234,20862957.0,ok
ABBV,2011-10-31,26.218323765452805,-0.07772651556908938,47783873.0,ok
ABBV,2011-11-30,26.27993685746781,0.002350001188717865,55978081.0,ok
ABBV,2011-12-31,26.563272236189,0.010781433009443342,53492361.0,ok
ABBV,2012-01-31,28.602924987354633,0.07678469478571515,47643691.0,ok
ABBV,2012-02-29,30.44734655735526,0.06448366979307352,57714528.0,ok
ABBV,2012-03-31,34.27357955696962,0.1256672069077247,33847190.0,ok
ABBV,2012-04-30,32.32099019350787,-0.05697068671266614,41049161.0,ok
ABBV,2012-05-31,29.93314841456962,-0.07387897971696056,55059814.0,ok
ABBV,2012-06-30,29.788335595504172,-0.004837874621800964,30059339.0,ok
ABBV,2012-07-31,31.413930600848605,0.05457152851432823,32752083.0,ok
ABBV,2012-08-31,29.301534069247726,-0.06724394213641693,43005482.0,ok
ABBV,2012-09-30,31.354706283341663,0.07007046829840768,33291447.0,ok
ABBV,2012-10-31,32.10264048901281,0.02385396944600049,36301049.0,ok
ABBV,2012-11-30,34.816940960105924,0.08455069208472388,22629979.0,ok
ABBV,2012-12-31,34.51772200782951,-0.008594062086593524,37368556.0,ok
ABBV,2013-01-31,34.91435841732408,0.011490804908985686,36636524.0,ok
ABBV,2013-02-28,36.96633157987584,0.05877161304311973,26849674.0,ok
ABBV,2013-03-31,36.951291683676985,-0.0004068539007274774,27811940.0,ok
ABBV,2013-04-30,37.345801118829634,0.01067647211171563,43258306.0,ok
ABBV,2013-05-31,33.220052646419745,-0.11047422598546697,22660549.0,ok
ABBV,2013-06-30,31.00347744148738,-0.06672401240674297,60440250.0,ok
ABBV,2013-07-31,29.14935725216411,-0.05980362018494656,64144544.0,ok
ABBV,2013-08-31,30.41550470784926,0.04343654800797192,64954718.0,ok
ABBV,2013-09-30,31.395979285245698,0.032236012087065946,46433617.0,ok
ABBV,2013-10-31,33.74812585388103,0.07491871959989171,56383194.0,ok
ABBV,2013-11-30,33.51642713386365,-0.006865528504325313,44604255.0,ok
ABBV,2013-12-31,35.94641307508459,0.07250134184994272,57944154.0,ok
ABBV,2014-01-31,37.58910621427752,0.045698388202508156,28976484.0,ok
ABBV,2014-02-28,39.07909380963461,0.0396388141517221,64578899.0,ok
ABBV,2014-03-31,42.01574787247729,0.07514642169411512,52180585.0,ok
ABBV,2014-04-30,39.52041004014551,-0.05939053708874653,44379696.0,ok
ABBV,2014-05-31,41.72608850221118,0.0558111229064957,64614178.0,ok
ABBV,2014-06-30,39.72195330746172,-0.04803074687058806,28344239.0,ok
ABBV,2014-07-31,42.244670133665345,0.06350938501631376,47165354.0,ok
ABBV,2014-08-31,44.14855192784212,0.045067976342406,3660689.0,ok
ABBV,2014-09-30,48.470351134186025,0.09789220750450878,31542477.0,ok
ABBV,2014-10-31,46.546048306375035,-0.0397006166199152,24195539.0,ok
ABBV,2014-11-30,45.93997406431714,-0.013020960191262532,36245651.0,ok
ABBV,2014-12-31,46.82569410009304,0.019279942007278228,46469027.0,ok
ABBV,2015-01-31,44.60323059065728,-0.04746247871275744,42895043.0,ok
ABBV,2015-02-28,48.09484800819944,0.07828171572562104,44009513.0,ok
ABBV,2015-03-31,46.033457748566065,-0.04286093718981998,68865932.0,ok
ABBV,2015-04-30,45.86607740543509,-0.003636058452206714,38803322.0,ok
ABBV,2015-05-31,46.50847802359905,0.014006007369791629,48696969.0,ok
ABBV,2015-06-30,48.85742276824451,0.05050573238396616,56351349.0,ok
ABBV,2015-07-31,55.303022237923706,0.13192671869439243,39084134.0,ok
ABBV,2015-08-31,59.65475680818949,0.07868891055436045,30923281.0,ok
ABBV,2015-09-30,57.58901325310128,-0.03462831240315478,55798948.0,ok
ABBV,2015-10-31,55.851270307872156,-0.030174903980240364,40828004.0,ok
ABBV,2015-11-30,56.97770488536134,0.0201684683495984,35271549.0,ok
ABBV,2015-12-31,55.26572984126274,-0.030046402317241094,54013761.0,ok
ABBV,2016-01-31,53.41926009923132,-0.03341075468169785,42276298.0,ok
ABBV,2016-02-29,54.23768565059602,0.01532079534318509,56907425.0,ok
ABBV,2016-03-31,53.500188547696425,-0.01359750317612407,25977091.0,ok
ABBV,2016-04-30,50.255356077252586,-0.060650860464744105,38076584.0,ok
ABBV,2016-05-31,48.936806357107365,-0.026236998860745153,24338006.0,ok
ABBV,2016-06-30,49.90321532768873,0.019748100510057265,24239601.0,ok
ABBV,2016-07-31,55.23739387569779,0.10689047815821606,38305397.0,ok
ABBV,2016-08-31,49.6768798905746,-0.10066575547782308,53974805.0,ok
ABBV,2016-09-30,52.82579920595405,0.06338802522049924,52521737.0,ok
ABBV,2016-10-31,52.05536068327659,-0.01458451238330949,32488480.0,ok
ABBV,2016-11-30,54.439817822305585,0.04580617841718326,31920279.0,ok
ABBV,2016-12-31,54.559966824752976,0.002207005960959796,45161088.0,ok
ABBV,2017-01-31,51.27238216935934,-0.060256353636602866,39273356.0,ok
ABBV,2017-02-28,50.42256915726372,-0.016574478815682303,42520774.0,ok
ABBV,2017-03-31,51.403176830079786,0.019447792708809253,37665724.0,ok
ABBV,2017-04-30,50.031372884201836,-0.026687143294910287,51483739.0,ok
ABBV,2017-05-31,47.986615953917635,-0.040869494727174716,25390492.0,ok
ABBV,2017-06-30,46.33181308502479,-0.03448467527866472,55095431.0,ok
ABBV,2017-07-31,48.14958520837672,0.03923377917492865,49276546.0,ok
ABBV,2017-08-31,47.25863467299901,-0.01850380499690596,40280935.0,ok
ABBV,2017-09-30,44.52704323796798,-0.057800896152247705,55020478.0,ok
ABBV,2017-10-31,46.48943901583864,0.04407199838944931,49291856.0,ok
ABBV,2017-11-30,46.867920236160366,0.008141230101588848,36050069.0,ok
ABBV,2017-12-31,40.6058326872214,-0.1336113810338767,48603953.0,ok
ABBV,2018-01-31,39.87043728700695,-0.018110585390011646,64150660.0,ok
ABBV,2018-02-28,43.10959195667303,0.08124201513891238,43414376.0,ok
ABBV,2018-03-31,45.481140856339586,0.05501209341183433,26388392.0,ok
ABBV,2018-04-30,45.67784728847192,0.004325010948025065,51910881.0,ok
ABBV,2018-05-31,44.5604432291136,-0.024462712796019415,29366703.0,ok
ABBV,2018-06-30,41.86641990972192,-0.060457731659893765,34559655.0,ok
ABBV,2018-07-31,42.11643243943514,0.005971672052502486,16760826.0,ok
ABBV,2018-08-31,39.0044143768535,-0.07389082793412827,38596612.0,ok
ABBV,2018-09-30,36.70407758505246,-0.05897631918212143,62415845.0,ok
ABBV,2018-10-31,37.223581418115494,0.014153845219491368,28410097.0,ok
ABBV,2018-11-30,33.37781428824241,-0.10331534428875433,36422353.0,ok
ABBV,2018-12-31,31.91476355110866,-0.04383303006299977,57636655.0,ok
ABBV,2019-01-31,34.85170263535681,0.09202446634282291,29428640.0,ok
ABBV,2019-02-28,37.995994688733816,0.09021918057418365,57738587.0,ok
ABBV,2019-03-31,38.468205189021866,0.012427902050109019,33988096.0,ok
ABBV,2019-04-30,37.61525636898068,-0.022172825996170986,32544424.0,ok
ABBV,2019-05-31,40.63521915557177,0.08028558298173638,31471645.0,ok
ABBV,2019-06-30,37.39273116044089,-0.07979501679853207,37587093.0,ok
ABBV,2019-07-31,38.959351676572226,0.04189639182571181,42603972.0,ok
ABBV,2019-08-31,41.402898951588874,0.06272042962373137,48507788.0,ok
ABBV,2019-09-30,39.66684655885318,-0.04193069656222881,44216181.0,ok
ABBV,2019-10-31,40.8453002848849,0.029708782730768934,43259479.0,ok
ABBV,2019-11-30,43.01590605358759,0.0531421180298175,26211380.0,ok
ABBV,2019-12-31,43.17703285842008,0.0037457494125954227,45537687.0,ok
ABBV,2020-01-31,43.1254642385585,-0.0011943530263108793,40511934.0,ok
ABBV,2020-02-29,41.61820026789229,-0.034950672352845435,33131591.0,ok
ABBV,2020-03-31,41.851222930356414,0.005599056685877235,50403491.0,ok
ABBV,2020-04-30,46.31100880111879,0.10656285667407595,37575741.0,ok
ABBV,2020-05-31,47.10050943260438,0.017047796019216133,66825910.0,ok
ABBV,2020-06-30,45.18074798917758,-0.04075882546819942,20388658.0,ok
ABBV,2020-07-31,45.59973748440592,0.009273629009610485,61252416.0,ok
ABBV,2020-08-31,45.24557488825872,-0.007766768312390204,48970413.0,ok
ABBV,2020-09-30,46.848350906636334,0.035423928689953144,46846330.0,ok
ABBV,2020-10-31,53.21958882815587,0.13599705855637745,55679878.0,ok
ABBV,2020-11-30,53.32963157145144,0.002067711264190697,46072487.0,ok
ABBV,2020-12-31,47.598247404467415,-0.10747091247583584,48039255.0,ok
ABBV,2021-01-31,47.75821848005102,0.0033608606263220153,58816774.0,ok
ABBV,2021-02-28,51.23517874711229,0.07280339128465663,30721932.0,ok
ABBV,2021-03-31,56.17608927202733,0.09643589903926153,40794424.0,ok
ABBV,2021-04-30,55.46843391019961,-0.012597091947803118,70637890.0,ok
ABBV,2021-05-31,60.64506447968179,0.09332570264851658,20290702.0,ok
ABBV,2021-06-30,64.30280853841043,0.060313961080115774,39900470.0,ok
ABBV,2021-07-31,55.26971522022608,-0.1404774305120522,36539275.0,ok
ABBV,2021-08-31,50.3724717736575,-0.08860627247770625,40589787.0,ok
ABBV,2021-09-30,51.88413184842412,0.03000964656963978,34912724.0,ok
ABBV,2021-10-31,51.67171663521702,-0.004094030402737703,28756622.0,ok
ABBV,2021-11-30,48.54776447117367,-0.06045768105784599,43621181.0,ok
ABBV,2021-12-31,53.00310362794658,0.09177228252020475,26112347.0,ok
ABBV,2022-01-31,49.566994297768815,-0.06482845522212077,37195709.0,ok
ABBV,2022-02-28,50.07922923602957,0.010334194064371749,29148968.0,ok
ABBV,2022-03-31,52.2742046868227,0.04383005657790662,14520087.0,ok
ABBV,2022-04-30,56.19705005113649,0.07504361640345847,20492283.0,ok
ABBV,2022-05-31,55.48376716052168,-0.012692532614536955,56054228.0,ok
ABBV,2022-06-30,51.6945764353187,-0.06829368154185278,30951928.0,ok
ABBV,2022-07-31,51.58318228840775,-0.0021548517193158423,39335213.0,ok
ABBV,2022-08-31,50.44144551616391,-0.022133895614664723,60523276.0,ok
ABBV,2022-09-30,49.307621460427995,-0.022478024650831707,43196326.0,ok
ABBV,2022-10-31,58.36962916888525,0.18378513179204958,17842260.0,ok
ABBV,2022-11-30,59.963162561091735,0.027300728390714957,30046918.0,ok
ABBV,2022-12-31,57.04101990378007,-0.048732297172193406,45858154.0,ok
ABBV,2023-01-31,57.74526997209426,0.012346379316186207,33678523.0,ok
ABBV,2023-02-28,56.93451319273852,-0.014040228398750965,47434838.0,ok
ABBV,2023-03-31,55.532106738488366,-0.02463192140596049,40117405.0,ok
ABBV,2023-04-30,58.30925879046105,0.050009845026244726,32097732.0,ok
ABBV,2023-05-31,54.42131173936148,-0.066678039332848,13727270.0,ok
ABBV,2023-06-30,52.67346054771912,-0.032117035326404864,34132491.0,ok
ABBV,2023-07-31,52.31119197439485,-0.006877630016278724,36688829.0,ok
ABBV,2023-08-31,52.549310632862664,0.004551963919773971,36287004.0,ok
ABBV,2023-09-30,51.22583069682141,-0.02518548616722649,51226200.0,ok
ABBV,2023-10-31,48.61763932255858,-0.0509155505881268,54952168.0,ok
ABBV,2023-11-30,45.04154258561338,-0.07355554047409074,50626098.0,ok
ABBV,2023-12-31,46.46080450033935,0.031510064559362894,42887856.0,ok
ABBV,2024-01-31,49.313417392807295,0.06139826727380737,47495235.0,ok
ABBV,2024-02-29,50.54554379688042,0.02498562195068721,42142323.0,ok
ABBV,2024-03-31,49.93845333724181,-0.01201076126667533,42940788.0,ok
ABBV,2024-04-30,49.70795486258009,-0.004615651051608105,35762222.0,ok
ABBV,2024-05-31,55.073436980015984,0.10794011003407844,26959518.0,ok
ABBV,2024-06-30,57.45269905642979,0.043201626898229595,21442870.0,ok
ABBV,2024-07-31,61.71522935067154,0.07419199383574848,33300799.0,ok
ABBV,2024-08-31,63.76331628276099,0.033186086378323765,58322793.0,ok
ABBV,2024-09-30,65.76986749419387,0.031468739839922266,61854809.0,ok
ABBV,2024-10-31,58.41929121123541,-0.11176206617121998,25891920.0,ok
ABBV,2024-11-30,58.33088407944927,-0.0015133208560589306,22748379.0,ok
ABBV,2024-12-31,56.61679287129796,-0.029385654532796734,43353549.0,ok
ABBV,2025-01-31,62.48986316523595,0.10373371567140399,60549381.0,ok
ABBV,2025-02-28,60.93285629239985,-0.02491615109988421,42748444.0,ok
ABBV,2025-03-31,64.39760895458267,0.056861812706701764,38607386.0,ok
ABBV,2025-04-30,56.75852913455334,-0.11862365612699832,61998384.0,ok
ABBV,2025-05-31,54.36344705116506,-0.042197747543993525,53373295.0,ok
ABBV,2025-06-30,55.73278086357009,0.02518850232429637,54960349.0,ok
ABBV,2025-07-31,59.034471951328676,0.05924145604435016,62356863.0,ok
ABBV,2025-08-31,67.95677644852782,0.1511371949689868,48491870.0,ok
ABBV,2025-09-30,72.65954011983094,0.06920227705128279,27035910.0,ok
ABBV,2025-10-31,71.5537831240885,-0.0152183318793212,70295776.0,ok
ABBV,2025-11-30,69.36670452415184,-0.03056552015067915,30446335.0,ok
ABBV,2025-12-31,65.88590388420474,-0.050179703127386954,53319882.0,ok
ABBV,2026-01-31,64.12571248452268,-0.02671575095601053,62013437.0,ok
ABBV,2026-02-28,66.17083737324617,0.03189243143640863,50888541.0,ok
ABBV,2026-03-31,70.92362505778391,0.07182601691631851,54561547.0,ok
ABBV,2026-04-30,74.55184726806252,0.051156750762846315,39544048.0,ok
ABBV,2026-05-31,75.85868488347676,0.017529245260889503,63749898.0,ok
JPM,2009-10-31,121.05,,95493716.0,ok
JPM,2009-11-30,113.34515441660437,-0.06365010808257432,75564558.0,ok
JPM,2009-12-31,120.62911853330688,0.06426356869152094,44447334.0,ok
JPM,2010-01-31,136.81529139779454,0.13418130764188985,53285139.0,ok
JPM,2010-02-28,133.07642505526513,-0.027327839632037443,74249844.0,ok
JPM,2010-03-31,134.32604861144574,0.00939026995699388,89273833.0,ok
JPM,2010-04-30,132.02927166236086,-0.017098522385100345,54290213.0,ok
JPM,2010-05-31,136.66892241252958,0.03514107660938803,64336881.0,ok
JPM,2010-06-30,129.045843859491,-0.0557777029223121,66722997.0,ok
JPM,2010-07-31,116.33765687865606,-0.09847808035314942,32553691.0,ok
JPM,2010-08-31,121.93673287082962,0.04812780437905473,127803302.0,ok
JPM,2010-09-30,132.5845032762108,0.08732209035533711,100344505.0,ok
JPM,2010-10-31,135.16644783108563,0.01947395427877363,52996129.0,ok
JPM,2010-11-30,139.2934761566489,0.030532934702262038,57012141.0,ok
JPM,2010-12-31,150.85550021962783,0.08300477798383277,83077218.0,ok
JPM,2011-01-31,139.16448437855564,-0.07749810795132728,106397815.0,ok
JPM,2011-02-28,137.71568217186476,-0.010410718030254396,67662693.0,ok
JPM,2011-03-31,130.99875128420393,-0.0487738998328332,78281923.0,ok
JPM,2011-04-30,138.0794069660828,0.05405132195891893,83012523.0,ok
JPM,2011-05-31,130.5670572918903,-0.05440601056490468,56891732.0,ok
JPM,2011-06-30,134.53377117675797,0.030380663906668604,84239159.0,ok
JPM,2011-07-31,136.15770811635207,0.0120708497605444,37819949.0,ok
JPM,2011-08-31,143.9168354171932,0.05698632422786276,104172545.0,ok
JPM,2011-09-30,155.69802913792157,0.08186112268642143,75191655.0,ok
JPM,2011-10-31,153.14942422014326,-0.016368896458674342,68334999.0,ok
JPM,2011-11-30,150.54265837403915,-0.01702106200776199,81229746.0,ok
JPM,2011-12-31,157.8206151790368,0.0483448139125775,82801801.0,ok
JPM,2012-01-31,162.2316802222455,0.02794986598046556,41605585.0,ok
JPM,2012-02-29,159.9010610591246,-0.014365992880848721,53792841.0,ok
JPM,2012-03-31,173.75097502706382,0.086615522600054,145075645.0,ok
JPM,2012-04-30,187.6592491927593,0.08004717189949062,36343931.0,ok
JPM,2012-05-31,197.6331606697917,0.05314905351021326,56813929.0,ok
JPM,2012-06-30,193.7145275349066,-0.019827811899605252,87084818.0,ok
JPM,2012-07-31,182.7037899644759,-0.056840019747339876,75468757.0,ok
JPM,2012-08-31,184.4417087700674,0.009512220879103861,75587774.0,ok
JPM,2012-09-30,188.81004834976906,0.023684120087758442,53240529.0,ok
JPM,2012-10-31,191.66981692127666,0.015146273180386638,98004753.0,ok
JPM,2012-11-30,179.11179282544595,-0.06551904883901771,105138298.0,ok
JPM,2012-12-31,175.2978956250651,-0.021293389677014107,71841178.0,ok
JPM,2013-01-31,172.5640989397278,-0.015595148336432163,65417682.0,ok
JPM,2013-02-28,172.8536235276472,0.0016777799652318848,88462074.0,ok
JPM,2013-03-31,180.34947762254856,0.0433653280846753,56754410.0,ok
JPM,2013-04-30,167.13089086561905,-0.07329428912788172,73104419.0,ok
JPM,2013-05-31,180.64199989042896,0.08084148271353064,85163959.0,ok
JPM,2013-06-30,188.04046990356605,0.04095653290831991,35085366.0,ok
JPM,2013-07-31,188.95357323407404,0.0048558873043460515,70355117.0,ok
JPM,2013-08-31,209.4074210077122,0.10824800729383455,72679823.0,ok
JPM,2013-09-30,220.2863245941442,0.05195089808221898,71313621.0,ok
JPM,2013-10-31,228.40235175433648,0.03684308218018195,67941298.0,ok
JPM,2013-11-30,230.73524245427225,0.010213952185768038,98191775.0,ok
JPM,2013-12-31,235.84784018316452,0.022157853627000623,66249336.0,ok
JPM,2014-01-31,265.41970604085606,0.12538535792706607,99364469.0,ok
JPM,2014-02-28,232.98525034585273,-0.12220063151607397,58093696.0,ok
JPM,2014-03-31,244.2171336000225,0.04820855928646428,79956538.0,ok
JPM,2014-04-30,255.88208534827885,0.047764673904334476,72981103.0,ok
JPM,2014-05-31,269.0780873154652,0.05157063633128289,89734172.0,ok
JPM,2014-06-30,274.43971320117566,0.019925910501305655,86240191.0,ok
JPM,2014-07-31,282.29071026647705,0.02860736507017947,103909730.0,ok
JPM,2014-08-31,255.9027075160047,-0.09347811242375836,109274782.0,ok
JPM,2014-09-30,279.18999873787106,0.09100056598818873,73643320.0,ok
JPM,2014-10-31,264.2780634692459,-0.05341142353249484,64195507.0,ok
JPM,2014-11-30,249.43162945109123,-0.056177322564202825,60364774.0,ok
JPM,2014-12-31,244.22034091042195,-0.020892653237832848,90774201.0,ok
JPM,2015-01-31,268.3170558923614,0.09866792787246959,81198652.0,ok
JPM,2015-02-28,281.2117456992256,0.048057659860568425,89231594.0,ok
JPM,2015-03-31,294.0462816663153,0.04564011341409979,20252464.0,ok
JPM,2015-04-30,342.93052294507316,0.16624675884945184,36879804.0,ok
JPM,2015-05-31,361.2379224554983,0.05338515613367378,41511659.0,ok
JPM,2015-06-30,398.83868998429494,0.10408864958918818,69841951.0,ok
JPM,2015-07-31,374.9535780987484,-0.059886647121639824,36731019.0,ok
JPM,2015-08-31,353.24912872059184,-0.05788569744609939,73144748.0,ok
JPM,2015-09-30,339.5307009461142,-0.038834993943689056,64277608.0,ok
JPM,2015-10-31,339.75499338032074,0.000660595444186729,85019890.0,ok
JPM,2015-11-30,355.83148621182306,0.047317900088980736,58389833.0,ok
JPM,2015-12-31,349.71713846270507,-0.017183267883939313,84250745.0,ok
JPM,2016-01-31,356.38954907834494,0.019079449880468058,56851232.0,ok
JPM,2016-02-29,326.0119558914467,-0.08523704823965073,55626147.0,ok
JPM,2016-03-31,314.3572258777809,-0.03574939447173686,114774447.0,ok
JPM,2016-04-30,308.64475544830907,-0.018171907496386752,65291244.0,ok
JPM,2016-05-31,310.43003419350856,0.005784251031923038,71630192.0,ok
JPM,2016-06-30,323.6882520146564,0.04270919808256468,106067988.0,ok
JPM,2016-07-31,324.73132506877664,0.0032224618830867247,87239503.0,ok
JPM,2016-08-31,347.60776179182386,0.07044727427574804,76506107.0,ok
JPM,2016-09-30,324.4813469954167,-0.06653020253977293,66922053.0,ok
JPM,2016-10-31,273.73303988010804,-0.1563982262315543,109973743.0,ok
JPM,2016-11-30,302.48993535473465,0.10505452862841036,60816433.0,ok
JPM,2016-12-31,283.0738916483481,-0.06418740406558343,64069574.0,ok
JPM,2017-01-31,295.0205650758125,0.042203374383623204,37297575.0,ok
JPM,2017-02-28,296.2392278547341,0.004130772302630703,78725739.0,ok
JPM,2017-03-31,315.82972164748327,0.0661306537105737,80620086.0,ok
JPM,2017-04-30,347.5756732294708,0.10051603571819978,62367500.0,ok
JPM,2017-05-31,307.5966354417824,-0.11502254290763925,70243869.0,ok
JPM,2017-06-30,328.2292352152592,0.06707680577794184,38863968.0,ok
JPM,2017-07-31,325.44342443068626,-0.00848739382628716,98702083.0,ok
JPM,2017-08-31,284.99301810544443,-0.12429320517384446,48543776.0,ok
JPM,2017-09-30,293.5844732418415,0.03014619513667638,67652624.0,ok
JPM,2017-10-31,277.3334392419974,-0.05535386057850977,75100132.0,ok
JPM,2017-11-30,276.7531335662252,-0.00209244755107163,84763859.0,ok
JPM,2017-12-31,295.0347626778778,0.06605753248780433,106171757.0,ok
JPM,2018-01-31,271.45503261732335,-0.07992187038074239,44167874.0,ok
JPM,2018-02-28,267.5483129758256,-0.01439177459275609,92769848.0,ok
JPM,2018-03-31,289.4114028191041,0.08171641824276432,85185667.0,ok
JPM,2018-04-30,302.48513187219135,0.04517351053116214,95355821.0,ok
JPM,2018-05-31,319.68537526746206,0.056863103613761457,74012576.0,ok
JPM,2018-06-30,319.7674712750079,0.0002568025123987905,58639220.0,ok
JPM,2018-07-31,335.2585593222409,0.04844485270958132,73430746.0,ok
JPM,2018-08-31,299.95131842944033,-0.10531346601315039,89504320.0,ok
JPM,2018-09-30,316.3422967563561,0.05464546184607477,109729015.0,ok
JPM,2018-10-31,366.36772490347397,0.15813702012047726,75714484.0,ok
JPM,2018-11-30,367.3353826272229,0.0026412198945851006,46119667.0,ok
JPM,2018-12-31,361.52344968592706,-0.015821870737657395,52708423.0,ok
JPM,2019-01-31,387.6739711171203,0.07233423296306629,126491668.0,ok
JPM,2019-02-28,364.9812131257165,-0.058535676063090736,75070080.0,ok
JPM,2019-03-31,338.9202158468366,-0.07140366775509432,111742933.0,ok
JPM,2019-04-30,357.9122698674355,0.056036946551402345,59102039.0,ok
JPM,2019-05-31,363.34954063851455,0.015191629985451316,86928241.0,ok
JPM,2019-06-30,383.2891871696566,0.05487731316820188,104526819.0,ok
JPM,2019-07-31,400.2238703196891,0.04418252253627153,88441330.0,ok
JPM,2019-08-31,426.16959233172275,0.06482802235486052,36857241.0,ok
JPM,2019-09-30,428.1692043529419,0.004692057005471817,43207053.0,ok
JPM,2019-10-31,441.02735674622517,0.03003053994206506,56641186.0,ok
JPM,2019-11-30,458.7580742047122,0.04020321457902121,60815818.0,ok
JPM,2019-12-31,483.23217932701056,0.05334860899118965,55216245.0,ok
JPM,2020-01-31,508.90728750242744,0.05313203315883097,91340468.0,ok
JPM,2020-02-29,526.3885755986199,0.03435063424221263,76992315.0,ok
JPM,2020-03-31,496.1945537029204,-0.057360708980741526,65596331.0,ok
JPM,2020-04-30,518.0154177798499,0.0439764280242263,89553773.0,ok
JPM,2020-05-31,509.0902201009672,-0.017229598526497636,117424973.0,ok
JPM,2020-06-30,494.93539139573994,-0.02780416544324882,97806210.0,ok
JPM,2020-07-31,470.0894711905861,-0.05020033046149164,97447491.0,ok
JPM,2020-08-31,478.20023150982644,0.017253652371107986,86506665.0,ok
JPM,2020-09-30,437.82770279736593,-0.08442599156631925,134548515.0,ok
JPM,2020-10-31,435.99309112710296,-0.004190259452614087,74290832.0,ok
JPM,2020-11-30,453.92004647558997,0.04111752161517823,106266415.0,ok
JPM,2020-12-31,422.6656485922858,-0.06885441197403674,54087887.0,ok
JPM,2021-01-31,405.6151178165092,-0.04034046966571425,65446697.0,ok
JPM,2021-02-28,377.9742790881034,-0.06814548451054003,33903021.0,ok
JPM,2021-03-31,391.54249950985684,0.03589720563655274,85913432.0,ok
JPM,2021-04-30,408.11573817940365,0.04232807087428214,89293012.0,ok
JPM,2021-05-31,445.8969420407441,0.09257472899693031,75859306.0,ok
JPM,2021-06-30,435.90774089851857,-0.02240248855824789,95871951.0,ok
JPM,2021-07-31,404.6112938373675,-0.0717960341714533,65825167.0,ok
JPM,2021-08-31,425.18367429400314,0.05084480035523842,87559984.0,ok
JPM,2021-09-30,387.0127196995455,-0.08977521222525453,56882742.0,ok
JPM,2021-10-31,363.1860259535188,-0.06156566059256241,90976587.0,ok
JPM,2021-11-30,348.72363434000295,-0.03982089227014152,99504219.0,ok
JPM,2021-12-31,319.8158835181868,-0.0828958750574138,77087443.0,ok
JPM,2022-01-31,303.384446721009,-0.051377800928525175,83938633.0,ok
JPM,2022-02-28,307.37861794859884,0.013165379012533451,85519982.0,ok
JPM,2022-03-31,230.25398726369298,-0.25091085124796475,95148949.0,ok
JPM,2022-04-30,213.74373960718657,-0.07170450272202422,79815917.0,ok
JPM,2022-05-31,216.06151271130508,0.01084370053774708,82156460.0,ok
JPM,2022-06-30,193.46544513612972,-0.10458164108740442,112706486.0,ok
JPM,2022-07-31,188.8683238891607,-0.023761975911172684,78478320.0,ok
JPM,2022-08-31,180.06438808800684,-0.046614146935091916,110844158.0,ok
JPM,2022-09-30,177.28123188717643,-0.015456449942062522,65808145.0,ok
JPM,2022-10-31,184.58852761828214,0.04121866513064476,60886054.0,ok
JPM,2022-11-30,185.96231459648973,0.007442428822274971,56774550.0,ok
JPM,2022-12-31,176.0462562739009,-0.053322945265040333,46316088.0,ok
JPM,2023-01-31,158.2909326442897,-0.1008560136716945,100785455.0,ok
JPM,2023-02-28,146.19204975078404,-0.07643446590016756,120162262.0,ok
JPM,2023-03-31,139.4554653603019,-0.046080374425053194,62699268.0,ok
JPM,2023-04-30,141.03237032368924,0.011307588120072598,114780240.0,ok
JPM,2023-05-31,153.71445217332115,0.08992319862826337,55403189.0,ok
JPM,2023-06-30,141.5618294610297,-0.07905972756932911,116456158.0,ok
JPM,2023-07-31,138.11053714752327,-0.024380105333807744,96315306.0,ok
JPM,2023-08-31,131.12499644041898,-0.05057934645234685,62760514.0,ok
JPM,2023-09-30,133.9239853275063,0.021345959680228788,79511277.0,ok
JPM,2023-10-31,131.2151718684565,-0.020226499774670614,43314663.0,ok
JPM,2023-11-30,123.55625008833407,-0.058369178434644176,111058258.0,ok
JPM,2023-12-31,119.60130334837108,-0.03200928109371626,95301557.0,ok
JPM,2024-01-31,121.01761945476063,0.011841978864261637,76988999.0,ok
JPM,2024-02-29,123.78779278441176,0.022890661228770037,69052674.0,ok
JPM,2024-03-31,104.05631039955222,-0.15939764286147184,75895998.0,ok
JPM,2024-04-30,96.49551801791932,-0.07266058495252425,74669290.0,ok
JPM,2024-05-31,107.26528250197259,0.11160896076078175,18539732.0,ok
JPM,2024-06-30,114.84579206375881,0.0706706716746568,48568558.0,ok
JPM,2024-07-31,110.79108187039881,-0.03530569227219871,48989160.0,ok
JPM,2024-08-31,109.32212745586475,-0.013258778502157953,68314801.0,ok
JPM,2024-09-30,108.9605470524063,-0.0033074768290108914,89159479.0,ok
JPM,2024-10-31,115.60145769222372,0.06094784598156777,80796972.0,ok
JPM,2024-11-30,108.69950673464692,-0.059704705246472645,59427520.0,ok
JPM,2024-12-31,107.99080608178951,-0.0065198148008845935,63847829.0,ok
JPM,2025-01-31,120.8396813218757,0.11898119577285837,109584780.0,ok
JPM,2025-02-28,127.19321407847332,0.05257819854451595,96474663.0,ok
JPM,2025-03-31,136.48564317988675,0.07305758541238183,45773058.0,ok
JPM,2025-04-30,124.10362663576323,-0.09072028570656432,98601959.0,ok
JPM,2025-05-31,121.72866140178947,-0.019136952709239874,86979004.0,ok
JPM,2025-06-30,116.06946908931847,-0.046490220522443004,92239332.0,ok
JPM,2025-07-31,122.65462564284951,0.05673461423747517,98608522.0,ok
JPM,2025-08-31,138.45036184503053,0.12878222993542576,72649757.0,ok
JPM,2025-09-30,129.3020104444231,-0.06607676049880828,58312556.0,ok
JPM,2025-10-31,140.57081253494817,0.08715101994000829,68773838.0,ok
JPM,2025-11-30,156.1551144593958,0.11086442230369209,107448409.0,ok
JPM,2025-12-31,147.60136857358663,-0.05477723810342028,121632048.0,ok
JPM,2026-01-31,142.75258972972728,-0.0328505005794848,95958121.0,ok
JPM,2026-02-28,144.67420191959408,0.013461137156985936,45297727.0,ok
JPM,2026-03-31,148.6773854364389,0.027670334197313684,111433240.0,ok
JPM,2026-04-30,139.42768508866902,-0.0622132298104221,39756867.0,ok
JPM,2026-05-31,146.2285897504856,0.04877729023107258,112981341.0,ok
BAC,2009-10-31,294.94,,40946225.0,ok
BAC,2009-11-30,284.4506046896611,-0.035564505697222915,30435981.0,ok
BAC,2009-12-31,292.43390232828267,0.028065672939354247,43379325.0,ok
BAC,2010-01-31,305.73567875109546,0.045486437505732,36225215.0,ok
BAC,2010-02-28,325.43780026153877,0.06444168240659653,30937676.0,ok
BAC,2010-03-31,300.92298964829575,-0.07532871287091303,41561196.0,ok
BAC,2010-04-30,272.0136955756039,-0.09606874538392585,72745247.0,ok
BAC,2010-05-31,281.8721385017911,0.03624245060648845,58437284.0,ok
BAC,2010-06-30,305.29986417158244,0.0831147263944374,58046725.0,ok
BAC,2010-07-31,277.12965728471426,-0.09227061716292206,44145200.0,ok
BAC,2010-08-31,276.25066405948826,-0.0031717761059508742,36188981.0,ok
BAC,2010-09-30,274.91983518345216,-0.004817468513847678,46853783.0,ok
BAC,2010-10-31,257.42152404980135,-0.06364877645868772,44272459.0,ok
BAC,2010-11-30,263.60247530788337,0.024011011825437967,62301237.0,ok
BAC,2010-12-31,263.1751184205716,-0.0016212172773135691,67220440.0,ok
BAC,2011-01-31,204.0731577008282,-0.2245727524487876,48264451.0,ok
BAC,2011-02-28,220.18520590954253,0.0789523148964777,44417815.0,ok
BAC,2011-03-31,245.19339734583724,0.11357798237620331,50093536.0,ok
BAC,2011-04-30,249.94928482822576,0.019396474513057482,50947496.0,ok
BAC,2011-05-31,265.0482056813025,0.06040793780807663,29079131.0,ok
BAC,2011-06-30,227.93869521251858,-0.1400104195136671,76218867.0,ok
BAC,2011-07-31,244.41134953998235,0.07226791533620691,28239672.0,ok
BAC,2011-08-31,239.63709746758076,-0.01953367583537924,69715004.0,ok
BAC,2011-09-30,241.56233663015064,0.008033977973006978,56334646.0,ok
BAC,2011-10-31,245.89221649776178,0.017924482466985303,56698719.0,ok
BAC,2011-11-30,245.27504080174276,-0.0025099440104670023,58991653.0,ok
BAC,2011-12-31,293.76719911672996,0.19770522983699634,43446393.0,ok
BAC,2012-01-31,302.4900891085136,0.029693206110180892,63694232.0,ok
BAC,2012-02-29,326.23433846697236,0.07849595809382337,54946364.0,ok
BAC,2012-03-31,320.68464812478084,-0.017011361735464137,80540609.0,ok
BAC,2012-04-30,302.34863003560474,-0.05717772333785498,36603238.0,ok
BAC,2012-05-31,310.2757748616127,0.026218557117571484,31855199.0,ok
BAC,2012-06-30,365.4312368762355,0.1777627081560682,41263591.0,ok
BAC,2012-07-31,349.35548465067455,-0.04399118248067424,35369828.0,ok
BAC,2012-08-31,355.8029670080736,0.01845536320646568,35686135.0,ok
BAC,2012-09-30,332.7832966138339,-0.06469780335956943,66741490.0,ok
BAC,2012-10-31,382.9339601959336,0.150700663441937,68182440.0,ok
BAC,2012-11-30,367.3679145680942,-0.04064942586934528,38242809.0,ok
BAC,2012-12-31,355.2975650945243,-0.03285629744709928,54939856.0,ok
BAC,2013-01-31,415.91187627082206,0.17060153834764313,27117965.0,ok
BAC,2013-02-28,422.6802723213283,0.016273630152602303,58133046.0,ok
BAC,2013-03-31,444.6710507664646,0.05202698087697488,39487306.0,ok
BAC,2013-04-30,469.8529321585606,0.05663035933796645,64916692.0,ok
BAC,2013-05-31,519.3174391820266,0.10527657408930113,44380390.0,ok
BAC,2013-06-30,503.4633808447015,-0.030528646144248106,55958590.0,ok
BAC,2013-07-31,553.5057431304714,0.09939623056955948,40324771.0,ok
BAC,2013-08-31,558.5067920098733,0.009035224912242734,35678348.0,ok
BAC,2013-09-30,575.6930850669778,0.030771860437465826,52697715.0,ok
BAC,2013-10-31,544.1518466046592,-0.054788287857668094,26493455.0,ok
BAC,2013-11-30,538.4677075970698,-0.010445869187170387,36468987.0,ok
BAC,2013-12-31,509.9838140688186,-0.052898053358411135,26491403.0,ok
BAC,2014-01-31,517.8644951826005,0.015452806336944791,22895632.0,ok
BAC,2014-02-28,549.1246183831558,0.06036351881882318,41999588.0,ok
BAC,2014-03-31,548.2613682954479,-0.0015720476897387314,65909429.0,ok
BAC,2014-04-30,558.6687222782239,0.018982468188726287,52851270.0,ok
BAC,2014-05-31,599.2299959071719,0.07260344460227008,57343454.0,ok
BAC,2014-06-30,521.5658305371321,-0.12960660497721632,56665871.0,ok
BAC,2014-07-31,599.1923328326426,0.148833565679652,51110638.0,ok
BAC,2014-08-31,626.5533348147181,0.04566313766521035,38193220.0,ok
BAC,2014-09-30,593.4839216958613,-0.052779885256912684,23294630.0,ok
BAC,2014-10-31,565.0202760167562,-0.047960264193461555,39256087.0,ok
BAC,2014-11-30,487.164987844882,-0.13779202530700918,42904900.0,ok
BAC,2014-12-31,522.6639247732676,0.07286840765266334,37611229.0,ok
BAC,2015-01-31,592.9439537758333,0.13446504660342362,43183381.0,ok
BAC,2015-02-28,575.4051415633767,-0.029579207445780464,40790235.0,ok
BAC,2015-03-31,562.0744257794311,-0.02316752983424175,53972035.0,ok
BAC,2015-04-30,524.5400770417176,-0.06677825393970627,63461693.0,ok
BAC,2015-05-31,487.6566458866586,-0.07031575425670589,64310495.0,ok
BAC,2015-06-30,547.4965252523152,0.12270904102384494,58958094.0,ok
BAC,2015-07-31,516.8190291634845,-0.05603231193968383,50787734.0,ok
BAC,2015-08-31,484.23582491585506,-0.06304567442179543,46647870.0,ok
BAC,2015-09-30,423.0142714587696,-0.12642921136147633,28027407.0,ok
BAC,2015-10-31,464.8870754220266,0.09898674061009372,55958449.0,ok
BAC,2015-11-30,552.9064601666116,0.1893349791767831,50628825.0,ok
BAC,2015-12-31,602.2834359615791,0.08930439297107928,45494691.0,ok
BAC,2016-01-31,690.673712739838,0.14675860483717096,42695524.0,ok
BAC,2016-02-29,647.4834163491523,-0.06253357496313827,71940954.0,ok
BAC,2016-03-31,621.0738727147285,-0.040787984630300644,62858016.0,ok
BAC,2016-04-30,628.1914455990824,0.011460106755486033,49373377.0,ok
BAC,2016-05-31,704.2788412868541,0.12112134958350174,47895347.0,ok
BAC,2016-06-30,716.4276273218899,0.017249965955015156,45030737.0,ok
BAC,2016-07-31,648.8416719132325,-0.0943374499128452,16894746.0,ok
BAC,2016-08-31,664.6968495440799,0.024436127205109015,70246184.0,ok
BAC,2016-09-30,679.9267904516038,0.022912611843985964,68899242.0,ok
BAC,2016-10-31,736.3171835136974,0.08293597759935212,32695698.0,ok
BAC,2016-11-30,717.8277400231668,-0.02511070487625877,22387979.0,ok
BAC,2016-12-31,760.2397668376407,0.059083850413895966,33075938.0,ok
BAC,2017-01-31,780.1674502522267,0.026212366524154485,79661881.0,ok
BAC,2017-02-28,921.0323100690816,0.18055721213607878,67643733.0,ok
BAC,2017-03-31,1123.4256823549574,0.21974622396329968,57810111.0,ok
BAC,2017-04-30,1357.8979273118073,0.20871184328396541,52420692.0,ok
BAC,2017-05-31,1552.2050044962257,0.14309402295729456,61675691.0,ok
BAC,2017-06-30,1550.10308218908,-0.0013541525127526155,52840784.0,ok
BAC,2017-07-31,1277.9479573325632,-0.1755722751497113,64494167.0,ok
BAC,2017-08-31,1087.3456829075496,-0.14914713336437746,35268520.0,ok
BAC,2017-09-30,986.3836623755609,-0.09285181531416709,65068626.0,ok
BAC,2017-10-31,833.3552297458988,-0.15514088327569775,67166276.0,ok
BAC,2017-11-30,885.1581889979525,0.06216191775486801,43472431.0,ok
BAC,2017-12-31,811.4883965442286,-0.08322782681039431,67374394.0,ok
BAC,2018-01-31,763.6268227633202,-0.05897998540056737,26820911.0,ok
BAC,2018-02-28,786.983210526693,0.03058612802370342,47090725.0,ok
BAC,2018-03-31,791.0136079948218,0.005121325860854675,50286425.0,ok
BAC,2018-04-30,698.6008442266501,-0.11682828567568282,74015358.0,ok
BAC,2018-05-31,744.291374202082,0.06540291262603781,24937711.0,ok
BAC,2018-06-30,714.3011551921068,-0.04029365386926087,32348753.0,ok
BAC,2018-07-31,677.7889886345567,-0.05111592819380262,60290003.0,ok
BAC,2018-08-31,664.1650354281501,-0.020100582090973318,44157760.0,ok
BAC,2018-09-30,704.9874800849594,0.06146430853664775,54664745.0,ok
BAC,2018-10-31,858.9880437826623,0.21844439518152003,62654384.0,ok
BAC,2018-11-30,731.5953357557875,-0.14830556600751388,26938965.0,ok
BAC,2018-12-31,760.0655472601759,0.038915244689165185,67784354.0,ok
BAC,2019-01-31,877.3650151254255,0.1543280948440322,70911701.0,ok
BAC,2019-02-28,836.4634541175591,-0.046618636830440874,60448752.0,ok
BAC,2019-03-31,772.18643126216,-0.07684379100962535,59179704.0,ok
BAC,2019-04-30,739.7852953867927,-0.041960250224038265,46703101.0,ok
BAC,2019-05-31,680.1206098289107,-0.08065135375080223,47505299.0,ok
BAC,2019-06-30,697.7539123267596,0.025926728646386232,27411511.0,ok
BAC,2019-07-31,699.0768623546758,0.0018960123398013007,28743571.0,ok
BAC,2019-08-31,694.7285721156542,-0.006220045996623846,62874336.0,ok
BAC,2019-09-30,745.0067503815559,0.07237096656725917,36836889.0,ok
BAC,2019-10-31,814.2495187152931,0.09294247105583198,58539805.0,ok
BAC,2019-11-30,774.9998273753235,-0.04820351800993017,58810561.0,ok
BAC,2019-12-31,742.4231883886915,-0.04203438224877887,45917103.0,ok
BAC,2020-01-31,888.211881557417,0.1963687226487847,33782248.0,ok
BAC,2020-02-29,853.2359429079664,-0.039377922515653196,35091666.0,ok
BAC,2020-03-31,786.3031635544081,-0.0784458037778396,74022794.0,ok
BAC,2020-04-30,840.0893076896418,0.0684038251761554,76651100.0,ok
BAC,2020-05-31,904.1535595662616,0.07625885877872318,36177163.0,ok
BAC,2020-06-30,839.5338417506605,-0.07146984838128645,54825320.0,ok
BAC,2020-07-31,748.5284087548839,-0.10839995777419176,32035907.0,ok
BAC,2020-08-31,830.5549006983458,0.10958367242187417,53268316.0,ok
BAC,2020-09-30,705.6837118414647,-0.15034670044314602,31338588.0,ok
BAC,2020-10-31,728.7626211991588,0.032704324856060785,27741511.0,ok
BAC,2020-11-30,604.5054338791772,-0.17050433667346976,47482764.0,ok
BAC,2020-12-31,652.0053044542011,0.07857641621219535,42312733.0,ok
BAC,2021-01-31,557.9831095314269,-0.14420464723286408,72507875.0,ok
BAC,2021-02-28,637.2282740840047,0.14202072284791023,41295502.0,ok
BAC,2021-03-31,715.9742420521064,0.12357575953655942,48747013.0,ok
BAC,2021-04-30,743.541029129593,0.038502484388929004,47339875.0,ok
BAC,2021-05-31,879.418375007232,0.1827435750743982,25458638.0,ok
BAC,2021-06-30,907.9464701770443,0.032439730599872485,63547096.0,ok
BAC,2021-07-31,904.9324894129466,-0.003319557774711157,50229267.0,ok
BAC,2021-08-31,770.7965355845729,-0.14822758094959232,80489981.0,ok
BAC,2021-09-30,806.4638292423106,0.046273292640953034,47659926.0,ok
BAC,2021-10-31,796.1583847976774,-0.01277855753842716,58393433.0,ok
BAC,2021-11-30,811.5133048026445,0.01928626300766667,69877278.0,ok
BAC,2021-12-31,872.9158123363013,0.07566420312552924,47655850.0,ok
BAC,2022-01-31,738.249114403738,-0.15427226317751863,28498158.0,ok
BAC,2022-02-28,841.4011348914543,0.13972522076241045,48720617.0,ok
BAC,2022-03-31,789.3558578404253,-0.061855487106923235,39312091.0,ok
BAC,2022-04-30,698.3484076180105,-0.11529331076531102,20021103.0,ok
BAC,2022-05-31,727.4824335136051,0.04171846828571946,31676959.0,ok
BAC,2022-06-30,614.5053511444173,-0.15529870848362537,25229080.0,ok
BAC,2022-07-31,633.7806850638208,0.03136723526248586,32310714.0,ok
BAC,2022-08-31,751.2515619505344,0.18534941132654503,53701903.0,ok
BAC,2022-09-30,755.7289328362566,0.005959882298410379,34900338.0,ok
BAC,2022-10-31,766.0937277210862,0.0137149637052143,27888942.0,ok
BAC,2022-11-30,845.955794186713,0.10424581689657475,55194239.0,ok
BAC,2022-12-31,890.0231393606673,0.05209178242737833,61492239.0,ok
BAC,2023-01-31,815.6215685377484,-0.08359509717507341,51049316.0,ok
BAC,2023-02-28,877.9542444543138,0.07642352571464706,61039879.0,ok
BAC,2023-03-31,845.5561964246459,-0.03690174998789897,20243039.0,ok
BAC,2023-04-30,940.6077066469695,0.11241300179011149,28016231.0,ok
BAC,2023-05-31,985.941400577206,0.0481961753129152,57855475.0,ok
BAC,2023-06-30,1175.6755483671784,0.1924395787405775,57910834.0,ok
BAC,2023-07-31,1100.1903046126279,-0.06420584646791982,38932690.0,ok
BAC,2023-08-31,1056.7033655105538,-0.03952674270964929,79285384.0,ok
BAC,2023-09-30,1205.3158748396245,0.14063786884720253,60489180.0,ok
BAC,2023-10-31,1105.3857702326877,-0.08290781420283966,39547176.0,ok
BAC,2023-11-30,1042.378282089845,-0.05700045164284995,47220546.0,ok
BAC,2023-12-31,1024.4197038733041,-0.017228465447818087,47770188.0,ok
BAC,2024-01-31,923.5521771833319,-0.09846308725671205,28768998.0,ok
BAC,2024-02-29,912.4444845065497,-0.012027141455785095,51113722.0,ok
BAC,2024-03-31,933.889323872721,0.023502623699642067,34301329.0,ok
BAC,2024-04-30,907.015385748567,-0.028776362934219146,42509429.0,ok
BAC,2024-05-31,906.6350524863149,-0.0004193239367580315,36723408.0,ok
BAC,2024-06-30,914.0085205643514,0.00813278513533744,45050570.0,ok
BAC,2024-07-31,880.2616493904621,-0.03692183433153595,49312422.0,ok
BAC,2024-08-31,954.8231087862706,0.0847037462638962,56519622.0,ok
BAC,2024-09-30,965.3114178687586,0.01098455722947489,72023594.0,ok
BAC,2024-10-31,1034.1576080479758,0.07132018631999393,44215355.0,ok
BAC,2024-11-30,942.4585498672905,-0.08867029306468277,53840281.0,ok
BAC,2024-12-31,905.7270456441943,-0.038974132314114396,37533705.0,ok
BAC,2025-01-31,937.4497303462473,0.03502455276632532,61856262.0,ok
BAC,2025-02-28,921.0907247930305,-0.01745054163829629,61560688.0,ok
BAC,2025-03-31,1029.4032661775668,0.11759161010862873,40256264.0,ok
BAC,2025-04-30,941.7177521721173,-0.08518091683451501,46268386.0,ok
BAC,2025-05-31,974.2253798658145,0.034519501855748924,53455162.0,ok
BAC,2025-06-30,912.1108997150046,-0.06375781357632593,44913592.0,ok
BAC,2025-07-31,961.2962937756678,0.053924795851065355,39321308.0,ok
BAC,2025-08-31,1047.354337714176,0.08952291244201027,48519046.0,ok
BAC,2025-09-30,879.8041883688251,-0.15997465548385925,42021070.0,ok
BAC,2025-10-31,867.9398815409187,-0.013485167477894189,45902728.0,ok
BAC,2025-11-30,882.8153643680796,0.017138840078130047,41805877.0,ok
BAC,2025-12-31,977.0292559121779,0.10671981407067688,21135379.0,ok
BAC,2026-01-31,1034.9187130608875,0.05925048487382578,68704377.0,ok
BAC,2026-02-28,1039.5456027373605,0.004470775934457993,48698272.0,ok
BAC,2026-03-31,1071.0433341442015,0.03029951867806502,15199844.0,ok
BAC,2026-04-30,988.4615021170698,-0.07710409970770904,55423893.0,ok
BAC,2026-05-31,986.147902725073,-0.002340606474851681,47129015.0,ok
V,2009-10-31,320.98,,84540673.0,ok
V,2009-11-30,283.7685911366118,-0.11593061518907166,80382575.0,ok
V,2009-12-31,346.0555689115643,0.21949919660053685,56875496.0,ok
V,2010-01-31,335.895570412342,-0.029359442274482617,122221525.0,ok
V,2010-02-28,364.19872930294815,0.0842617806952961,95048896.0,ok
V,2010-03-31,393.4943277124505,0.0804384970413603,100674724.0,ok
V,2010-04-30,354.4041290976074,-0.09934119976288103,92040096.0,ok
V,2010-05-31,334.57595297851555,-0.055947926367502676,108389286.0,ok
V,2010-06-30,290.3353625289766,-0.13222884088259568,67067879.0,ok
V,2010-07-31,275.76490430793467,-0.0501849244064706,85398136.0,ok
V,2010-08-31,284.4263620320106,0.031408847133078455,121286840.0,ok
V,2010-09-30,320.0258244362743,0.12516231670627342,135924158.0,ok
V,2010-10-31,337.96258218174347,0.05604784481710112,122572683.0,ok
V,2010-11-30,324.2502710074748,-0.04057345959942604,82490863.0,ok
V,2010-12-31,301.5469877323199,-0.07001777733173131,60503483.0,ok
V,2011-01-31,281.03834054448043,-0.06801144770858991,106384726.0,ok
V,2011-02-28,264.43866806380095,-0.059065508458808424,96629892.0,ok
V,2011-03-31,257.9532424800593,-0.024525254310299616,90317846.0,ok
V,2011-04-30,283.76022447374766,0.10004519325118899,112219934.0,ok
V,2011-05-31,299.46082100971825,0.05533050505964465,83465720.0,ok
V,2011-06-30,325.58999011637985,0.08725404885540478,84563350.0,ok
V,2011-07-31,341.97692853639177,0.05032998223979335,78240098.0,ok
V,2011-08-31,369.6008546524949,0.0807771630511136,90413266.0,ok
V,2011-09-30,404.3426864875298,0.0939982453982684,142592757.0,ok
V,2011-10-31,453.80692910122013,0.12233247754121512,133822777.0,ok
V,2011-11-30,442.0748892004135,-0.025852491772310193,89729623.0,ok
V,2011-12-31,431.4442652532472,-0.02404711103676138,109568008.0,ok
V,2012-01-31,395.08457584216296,-0.08427436018819712,112577582.0,ok
V,2012-02-29,374.6547730480252,-0.051709947801909295,128006135.0,ok
V,2012-03-31,355.5174253933521,-0.05107995154840861,105675373.0,ok
V,2012-04-30,368.50529272062346,0.03653229462072449,117832669.0,ok
V,2012-05-31,385.9372699712908,0.0473045505587435,90297105.0,ok
V,2012-06-30,354.1129730965305,-0.08245976574671754,85049940.0,ok
V,2012-07-31,326.0425875557787,-0.07926957686777503,32070608.0,ok
V,2012-08-31,324.92922930006154,-0.003414763280047639,96783835.0,ok
V,2012-09-30,358.5166901167832,0.10336854240252036,56526824.0,ok
V,2012-10-31,398.0881153673466,0.11037540605898544,57373281.0,ok
V,2012-11-30,380.2137142474444,-0.044900614788281445,133506703.0,ok
V,2012-12-31,381.70832561307157,0.0039309769995683475,120602243.0,ok
V,2013-01-31,389.8447876726457,0.02131591457038806,60358051.0,ok
V,2013-02-28,361.1899975261035,-0.07350307366582953,49708052.0,ok
V,2013-03-31,373.45880231499814,0.03396773131295783,50079151.0,ok
V,2013-04-30,391.3526860636257,0.04791394295088747,35230889.0,ok
V,2013-05-31,355.60536547112156,-0.09134298004202879,72748533.0,ok
V,2013-06-30,389.6699427942138,0.09579320401412383,100114798.0,ok
V,2013-07-31,389.1057853027886,-0.0014477829297784295,102510237.0,ok
V,2013-08-31,409.853711458651,0.053322070602772165,85681084.0,ok
V,2013-09-30,361.2988847675609,-0.11846867634377556,60826606.0,ok
V,2013-10-31,418.85596465768384,0.15930599931730183,46310398.0,ok
V,2013-11-30,389.19421135292254,-0.07081611772916452,97662310.0,ok
V,2013-12-31,428.5684841390639,0.1011687009662039,104967296.0,ok
V,2014-01-31,428.73411081269074,0.00038646489360871783,68227413.0,ok
V,2014-02-28,373.85641238025227,-0.12799937548336093,117529079.0,ok
V,2014-03-31,304.3270857381832,-0.18597869219199126,102952754.0,ok
V,2014-04-30,304.81565832055674,0.0016054193177990062,80703995.0,ok
V,2014-05-31,342.0804512601835,0.12225353889280055,74735193.0,ok
V,2014-06-30,305.0489391958053,-0.10825380967535136,82199599.0,ok
V,2014-07-31,315.7665098797332,0.0351339385482945,92192803.0,ok
V,2014-08-31,356.24464313138935,0.1281900771144895,81119687.0,ok
V,2014-09-30,363.6487374360107,0.020783735130834202,111244926.0,ok
V,2014-10-31,376.9741819287189,0.03664372544412586,125810875.0,ok
V,2014-11-30,411.77953146994656,0.09232820497985439,82807403.0,ok
V,2014-12-31,488.05158386243266,0.1852254581965611,126834038.0,ok
V,2015-01-31,504.6783369450701,0.03406761422850746,71831385.0,ok
V,2015-02-28,554.7139534158222,0.09914357880631197,133543204.0,ok
V,2015-03-31,554.0595417647216,-0.0011797281230637724,59254991.0,ok
V,2015-04-30,558.7611767102592,0.008485793657776242,113894218.0,ok
V,2015-05-31,559.7527900121748,0.0017746639230624695,87335540.0,ok
V,2015-06-30,510.57187029904117,-0.0878618572174763,74022086.0,ok
V,2015-07-31,540.9300063414346,0.059459084623312064,48628958.0,ok
V,2015-08-31,491.97841243883823,-0.09049524583352131,88075445.0,ok
V,2015-09-30,483.7617588223293,-0.016701248283999548,84749405.0,ok
V,2015-10-31,469.9409722913902,-0.02856940690100107,113789238.0,ok
V,2015-11-30,474.2426171205395,0.009153585413450571,68230799.0,ok
V,2015-12-31,381.3786573935147,-0.19581529869851688,69630784.0,ok
V,2016-01-31,374.9693806166055,-0.016805546541887262,78580560.0,ok
V,2016-02-29,391.47889353058497,0.044028962809792516,78845976.0,ok
V,2016-03-31,420.1145729264775,0.07314744132854578,96565200.0,ok
V,2016-04-30,488.3059705375457,0.16231619183322676,96414335.0,ok
V,2016-05-31,499.12497085513434,0.022156190934300213,63231020.0,ok
V,2016-06-30,458.58908277912855,-0.08121390522008343,107122300.0,ok
V,2016-07-31,458.06222090184485,-0.0011488757518840487,81009008.0,ok
V,2016-08-31,499.12683679810357,0.08964855432829544,55502624.0,ok
V,2016-09-30,479.563529373869,-0.03919506222052316,99872648.0,ok
V,2016-10-31,485.59806881228246,0.012583399422162689,107663666.0,ok
V,2016-11-30,526.0257505512952,0.08325338244835745,103367785.0,ok
V,2016-12-31,525.0205975638561,-0.0019108436923206407,88463573.0,ok
V,2017-01-31,515.0850081397739,-0.018924189774999767,106171878.0,ok
V,2017-02-28,532.4660585414267,0.033744042491984816,95310445.0,ok
V,2017-03-31,573.3819959207664,0.07684233900545667,103572009.0,ok
V,2017-04-30,595.6242687061214,0.03879136935514893,111910294.0,ok
V,2017-05-31,565.6389591843698,-0.050342659117783906,73847849.0,ok
V,2017-06-30,509.94470482642265,-0.09846255010131588,128628718.0,ok
V,2017-07-31,465.2601954642689,-0.08762618562215219,100432707.0,ok
V,2017-08-31,449.68279642996384,-0.0334810482095097,112573622.0,ok
V,2017-09-30,401.2654545470159,-0.10766998930653715,60743465.0,ok
V,2017-10-31,346.3200810384906,-0.13693023629595147,101261837.0,ok
V,2017-11-30,311.20759453373176,-0.10138738244536394,124511410.0,ok
V,2017-12-31,294.0351639056149,-0.05517998573860483,72121880.0,ok
V,2018-01-31,288.9285743215317,-0.017367275111770053,141772825.0,ok
V,2018-02-28,305.01431589213234,0.05567376507627708,16711677.0,ok
V,2018-03-31,325.98640718787817,0.06875772776239963,82893207.0,ok
V,2018-04-30,329.58792281905863,0.011048054617518899,114844890.0,ok
V,2018-05-31,358.90490837616017,0.08895042423382837,118891177.0,ok
V,2018-06-30,351.8786630069615,-0.019576899633355294,83178556.0,ok
V,2018-07-31,355.05603075415763,0.009029725531079613,133098964.0,ok
V,2018-08-31,335.4386149489327,-0.05525160567912768,85282229.0,ok
V,2018-09-30,342.47920895329594,0.02098921737270798,103569756.0,ok
V,2018-10-31,380.1134412504297,0.10988764080644065,92799709.0,ok
V,2018-11-30,347.8394567443489,-0.08490619116206866,63720315.0,ok
V,2018-12-31,340.98873641920164,-0.019695063893175102,118234752.0,ok
V,2019-01-31,340.85090866842654,-0.00040420030357146697,74500939.0,ok
V,2019-02-28,355.2524113913208,0.04225161898249108,65631793.0,ok
V,2019-03-31,340.6840316593482,-0.04100853158157758,77698695.0,ok
V,2019-04-30,349.3783045387268,0.02552004811329711,95960869.0,ok
V,2019-05-31,356.359039709916,0.019980448357849845,87511372.0,ok
V,2019-06-30,328.4946053587875,-0.07819202334199438,95621517.0,ok
V,2019-07-31,328.11435611416766,-0.0011575509564443198,89065731.0,ok
V,2019-08-31,322.5768789742251,-0.01687666826140266,65185900.0,ok
V,2019-09-30,352.2299005500462,0.09192544013109649,60147765.0,ok
V,2019-10-31,414.3388627404865,0.1763307490177588,126656947.0,ok
V,2019-11-30,402.0499710279206,-0.029659037125520094,91067919.0,ok
V,2019-12-31,398.23532966499727,-0.009487978206217607,72993408.0,ok
V,2020-01-31,422.0565195002426,0.05981686721588497,56643121.0,ok
V,2020-02-29,377.5564205571843,-0.10543635007877827,95249149.0,ok
V,2020-03-31,369.28626309198546,-0.021904428093141748,65326156.0,ok
V,2020-04-30,382.2758876716784,0.035174946587323674,68001847.0,ok
V,2020-05-31,394.0030388663439,0.030677193024367444,60347871.0,ok
V,2020-06-30,439.4751870700751,0.11541065351822466,99588461.0,ok
V,2020-07-31,453.0457496817406,0.030879018909210076,89480833.0,ok
V,2020-08-31,511.61380770069024,0.1292762553452782,104181378.0,ok
V,2020-09-30,530.3909871589966,0.03670186217744065,72291161.0,ok
V,2020-10-31,601.5305509992995,0.13412664536657593,104985636.0,ok
V,2020-11-30,624.1501303148564,0.03760337571878902,69134006.0,ok
V,2020-12-31,591.2383296445537,-0.05273058367175243,137869710.0,ok
V,2021-01-31,603.2537477807791,0.020322461406466985,44148394.0,ok
V,2021-02-28,601.3741188051393,-0.0031158181487549452,72819698.0,ok
V,2021-03-31,669.5696744290636,0.11339955194517004,92802858.0,ok
V,2021-04-30,828.6078887970699,0.23752302477500464,103276949.0,ok
V,2021-05-31,969.0512738503544,0.16949317880279047,103652966.0,ok
V,2021-06-30,992.7748805983578,0.024481270896783203,123129873.0,ok
V,2021-07-31,978.7594015933724,-0.014117479479877626,104209172.0,ok
V,2021-08-31,873.0847389950261,-0.10796796682240106,76026771.0,ok
V,2021-09-30,833.9554936433444,-0.044817236636986446,500749.0,ok
V,2021-10-31,751.9648711685445,-0.09831534548277066,105541395.0,ok
V,2021-11-30,760.3396292009331,0.011137166579835434,108147882.0,ok
V,2021-12-31,766.1065888405324,0.0075847153273596035,73862549.0,ok
V,2022-01-31,720.9699859705348,-0.058916870742894645,46156592.0,ok
V,2022-02-28,692.3676175674477,-0.03967206535593015,82982905.0,ok
V,2022-03-31,692.4438985567258,0.00011017411465030769,129195141.0,ok
V,2022-04-30,618.8569409172952,-0.10627136406690751,66631038.0,ok
V,2022-05-31,589.3142906747503,-0.0477374467170969,60745578.0,ok
V,2022-06-30,525.2223241299213,-0.10875685107083577,41115715.0,ok
V,2022-07-31,566.2784758699207,0.07816909117108217,76163572.0,ok
V,2022-08-31,608.2129647495921,0.0740527684991934,98550275.0,ok
V,2022-09-30,601.5584934677207,-0.010941021759723668,86333385.0,ok
V,2022-10-31,644.8604707807606,0.07198298716293228,88463213.0,ok
V,2022-11-30,728.8608694451952,0.13026135492958923,161265612.0,ok
V,2022-12-31,672.1733539552823,-0.07777549579944265,65961244.0,ok
V,2023-01-31,663.3745762520327,-0.01309004239973921,46468791.0,ok
V,2023-02-28,752.8629205334689,0.13489866432179531,96872895.0,ok
V,2023-03-31,706.0940206759669,-0.06212140162828339,95661339.0,ok
V,2023-04-30,820.9853094426296,0.1627138672788555,118729091.0,ok
V,2023-05-31,683.238960102482,-0.16778174683011582,112065637.0,ok
V,2023-06-30,710.0687913342108,0.03926859093003787,71374943.0,ok
V,2023-07-31,685.2905402494887,-0.03489556418634321,114806237.0,ok
V,2023-08-31,638.8166959544174,-0.06781626414710462,135091373.0,ok
V,2023-09-30,671.3696470960269,0.05095820342167823,84023828.0,ok
V,2023-10-31,712.4456009219143,0.06118232184543815,89695378.0,ok
V,2023-11-30,742.8549391851188,0.042683031832682294,172619803.0,ok
V,2023-12-31,708.2786409062064,-0.046545154989265036,101330856.0,ok
V,2024-01-31,687.2990124249791,-0.02962058612184748,144318018.0,ok
V,2024-02-29,616.0027119703228,-0.1037340359374348,104534565.0,ok
V,2024-03-31,614.284420025866,-0.002789422694196908,135200834.0,ok
V,2024-04-30,664.0658825912822,0.08103976096824983,114846782.0,ok
V,2024-05-31,706.8292754972316,0.06439631070802854,101490995.0,ok
V,2024-06-30,746.4124235566626,0.05600100254985274,103088463.0,ok
V,2024-07-31,700.1771125326125,-0.06194338353016471,112987435.0,ok
V,2024-08-31,807.4371437377713,0.15318985623107317,102495313.0,ok
V,2024-09-30,808.9950996937486,0.001929507414986098,103829161.0,ok
V,2024-10-31,743.6974051045579,-0.08071457369013679,82490668.0,ok
V,2024-11-30,803.8847105641512,0.08092983120081132,86713411.0,ok
V,2024-12-31,823.3119303618853,0.02416667407954609,78932147.0,ok
V,2025-01-31,798.6166993793851,-0.0299949874061044,73824582.0,ok
V,2025-02-28,954.4229358182782,0.19509513958319702,110235868.0,ok
V,2025-03-31,1089.8116681672493,0.14185402222432453,91373079.0,ok
V,2025-04-30,1212.5781293268687,0.11264924458560577,92752604.0,ok
V,2025-05-31,1202.9828063203643,-0.00791315856227015,129359277.0,ok
V,2025-06-30,1221.0996779244347,0.015059958886266767,80495660.0,ok
V,2025-07-31,1489.2336892554806,0.21958404885243032,62405119.0,ok
V,2025-08-31,1628.023901293451,0.09319572410919363,93468216.0,ok
V,2025-09-30,1987.0893954085745,0.22055296229364263,124631897.0,ok
V,2025-10-31,1797.6627448064073,-0.09532870088273926,73513800.0,ok
V,2025-11-30,1893.2173966246305,0.053154938040679944,79549997.0,ok
V,2025-12-31,1770.9735338724013,-0.06456937432023113,89232370.0,ok
V,2026-01-31,1732.9718742798873,-0.021458061831912123,59806681.0,ok
V,2026-02-28,1899.3538668239316,0.09600963236243065,123875318.0,ok
V,2026-03-31,1873.0713909635201,-0.01383758778155475,52908362.0,ok
V,2026-04-30,1948.738455315116,0.040397319993592085,57345927.0,ok
V,2026-05-31,1986.8237001135838,0.019543538382275738,182317213.0,ok
MA,2009-10-31,297.44,,42593851.0,ok
MA,2009-11-30,274.51610127821704,-0.07707066541750596,50487347.0,ok
MA,2009-12-31,243.65695526228748,-0.11241288169342889,47452206.0,ok
MA,2010-01-31,246.84603951627565,0.013088418717845496,74011135.0,ok
MA,2010-02-28,224.10164314372085,-0.0921400092832162,22813969.0,ok
MA,2010-03-31,233.19876773012402,0.04059374335139965,46356777.0,ok
MA,2010-04-30,234.75532513753717,0.006674809745197852,46317722.0,ok
MA,2010-05-31,215.72149559798632,-0.08107943676421148,38423668.0,ok
MA,2010-06-30,207.77134499627815,-0.03685377101466003,41152840.0,ok
MA,2010-07-31,212.80004956579126,0.024203070782466085,76506223.0,ok
MA,2010-08-31,226.8684733646033,0.06611099869345893,56247183.0,ok
MA,2010-09-30,211.97015820376848,-0.06566939398799376,34271213.0,ok
MA,2010-10-31,240.2912765641369,0.13360898817249134,40149232.0,ok
MA,2010-11-30,252.96297128038847,0.05273472635977838,65380930.0,ok
MA,2010-12-31,272.611558971184,0.07767377016226118,52396590.0,ok
MA,2011-01-31,219.19078236680852,-0.19595932324359833,53788791.0,ok
MA,2011-02-28,212.22014837195763,-0.03180167486781338,66975711.0,ok
MA,2011-03-31,220.19477069443752,0.037577121605356645,68683720.0,ok
MA,2011-04-30,195.19166960308803,-0.11354993132896007,43617186.0,ok
MA,2011-05-31,173.70532963839022,-0.11007816065300913,41414040.0,ok
MA,2011-06-30,164.26690137224492,-0.05433585881212566,65127336.0,ok
MA,2011-07-31,173.99962410059115,0.059249444940164375,44345605.0,ok
MA,2011-08-31,159.72259426714203,-0.08205207285502758,52477762.0,ok
MA,2011-09-30,162.50404086583544,0.017414233793631828,52024731.0,ok
MA,2011-10-31,158.89293836162582,-0.022221616674695244,43069726.0,ok
MA,2011-11-30,161.11970932196948,0.014014285236992219,31580136.0,ok
MA,2011-12-31,140.27831026571303,-0.12935350457099304,31836557.0,ok
MA,2012-01-31,142.87626824663002,0.018520026196465977,43216072.0,ok
MA,2012-02-29,136.7466013916534,-0.04290192437274265,68294463.0,ok
MA,2012-03-31,132.68089207374274,-0.029731702846977015,40822832.0,ok
MA,2012-04-30,141.34433671221913,0.06529534511767787,50626993.0,ok
MA,2012-05-31,136.5868144777051,-0.03365909342516116,58173289.0,ok
MA,2012-06-30,153.20094198540266,0.12163785773340119,25402463.0,ok
MA,2012-07-31,145.4455593909654,-0.05062229052858058,80322068.0,ok
MA,2012-08-31,149.99712253562453,0.03129392993308433,43115310.0,ok
MA,2012-09-30,143.89729106174136,-0.0406663232651977,21478527.0,ok
MA,2012-10-31,139.41880137051507,-0.03112282141089595,61373612.0,ok
MA,2012-11-30,119.15956340489085,-0.14531209396775624,42146964.0,ok
MA,2012-12-31,108.74694701857285,-0.08738380780178834,51717161.0,ok
MA,2013-01-31,108.69646577504419,-0.0004642083746961845,37453100.0,ok
MA,2013-02-28,112.85436117789419,0.03825235138238159,63194959.0,ok
MA,2013-03-31,122.44809751498906,0.08500988563456668,35246821.0,ok
MA,2013-04-30,130.6698687841768,0.06714494905224067,19796369.0,ok
MA,2013-05-31,127.53744670179184,-0.023972030518823573,45672978.0,ok
MA,2013-06-30,129.04422517521067,0.011814400494797317,58900797.0,ok
MA,2013-07-31,135.42980266724652,0.049483636198100145,62463165.0,ok
MA,2013-08-31,125.62781632817415,-0.07237687825002614,59025637.0,ok
MA,2013-09-30,114.49057361831647,-0.0886526808741478,36157138.0,ok
MA,2013-10-31,114.95493195759515,0.004055865252511781,43463532.0,ok
MA,2013-11-30,120.946899059976,0.052124489139719454,95988529.0,ok
MA,2013-12-31,123.92248705794057,0.024602433142903557,34972800.0,ok
MA,2014-01-31,127.72887733068912,0.0307158963890779,49674468.0,ok
MA,2014-02-28,136.03225587911135,0.06500784099843648,52763996.0,ok
MA,2014-03-31,150.00517586053357,0.10271769655749607,48490909.0,ok
MA,2014-04-30,149.51573977358873,-0.0032627946611647474,55288706.0,ok
MA,2014-05-31,146.6682644282614,-0.01904465275454781,70047929.0,ok
MA,2014-06-30,131.41142283526267,-0.10402278674580745,64026908.0,ok
MA,2014-07-31,142.6134901191039,0.08524424317271206,28547654.0,ok
MA,2014-08-31,131.2768726931407,-0.07949190091691472,72610585.0,ok
MA,2014-09-30,141.13467965482093,0.07509172605537939,59993990.0,ok
MA,2014-10-31,132.66592452550884,-0.06000477806039228,51414630.0,ok
MA,2014-11-30,133.2609322865995,0.004485008213064301,26249425.0,ok
MA,2014-12-31,136.9431515634569,0.02763164877863944,61899435.0,ok
MA,2015-01-31,149.51039103871705,0.0917697550537,47677143.0,ok
MA,2015-02-28,145.65419859245452,-0.025792136716864866,57943218.0,ok
MA,2015-03-31,138.22873384265236,-0.05098009409655857,33178461.0,ok
MA,2015-04-30,138.8020441599081,0.004147548062679585,16461835.0,ok
MA,2015-05-31,137.32540237031813,-0.010638472931196796,43692567.0,ok
MA,2015-06-30,135.7277781433564,-0.011633857970818062,62574791.0,ok
MA,2015-07-31,139.51907927489108,0.027933126021780774,52141431.0,ok
MA,2015-08-31,130.10655417041514,-0.06746407124670506,34253966.0,ok
MA,2015-09-30,132.0899175945589,0.015244146897825939,36272974.0,ok
MA,2015-10-31,131.6439045765542,-0.003376586389990055,42461882.0,ok
MA,2015-11-30,123.6866490397051,-0.06044530175889584,49996517.0,ok
MA,2015-12-31,143.78343921655696,0.16248148310979382,58020969.0,ok
MA,2016-01-31,132.46981377772568,-0.07868517751749882,61764766.0,ok
MA,2016-02-29,133.37901920052846,0.006863491363612528,39804478.0,ok
MA,2016-03-31,124.61633005489819,-0.06569765768374725,41233009.0,ok
MA,2016-04-30,141.9568822476832,0.13915152360164873,21444424.0,ok
MA,2016-05-31,125.76973170785357,-0.1140286422435417,54369577.0,ok
MA,2016-06-30,106.81978921175337,-0.1506717255318505,34939495.0,ok
MA,2016-07-31,109.31411476105413,0.02335078142081093,47799915.0,ok
MA,2016-08-31,107.60225155842207,-0.015660038105545282,44749924.0,ok
MA,2016-09-30,100.55659634303025,-0.06547869689851626,56312211.0,ok
MA,2016-10-31,98.08166125006541,-0.02461235943708817,45309361.0,ok
MA,2016-11-30,89.56794892909711,-0.08680228508020527,40691097.0,ok
MA,2016-12-31,86.18973592846854,-0.037716761866488646,55034832.0,ok
MA,2017-01-31,86.83869609590104,0.007529436776219978,39838265.0,ok
MA,2017-02-28,91.00543145539308,0.04798247263973732,34453260.0,ok
MA,2017-03-31,90.44031117558052,-0.00620974232828686,57558049.0,ok
MA,2017-04-30,85.24988817338183,-0.0573905920350275,27315466.0,ok
MA,2017-05-31,85.33720388459692,0.0010242325601355073,36068822.0,ok
MA,2017-06-30,78.61082699540486,-0.0788211539985334,42427385.0,ok
MA,2017-07-31,71.80452195823601,-0.08658228512933352,32707746.0,ok
MA,2017-08-31,68.619092055055,-0.044362525037542344,37359560.0,ok
MA,2017-09-30,61.651591612274345,-0.10153880260016324,50225067.0,ok
MA,2017-10-31,62.116790556860025,0.007545611271665198,64388622.0,ok
MA,2017-11-30,62.62552113282825,0.008189904394731107,64903863.0,ok
MA,2017-12-31,61.777691074652175,-0.013538091864781943,52936475.0,ok
MA,2018-01-31,60.26053500581131,-0.024558316156677473,37422596.0,ok
MA,2018-02-28,58.26664306520779,-0.03308785659488822,38866330.0,ok
MA,2018-03-31,62.0438660665371,0.06482650797476208,39914818.0,ok
MA,2018-04-30,67.40825511874634,0.0864612312594506,43139510.0,ok
MA,2018-05-31,66.27296202439929,-0.016842048386315867,58615450.0,ok
MA,2018-06-30,70.48929304758272,0.06362068171377544,68835345.0,ok
MA,2018-07-31,77.61985218860282,0.10115804589225674,58215005.0,ok
MA,2018-08-31,68.72537026839649,-0.1145902970620748,31230545.0,ok
MA,2018-09-30,62.29702178327665,-0.09353676029703295,37929832.0,ok
MA,2018-10-31,56.766082368361666,-0.08878336807426224,55608047.0,ok
MA,2018-11-30,58.728454859847204,0.03456945432223901,50435754.0,ok
MA,2018-12-31,60.86240005133055,0.03633579661811148,60697652.0,ok
MA,2019-01-31,75.6175883583446,0.2424352029261041,28004248.0,ok
MA,2019-02-28,64.02655974313463,-0.1532848225770067,19825603.0,ok
MA,2019-03-31,62.02284401312846,-0.0312950709525045,50188436.0,ok
MA,2019-04-30,59.266427770943686,-0.04444195176863097,62995418.0,ok
MA,2019-05-31,59.69963009819877,0.007309405063678609,56545238.0,ok
MA,2019-06-30,61.90997067866947,0.037024359729448175,51663030.0,ok
MA,2019-07-31,61.424263411107844,-0.007845380352101694,57852163.0,ok
MA,2019-08-31,63.646837670409006,0.03618397903163517,45413634.0,ok
MA,2019-09-30,66.2095477672793,0.040264531446811525,44563648.0,ok
MA,2019-10-31,64.05755442917209,-0.03250276449057288,69502114.0,ok
MA,2019-11-30,61.166094720781054,-0.045138465465273,45440864.0,ok
MA,2019-12-31,72.36243529620027,0.18304815153770626,29395729.0,ok
MA,2020-01-31,71.65138711480573,-0.009826205799791321,37669655.0,ok
MA,2020-02-29,60.088912162971184,-0.16137126463871798,36941634.0,ok
MA,2020-03-31,56.299192329313804,-0.06306853789229905,60767757.0,ok
MA,2020-04-30,62.04655539755953,0.10208606607759796,52207600.0,ok
MA,2020-05-31,60.270564465190965,-0.02862352182146155,39564377.0,ok
MA,2020-06-30,61.08693427504798,0.013545083194442364,57616604.0,ok
MA,2020-07-31,62.00396843153725,0.015011952512795412,46600414.0,ok
MA,2020-08-31,59.5339503890919,-0.03983645087447374,37102532.0,ok
MA,2020-09-30,60.076575966974936,0.00911455689294316,65050783.0,ok
MA,2020-10-31,66.73940307332795,0.11090557341376583,50688669.0,ok
MA,2020-11-30,66.59501131870591,-0.0021635158238287877,51851400.0,ok
MA,2020-12-31,65.00910239909851,-0.02381423004821892,41805070.0,ok
MA,2021-01-31,67.57445650754023,0.03946146022279651,23751688.0,ok
MA,2021-02-28,68.81428750925927,0.018347628168947194,38782869.0,ok
MA,2021-03-31,63.94186727954087,-0.0708053575220523,49558965.0,ok
MA,2021-04-30,69.85882849762427,0.0925365721994893,55363412.0,ok
MA,2021-05-31,78.3064998179778,0.12092489241557791,52040090.0,ok
MA,2021-06-30,93.87568268773498,0.1988236341293188,49890913.0,ok
MA,2021-07-31,95.55039244588912,0.017839654639048907,38430218.0,ok
MA,2021-08-31,80.46478610551124,-0.1578811552126379,43382476.0,ok
MA,2021-09-30,79.50503447160902,-0.011927598150123897,50510219.0,ok
MA,2021-10-31,80.52687995299078,0.012852588369691942,53443605.0,ok
MA,2021-11-30,79.31480374903722,-0.015051821263423193,70814023.0,ok
MA,2021-12-31,86.68272914639417,0.09289470627286756,76238298.0,ok
MA,2022-01-31,93.26336456801731,0.07591633865737468,40673783.0,ok
MA,2022-02-28,110.35109084030891,0.18322013527433345,41675451.0,ok
MA,2022-03-31,125.43503351102267,0.13669047180097205,36477267.0,ok
MA,2022-04-30,125.60555799024088,0.0013594645327155153,71469546.0,ok
MA,2022-05-31,132.20687900391908,0.05255596264451223,60480085.0,ok
MA,2022-06-30,119.54753822195534,-0.09575402488389795,37797197.0,ok
MA,2022-07-31,136.28486298900992,0.14000559957980574,34143589.0,ok
MA,2022-08-31,135.07980179760142,-0.0088422233033002,45685763.0,ok
MA,2022-09-30,151.821328994517,0.12393804976113643,68045890.0,ok
MA,2022-10-31,158.03385892179284,0.040920007540575565,39950171.0,ok
MA,2022-11-30,153.67562207283459,-0.027577867671478185,36558167.0,ok
MA,2022-12-31,150.97424417633715,-0.01757844126518071,44715010.0,ok
MA,2023-01-31,144.5060425963077,-0.04284307972739121,60658250.0,ok
MA,2023-02-28,129.4654228339594,-0.10408298152877804,66241316.0,ok
MA,2023-03-31,117.26070271944948,-0.0942701135743601,53639097.0,ok
MA,2023-04-30,120.06940690019094,0.0239526466719322,67322701.0,ok
MA,2023-05-31,123.3441016182601,0.02727334799605763,57355404.0,ok
MA,2023-06-30,132.09530784189207,0.07094953150428096,64306096.0,ok
MA,2023-07-31,113.54431748759947,-0.14043640654137923,32049692.0,ok
MA,2023-08-31,120.76168914664731,0.06356435811801919,46229153.0,ok
MA,2023-09-30,116.48134541767622,-0.03544454999940616,32463196.0,ok
MA,2023-10-31,111.84115878885436,-0.03983630693982099,62871176.0,ok
MA,2023-11-30,121.88492312801327,0.08980382935874798,41697438.0,ok
MA,2023-12-31,125.4970103462162,0.029635225797445264,72679785.0,ok
MA,2024-01-31,123.73096492261011,-0.014072410320644213,62766863.0,ok
MA,2024-02-29,109.37186260433249,-0.11605100087321552,25838600.0,ok
MA,2024-03-31,102.18280135520381,-0.06573044545411177,20370026.0,ok
MA,2024-04-30,100.89999499646541,-0.012554033963887545,35760051.0,ok
MA,2024-05-31,93.36936315066691,-0.07463461069608868,36043383.0,ok
MA,2024-06-30,98.89927500118348,0.059226192231740304,14656013.0,ok
MA,2024-07-31,92.14992170560392,-0.06824471964530376,20849087.0,ok
MA,2024-08-31,84.70079929752703,-0.08083699117916765,56612010.0,ok
MA,2024-09-30,88.56020049051912,0.04556510947948955,14589154.0,ok
MA,2024-10-31,96.83414980805455,0.09342740047682252,70808263.0,ok
MA,2024-11-30,100.10821383077545,0.033811047334135536,19755691.0,ok
MA,2024-12-31,92.97686963958608,-0.0712363543239749,47194043.0,ok
MA,2025-01-31,100.95071440327168,0.08576159634751379,48207866.0,ok
MA,2025-02-28,95.96249887519416,-0.049412384623162775,51116292.0,ok
MA,2025-03-31,101.92935427875743,0.062179033200496114,40705086.0,ok
MA,2025-04-30,107.20154305142518,0.05172394949397319,43422537.0,ok
MA,2025-05-31,129.3818892394624,0.2069032362472356,36602475.0,ok
MA,2025-06-30,120.96947976199615,-0.06501999257327584,37793535.0,ok
MA,2025-07-31,137.81894375429636,0.1392869013361966,62860960.0,ok
MA,2025-08-31,143.7307963391971,0.04289579083874262,38111089.0,ok
MA,2025-09-30,142.2847342223187,-0.010060906595589891,50596804.0,ok
MA,2025-10-31,140.5807714744572,-0.011975724290977374,49322350.0,ok
MA,2025-11-30,157.57002014342083,0.12085044413097767,41737347.0,ok
MA,2025-12-31,179.7367368477497,0.14067851666295805,33879138.0,ok
MA,2026-01-31,175.94706521303294,-0.021084569026792233,53198692.0,ok
MA,2026-02-28,172.69721767903224,-0.01847059813169294,63859445.0,ok
MA,2026-03-31,158.75853559034064,-0.08071167721183237,53627964.0,ok
MA,2026-04-30,181.78855108461093,0.14506316406002107,29659471.0,ok
MA,2026-05-31,168.88921786812975,-0.07095789663056051,31812890.0,ok
HD,2009-10-31,56.77,,38321007.0,ok
HD,2009-11-30,57.60617338557286,0.014729141898412124,38173877.0,ok
HD,2009-12-31,66.0136731158454,0.14594789475077619,25988650.0,ok
HD,2010-01-31,66.29131104766829,0.0042057640291528475,18552477.0,ok
HD,2010-02-28,67.99396972510499,0.02568449243992732,26433805.0,ok
HD,2010-03-31,71.79905676787028,0.055962125143582675,29525677.0,ok
HD,2010-04-30,78.09373219593294,0.08767072593186898,48748807.0,ok
HD,2010-05-31,81.04287310404727,0.03776411787715683,24084984.0,ok
HD,2010-06-30,80.92823011096678,-0.0014145968508952889,29017719.0,ok
HD,2010-07-31,84.53124745614646,0.044521143490217296,19660146.0,ok
HD,2010-08-31,89.68658362427485,0.06098734282612939,28084503.0,ok
HD,2010-09-30,98.61657750729731,0.09956889338580455,44184833.0,ok
HD,2010-10-31,100.00591026528161,0.01408822728492587,31491770.0,ok
HD,2010-11-30,109.4475115997315,0.09441043343742916,12475594.0,ok
HD,2010-12-31,115.92785088018864,0.05920956251757348,24655107.0,ok
HD,2011-01-31,104.06706858976192,-0.10231175856684205,33227451.0,ok
HD,2011-02-28,107.82855799722915,0.03614485791173028,14376200.0,ok
HD,2011-03-31,103.62987013681109,-0.03893855151550807,25799058.0,ok
HD,2011-04-30,116.55607567034444,0.1247343600495523,13591379.0,ok
HD,2011-05-31,117.57459598812821,0.008738457535791166,34120716.0,ok
HD,2011-06-30,112.79203732464342,-0.04067680286962416,18016321.0,ok
HD,2011-07-31,110.56319344985013,-0.019760649134992758,29480121.0,ok
HD,2011-08-31,112.54465109642763,0.017921494348625666,40096698.0,ok
HD,2011-09-30,116.77089226322876,0.03755168393725006,13362472.0,ok
HD,2011-10-31,129.14516085069502,0.1059704892857356,22227807.0,ok
HD,2011-11-30,118.77930029048635,-0.0802651875759609,25740734.0,ok
HD,2011-12-31,130.2641559662442,0.09669071671301754,49699788.0,ok
HD,2012-01-31,136.41098148712857,0.047187389925416046,22196224.0,ok
HD,2012-02-29,136.9212738940174,0.003740845504707213,32144767.0,ok
HD,2012-03-31,126.14548825949143,-0.07870059434932553,28336820.0,ok
HD,2012-04-30,149.27579771839316,0.18336216204039602,43548631.0,ok
HD,2012-05-31,154.06546612567473,0.03208603457820547,33227666.0,ok
HD,2012-06-30,134.11102396658558,-0.1295192404948936,18396371.0,ok
HD,2012-07-31,138.09664070212642,0.029718785359016175,27273708.0,ok
HD,2012-08-31,154.13396981519568,0.11613120371017338,31864215.0,ok
HD,2012-09-30,165.83477321212146,0.07591320337077456,31595503.0,ok
HD,2012-10-31,177.14168187477233,0.06818177179395324,26171794.0,ok
HD,2012-11-30,176.8779768302003,-0.0014886673863605537,21920489.0,ok
HD,2012-12-31,174.93937433733484,-0.01096011231927696,21581781.0,ok
HD,2013-01-31,180.57197979781222,0.03219747116287297,30206811.0,ok
HD,2013-02-28,175.518253896772,-0.02798732066126164,21700988.0,ok
HD,2013-03-31,190.8767707524018,0.0875038152137877,39190511.0,ok
HD,2013-04-30,186.29651485772962,-0.023995878998883113,25890503.0,ok
HD,2013-05-31,186.43884606710805,0.0007640036072984469,20780568.0,ok
HD,2013-06-30,186.48020242964694,0.00022182266953096885,20435850.0,ok
HD,2013-07-31,194.80271445576508,0.04462946692294567,39367586.0,ok
HD,2013-08-31,218.01073562461283,0.11913602556148017,16661449.0,ok
HD,2013-09-30,205.03760554382288,-0.059506840539853334,46454533.0,ok
HD,2013-10-31,220.91202850019226,0.07742200712042813,19941725.0,ok
HD,2013-11-30,211.11942965205552,-0.04432804729837614,34943905.0,ok
HD,2013-12-31,191.2093205838537,-0.09430732690503918,43242165.0,ok
HD,2014-01-31,182.23647695025102,-0.04692681092220974,30488688.0,ok
HD,2014-02-28,185.83992776137367,0.01977348811515034,35725484.0,ok
HD,2014-03-31,189.71336538864853,0.02084287092625492,36873118.0,ok
HD,2014-04-30,195.36002356956902,0.029764155885130705,48349948.0,ok
HD,2014-05-31,186.60943523639946,-0.04479211341850298,35047853.0,ok
HD,2014-06-30,174.40270720393022,-0.06541324138838744,36033385.0,ok
HD,2014-07-31,179.2168635480943,0.027603678987246694,37111010.0,ok
HD,2014-08-31,171.82423207927786,-0.04124964203958714,24862860.0,ok
HD,2014-09-30,194.15607496804301,0.1299691121474733,34040277.0,ok
HD,2014-10-31,173.88092450890264,-0.10442707220197744,45791371.0,ok
HD,2014-11-30,174.10088167225354,0.0012649873122778654,19905020.0,ok
HD,2014-12-31,177.04165943437582,0.01689122842960855,37502898.0,ok
HD,2015-01-31,187.8916622599576,0.06128502670075542,24854933.0,ok
HD,2015-02-28,190.42991957926193,0.013509153566338306,38636853.0,ok
HD,2015-03-31,181.7473359639054,-0.04559463993126667,32866258.0,ok
HD,2015-04-30,153.4065515009296,-0.15593507499116377,28970271.0,ok
HD,2015-05-31,142.9457570622804,-0.06819001102821753,24092334.0,ok
HD,2015-06-30,154.03794356945696,0.07759717206816985,37842632.0,ok
HD,2015-07-31,165.10282122871322,0.07183215643402185,28570039.0,ok
HD,2015-08-31,162.5593456711528,-0.015405403363986103,19697487.0,ok
HD,2015-09-30,159.18367611942944,-0.02076576734352842,30654838.0,ok
HD,2015-10-31,167.44470017754142,0.05189617591136697,25511074.0,ok
HD,2015-11-30,174.7271613246216,0.04349173870154499,44752268.0,ok
HD,2015-12-31,173.3629450189817,-0.007807694552453448,43367525.0,ok
HD,2016-01-31,164.78126145133004,-0.04950125626160784,34871073.0,ok
HD,2016-02-29,159.95263574452827,-0.02930324518864036,25592288.0,ok
HD,2016-03-31,161.0105341111377,0.006613822658721791,37114088.0,ok
HD,2016-04-30,166.6724351243029,0.035164786232291245,30541911.0,ok
HD,2016-05-31,165.88602324675352,-0.004718307961138701,15879553.0,ok
HD,2016-06-30,169.77986157182858,0.0234729740870514,35870265.0,ok
HD,2016-07-31,191.9866032712059,0.1307972659053107,37944835.0,ok
HD,2016-08-31,190.99165735791246,-0.005182371563123844,41958896.0,ok
HD,2016-09-30,192.27982358741605,0.0067446204055374714,16479859.0,ok
HD,2016-10-31,196.70429658058973,0.023010594198731305,20882303.0,ok
HD,2016-11-30,208.75324795410168,0.06125413416465708,13500571.0,ok
HD,2016-12-31,189.94061826512055,-0.09011897957687076,16451083.0,ok
HD,2017-01-31,183.08288886381416,-0.03610459660468368,26796736.0,ok
HD,2017-02-28,180.45802558498502,-0.014337021308319153,31360880.0,ok
HD,2017-03-31,163.87188467974767,-0.09191135086106916,28942882.0,ok
HD,2017-04-30,164.1338352283078,0.001598508182608871,19675014.0,ok
HD,2017-05-31,162.9833076922417,-0.00700969141716401,37384737.0,ok
HD,2017-06-30,170.81815904023023,0.048071495534885766,42164783.0,ok
HD,2017-07-31,167.4220707816172,-0.01988130698571211,18817006.0,ok
HD,2017-08-31,165.0709487764371,-0.014043082815806796,32727658.0,ok
HD,2017-09-30,159.82713171753795,-0.031767049852006846,64247268.0,ok
HD,2017-10-31,166.668613628719,0.042805510163768545,29911969.0,ok
HD,2017-11-30,188.1209482165869,0.12871250393704248,19225386.0,ok
HD,2017-12-31,192.93237939751629,0.025576264772968926,30378135.0,ok
HD,2018-01-31,207.35126982198744,0.07473546156170396,15750062.0,ok
HD,2018-02-28,221.00232356752213,0.06583539978922825,28602886.0,ok
HD,2018-03-31,222.1016860689782,0.004974438656162761,32591438.0,ok
HD,2018-04-30,222.2344263093382,0.0005976552574156191,32018221.0,ok
HD,2018-05-31,217.6706410519602,-0.020535905859272563,38127151.0,ok
HD,2018-06-30,212.94862095928372,-0.021693417494687672,17258786.0,ok
HD,2018-07-31,207.41649675799948,-0.025978680567938395,37882185.0,ok
HD,2018-08-31,206.37503143367866,-0.005021130626538084,26804362.0,ok
HD,2018-09-30,194.16762811143772,-0.05915155160697794,35878917.0,ok
HD,2018-10-31,203.83247749806563,0.04977580187095354,32300996.0,ok
HD,2018-11-30,190.3320504388629,-0.06623295377122052,41679607.0,ok
HD,2018-12-31,203.2921422094743,0.06809200941579907,36153136.0,ok
HD,2019-01-31,210.38316774142555,0.03488096221960513,24819779.0,ok
HD,2019-02-28,203.30186465892496,-0.03365907623942599,39053320.0,ok
HD,2019-03-31,211.12825705074673,0.0384964122436946,19757747.0,ok
HD,2019-04-30,217.36942869396626,0.02956104374848989,37612424.0,ok
HD,2019-05-31,218.74845973900236,0.006344181209481992,40323795.0,ok
HD,2019-06-30,232.25373030589702,0.06173881444929186,12755445.0,ok
HD,2019-07-31,239.66788189167318,0.03192263726404354,32788864.0,ok
HD,2019-08-31,245.97169888368953,0.026302301928239125,19048743.0,ok
HD,2019-09-30,223.02169548223227,-0.09330343086465986,43068744.0,ok
HD,2019-10-31,210.01471505625523,-0.0583215924255821,16538375.0,ok
HD,2019-11-30,218.06148025737278,0.03831524471493397,30276278.0,ok
HD,2019-12-31,239.03867949095246,0.09619855468659932,28839082.0,ok
HD,2020-01-31,279.7508550617186,0.17031626704709546,32569339.0,ok
HD,2020-02-29,291.30662726087894,0.041307370433634194,31237086.0,ok
HD,2020-03-31,269.31496621325203,-0.07549317107685416,30262970.0,ok
HD,2020-04-30,300.790101767455,0.11687109705325449,39949661.0,ok
HD,2020-05-31,261.70543261792795,-0.1299400110570923,33492673.0,ok
HD,2020-06-30,259.66616766227406,-0.00779221483961734,30773479.0,ok
HD,2020-07-31,253.27861924456946,-0.02459907840597997,31175875.0,ok
HD,2020-08-31,245.30905599983086,-0.03146559811684324,22736352.0,ok
HD,2020-09-30,235.19272882616292,-0.04123911011941983,17367687.0,ok
HD,2020-10-31,241.67650964142774,0.027567947562091355,37469854.0,ok
HD,2020-11-30,227.85353052821102,-0.05719620468586584,44041109.0,ok
HD,2020-12-31,211.65932428824067,-0.07107287827592079,23396138.0,ok
HD,2021-01-31,199.24401476464118,-0.0586570403423009,28330968.0,ok
HD,2021-02-28,199.72399726599326,0.00240901841854102,34475887.0,ok
HD,2021-03-31,213.87159939898817,0.07083576498898658,30520220.0,ok
HD,2021-04-30,219.2176028970589,0.024996322621113842,16032591.0,ok
HD,2021-05-31,245.3046754119263,0.1190008109299392,35256128.0,ok
HD,2021-06-30,224.15756488471433,-0.08620753147774629,42831222.0,ok
HD,2021-07-31,227.62048869227044,0.015448614501755165,42511707.0,ok
HD,2021-08-31,214.31139538704875,-0.05847054182901268,31935612.0,ok
HD,2021-09-30,219.25376135245264,0.023061610683267286,32391875.0,ok
HD,2021-10-31,211.09369291176574,-0.037217461585844824,38880811.0,ok
HD,2021-11-30,187.78790523363358,-0.11040494557965619,42960680.0,ok
HD,2021-12-31,192.6577965447876,0.025932933780241196,32977940.0,ok
HD,2022-01-31,180.64541575254304,-0.06235086774415599,22930102.0,ok
HD,2022-02-28,204.52834579413704,0.13220889078253717,29703210.0,ok
HD,2022-03-31,222.77979192844583,0.08923675622292149,29979395.0,ok
HD,2022-04-30,216.09799020185946,-0.029992853789595486,42559468.0,ok
HD,2022-05-31,213.56613411881867,-0.011716240769642283,20097840.0,ok
HD,2022-06-30,185.14819855309366,-0.13306386653004887,33512424.0,ok
HD,2022-07-31,181.18829328839274,-0.02138776015995303,38003930.0,ok
HD,2022-08-31,176.7425750068937,-0.024536454319501244,48985677.0,ok
HD,2022-09-30,185.34522861765126,0.04867335224929259,42492523.0,ok
HD,2022-10-31,194.67033586616722,0.05031209768961853,35619955.0,ok
HD,2022-11-30,205.25100822453933,0.05435174450845026,12795759.0,ok
HD,2022-12-31,210.19982301078886,0.024111037646332267,31664084.0,ok
HD,2023-01-31,226.9156618901066,0.07952356305485453,27873286.0,ok
HD,2023-02-28,214.94285298192256,-0.05276325489591982,14791345.0,ok
HD,2023-03-31,210.2900764880823,-0.021646574562921517,20325728.0,ok
HD,2023-04-30,224.8342547509464,0.06916245647800867,34902060.0,ok
HD,2023-05-31,219.88454040215223,-0.02201494765233647,45727192.0,ok
HD,2023-06-30,230.32993203131133,0.04750398372734743,21131815.0,ok
HD,2023-07-31,249.49311832947586,0.08319885361473323,26536761.0,ok
HD,2023-08-31,228.76526971347616,-0.0830798410584892,31728156.0,ok
HD,2023-09-30,217.68246093447226,-0.048446203363320395,37243011.0,ok
HD,2023-10-31,192.378275174591,-0.11624356712642292,31095583.0,ok
HD,2023-11-30,194.83036952699314,0.01274621237858975,19291139.0,ok
HD,2023-12-31,190.58008721762036,-0.021815296658788674,25620397.0,ok
HD,2024-01-31,198.62063558135128,0.04218986611413156,25617921.0,ok
HD,2024-02-29,193.64009985737724,-0.025075620714817948,20248968.0,ok
HD,2024-03-31,197.63486002224874,0.02062981876075143,30062233.0,ok
HD,2024-04-30,197.71825342086942,0.00042195692911306537,38235666.0,ok
HD,2024-05-31,198.3744967539695,0.0033190831991782854,34035840.0,ok
HD,2024-06-30,205.00222789469282,0.033410197627083305,44321687.0,ok
HD,2024-07-31,215.73519392729733,0.052355362879850764,41225423.0,ok
HD,2024-08-31,229.6142600266938,0.06433380593466698,24474255.0,ok
HD,2024-09-30,269.2460927798408,0.17260179201648707,42331085.0,ok
HD,2024-10-31,274.6459561361646,0.020055493844210348,29047866.0,ok
HD,2024-11-30,303.92670680898755,0.10661271363597313,41546825.0,ok
HD,2024-12-31,313.44665390569594,0.03132316734077434,31646736.0,ok
HD,2025-01-31,325.60670462579446,0.0387946419863745,28601731.0,ok
HD,2025-02-28,323.21084854214894,-0.007358128839512035,40154181.0,ok
HD,2025-03-31,372.9317359723362,0.15383421582058476,30328734.0,ok
HD,2025-04-30,366.67246106366474,-0.016783969571138257,31825282.0,ok
HD,2025-05-31,371.2354811331975,0.012444403531958859,7844204.0,ok
HD,2025-06-30,356.4002444917255,-0.039961796205975175,27266563.0,ok
HD,2025-07-31,365.1602623595979,0.02457915785205289,27326609.0,ok
HD,2025-08-31,383.9324727104238,0.0514081412624785,32933622.0,ok
HD,2025-09-30,367.54333982619016,-0.04268754025553578,35308029.0,ok
HD,2025-10-31,384.0037076855588,0.04478483508136133,32556839.0,ok
HD,2025-11-30,383.03164989206033,-0.002531376062375079,9281790.0,ok
HD,2025-12-31,361.9870162689586,-0.05494228382702104,12743647.0,ok
HD,2026-01-31,364.3948866242984,0.006651814145595569,38615644.0,ok
HD,2026-02-28,370.3256238011833,0.016275577387560025,43191030.0,ok
HD,2026-03-31,408.18446859785115,0.10223123209263285,17207449.0,ok
HD,2026-04-30,386.4966075606157,-0.05313249941070797,19629628.0,ok
HD,2026-05-31,383.81548288471544,-0.00693699407304571,23953073.0,ok
XOM,2009-10-31,73.5,,43946240.0,ok
XOM,2009-11-30,77.16305816486484,0.04983752605258274,80622098.0,ok
XOM,2009-12-31,77.50114806582978,0.00438149950255462,62429504.0,ok
XOM,2010-01-31,76.58265380749538,-0.011851363254054448,62246287.0,ok
XOM,2010-02-28,72.29434863706115,-0.055995776552921206,78774773.0,ok
XOM,2010-03-31,78.59394185796975,0.08713811438476893,91189587.0,ok
XOM,2010-04-30,72.69904868518252,-0.07500442188585132,131000310.0,ok
XOM,2010-05-31,75.91225404533303,0.044198726369378605,104170697.0,ok
XOM,2010-06-30,89.50284888110554,0.17903031607593323,59506086.0,ok
XOM,2010-07-31,102.63353043001327,0.1467068558493636,120127114.0,ok
XOM,2010-08-31,102.56761651742467,-0.0006422259110880901,15578222.0,ok
XOM,2010-09-30,102.21811214420556,-0.0034075508926322273,98698139.0,ok
XOM,2010-10-31,99.09733494682798,-0.03053056969957435,47837121.0,ok
XOM,2010-11-30,100.43253644857734,0.013473636828535973,52711516.0,ok
XOM,2010-12-31,113.75917188752676,0.1326924113459269,88094299.0,ok
XOM,2011-01-31,119.28055230803737,0.04853569456333218,75335354.0,ok
XOM,2011-02-28,104.34010611473755,-0.12525466980331124,76056433.0,ok
XOM,2011-03-31,108.17885574211095,0.036790739154051844,83769721.0,ok
XOM,2011-04-30,102.44298443451223,-0.053022111097870694,104111597.0,ok
XOM,2011-05-31,96.87151914175143,-0.05438601114088404,75533495.0,ok
XOM,2011-06-30,105.40360593619705,0.08807631871614063,100290555.0,ok
XOM,2011-07-31,93.263208227557,-0.11518009844927779,104591926.0,ok
XOM,2011-08-31,98.14378514732313,0.052331214125272085,104805889.0,ok
XOM,2011-09-30,94.90741967063249,-0.032975755640895055,68362581.0,ok
XOM,2011-10-31,111.9109150991792,0.1791587579512306,109225758.0,ok
XOM,2011-11-30,106.87769244151426,-0.04497526137825203,82937736.0,ok
XOM,2011-12-31,114.60382124191699,0.07228944248240232,99499672.0,ok
XOM,2012-01-31,116.2411265748689,0.014286655673511284,52139643.0,ok
XOM,2012-02-29,116.6296360618364,0.0033422722096319024,103503461.0,ok
XOM,2012-03-31,114.78192152677202,-0.015842581675250322,99185280.0,ok
XOM,2012-04-30,124.94437957137556,0.0885370963425911,127738325.0,ok
XOM,2012-05-31,151.06825471464498,0.20908403589571578,25049784.0,ok
XOM,2012-06-30,148.54489523771124,-0.016703439658452002,81862861.0,ok
XOM,2012-07-31,160.338911539323,0.07939698151685515,92254789.0,ok
XOM,2012-08-31,190.3083797582258,0.1869132572448131,113069199.0,ok
XOM,2012-09-30,208.09660133641148,0.09347051139200713,144827031.0,ok
XOM,2012-10-31,216.83981277754074,0.042015157311458884,95219322.0,ok
XOM,2012-11-30,192.02002788387074,-0.11446138315537557,23093186.0,ok
XOM,2012-12-31,211.0185859406767,0.0989405025412029,109874817.0,ok
XOM,2013-01-31,208.35461783411463,-0.012624329248945743,67027118.0,ok
XOM,2013-02-28,201.22005806885903,-0.03424238847893413,51877251.0,ok
XOM,2013-03-31,197.34706343475165,-0.019247557481481326,104283541.0,ok
XOM,2013-04-30,208.43716032255048,0.056195905298917825,72733691.0,ok
XOM,2013-05-31,226.2468298834381,0.08544383128866118,121500778.0,ok
XOM,2013-06-30,197.69980408712786,-0.1261764675819661,147034626.0,ok
XOM,2013-07-31,188.69379919518832,-0.04555393938564811,104555386.0,ok
XOM,2013-08-31,153.3787098050949,-0.18715553738765334,65062927.0,ok
XOM,2013-09-30,166.41152188339444,0.08497145460971023,92563569.0,ok
XOM,2013-10-31,184.23420093438747,0.10710003039021232,74443924.0,ok
XOM,2013-11-30,200.915883812425,0.09054607012939186,71794036.0,ok
XOM,2013-12-31,224.58651521475545,0.11781363898749464,105047201.0,ok
XOM,2014-01-31,253.85174924415762,0.13030717361377642,86928056.0,ok
XOM,2014-02-28,245.85781114489788,-0.031490577169791645,37428565.0,ok
XOM,2014-03-31,273.6630094369006,0.11309463043911805,70624289.0,ok
XOM,2014-04-30,261.1152713528972,-0.04585105641358733,122454608.0,ok
XOM,2014-05-31,235.0519377377787,-0.09981543201237708,80484168.0,ok
XOM,2014-06-30,194.31828210479466,-0.17329640429693483,69372237.0,ok
XOM,2014-07-31,222.0556602709336,0.14274198940880067,83822318.0,ok
XOM,2014-08-31,213.84240794319294,-0.03698735856460289,99246448.0,ok
XOM,2014-09-30,208.6099314495841,-0.02446884387403092,48908685.0,ok
XOM,2014-10-31,168.26895483255782,-0.19337994282777327,52815047.0,ok
XOM,2014-11-30,165.1953038615415,-0.018266298581784524,87779310.0,ok
XOM,2014-12-31,165.2466488851712,0.00031081406329036554,73098693.0,ok
XOM,2015-01-31,178.5017696672437,0.08021415787550046,51079119.0,ok
XOM,2015-02-28,209.03326180901266,0.17104307816490905,71628776.0,ok
XOM,2015-03-31,224.09149056471554,0.07203747683687367,74695242.0,ok
XOM,2015-04-30,223.17556649657556,-0.0040872773251310335,109839435.0,ok
XOM,2015-05-31,209.01356524417048,-0.06345677295557528,64853723.0,ok
XOM,2015-06-30,187.7515864501147,-0.1017253534200876,106134761.0,ok
XOM,2015-07-31,209.85859292521073,0.11774604355191332,109258122.0,ok
XOM,2015-08-31,183.22805730840957,-0.12689752297296553,84983661.0,ok
XOM,2015-09-30,139.90758543935607,-0.2364292483663485,76802076.0,ok
XOM,2015-10-31,137.4786660603023,-0.017360884125232845,100592894.0,ok
XOM,2015-11-30,133.32299605260633,-0.030227744615103802,80658661.0,ok
XOM,2015-12-31,119.39830950202267,-0.10444324657307646,76213824.0,ok
XOM,2016-01-31,117.83166511174011,-0.013121160565979562,75701757.0,ok
XOM,2016-02-29,131.2340155267986,0.11374150065985233,104605541.0,ok
XOM,2016-03-31,147.05119462812465,0.12052651927042568,60381891.0,ok
XOM,2016-04-30,162.9019669616292,0.10779084368263248,76754977.0,ok
XOM,2016-05-31,172.25375765209105,0.0574074755810936,102148465.0,ok
XOM,2016-06-30,171.34709161796698,-0.005263548653349548,44607599.0,ok
XOM,2016-07-31,178.4033995104811,0.041181369499091236,48904307.0,ok
XOM,2016-08-31,181.4363041341244,0.017000262506013053,82861785.0,ok
XOM,2016-09-30,169.7312051940398,-0.06451354372513984,95465710.0,ok
XOM,2016-10-31,153.54093125441588,-0.09538772744301738,93241112.0,ok
XOM,2016-11-30,140.12838069091987,-0.0873548861135377,68041760.0,ok
XOM,2016-12-31,126.76506901741772,-0.09536477626882389,109755266.0,ok
XOM,2017-01-31,136.52414439749234,0.07698552492196176,90774063.0,ok
XOM,2017-02-28,122.62977409859802,-0.10177225691626113,84892286.0,ok
XOM,2017-03-31,117.04136764923238,-0.04557136707169007,79698965.0,ok
XOM,2017-04-30,129.1182174597931,0.1031844556597672,48176538.0,ok
XOM,2017-05-31,149.43241314880788,0.15733020551759513,89491187.0,ok
XOM,2017-06-30,134.22883544854062,-0.1017421681140036,52776368.0,ok
XOM,2017-07-31,132.87038999880974,-0.01012036977890396,88608020.0,ok
XOM,2017-08-31,113.68407085647962,-0.14439875688256798,92271782.0,ok
XOM,2017-09-30,96.21622494578567,-0.15365253706252502,33323351.0,ok
XOM,2017-10-31,86.46676538958468,-0.10132864349743975,85832680.0,ok
XOM,2017-11-30,85.08318608166998,-0.01600128444357607,124533054.0,ok
XOM,2017-12-31,84.74319360187874,-0.003996000801672839,47961322.0,ok
XOM,2018-01-31,72.38985644247695,-0.1457737976861887,55998210.0,ok
XOM,2018-02-28,79.9781909045743,0.10482593604985602,78283966.0,ok
XOM,2018-03-31,83.61092218260377,0.04542152350462447,127138999.0,ok
XOM,2018-04-30,79.83552688153377,-0.04515433154564008,106543393.0,ok
XOM,2018-05-31,79.9844196502861,0.0018649938763888319,89756799.0,ok
XOM,2018-06-30,74.13973621999872,-0.07307277412078428,109437326.0,ok
XOM,2018-07-31,69.55828021910192,-0.0617948786235496,48295044.0,ok
XOM,2018-08-31,65.64947970897033,-0.0561946111637498,90477210.0,ok
XOM,2018-09-30,68.91290214136716,0.04970979887218974,117990442.0,ok
XOM,2018-10-31,70.21884525674724,0.018950632970021974,64896735.0,ok
XOM,2018-11-30,67.03780258689898,-0.045301836824817365,53246588.0,ok
XOM,2018-12-31,61.770740835934305,-0.07856853219699655,96317400.0,ok
XOM,2019-01-31,68.49594264028293,0.10887358178544515,85679014.0,ok
XOM,2019-02-28,63.87223668205905,-0.06750335538129604,70782672.0,ok
XOM,2019-03-31,59.48813823662385,-0.06863856149672998,118607547.0,ok
XOM,2019-04-30,62.7581089519887,0.054968449379908524,96826102.0,ok
XOM,2019-05-31,64.18325246169344,0.022708515815780927,50114982.0,ok
XOM,2019-06-30,71.82941774349769,0.11913022460754408,51773935.0,ok
XOM,2019-07-31,70.12934434491423,-0.02366820520047097,80864093.0,ok
XOM,2019-08-31,76.5082849986239,0.09095965053282695,107486577.0,ok
XOM,2019-09-30,75.49190089737934,-0.013284627949284866,91821296.0,ok
XOM,2019-10-31,75.7371524696584,0.003248713694631311,89799479.0,ok
XOM,2019-11-30,83.3024246470554,0.09988852142847304,33650123.0,ok
XOM,2019-12-31,82.99318522071583,-0.003712250005324491,125275954.0,ok
XOM,2020-01-31,83.58735198591818,0.007159223538923065,85298759.0,ok
XOM,2020-02-29,84.12594678358599,0.006443496352875888,48225266.0,ok
XOM,2020-03-31,75.85272624142488,-0.09834326814108818,151424120.0,ok
XOM,2020-04-30,86.0957726166839,0.13503860550321356,131104377.0,ok
XOM,2020-05-31,68.96635432251146,-0.19895771619863534,106570040.0,ok
XOM,2020-06-30,63.526404496832676,-0.07887831507287779,79427074.0,ok
XOM,2020-07-31,58.983126075796314,-0.07151795315698817,96916862.0,ok
XOM,2020-08-31,60.52606266537951,0.026158949045875346,124539649.0,ok
XOM,2020-09-30,49.68369755504248,-0.1791354770634831,125371500.0,ok
XOM,2020-10-31,55.87123814330975,0.12453864935097392,95553933.0,ok
XOM,2020-11-30,53.42232241982415,-0.043831420331229,72028940.0,ok
XOM,2020-12-31,54.62514132037762,0.02251528660811508,56407691.0,ok
XOM,2021-01-31,54.4508468955935,-0.0031907363637172503,44219882.0,ok
XOM,2021-02-28,55.31198990748335,0.015815052675691943,36315403.0,ok
XOM,2021-03-31,53.63814825768537,-0.030261823026032864,149300679.0,ok
XOM,2021-04-30,60.10623454337673,0.12058742696742142,75933849.0,ok
XOM,2021-05-31,75.31486414488089,0.2530291527500126,91571815.0,ok
XOM,2021-06-30,74.18351174494795,-0.015021635008948375,85710749.0,ok
XOM,2021-07-31,72.76767051951025,-0.01908565922715466,119075254.0,ok
XOM,2021-08-31,59.11855953596587,-0.1875710859795191,62250411.0,ok
XOM,2021-09-30,55.58182837513652,-0.059824379832491004,92659349.0,ok
XOM,2021-10-31,52.19546082932856,-0.06092580335703357,83500249.0,ok
XOM,2021-11-30,50.310994597472984,-0.03610402517601108,95507257.0,ok
XOM,2021-12-31,53.1563903634037,0.05655614222489724,96698292.0,ok
XOM,2022-01-31,56.866651938732424,0.06979897524951406,112851191.0,ok
XOM,2022-02-28,61.1810134603015,0.07586804171656403,97534816.0,ok
XOM,2022-03-31,54.031026133832775,-0.11686611453581319,50182359.0,ok
XOM,2022-04-30,50.422892253834725,-0.06677892570577582,61827595.0,ok
XOM,2022-05-31,41.91161059986884,-0.16879796603334662,97480753.0,ok
XOM,2022-06-30,38.91189684254891,-0.07157238088410067,127685257.0,ok
XOM,2022-07-31,36.70693557341206,-0.056665478890913334,81601182.0,ok
XOM,2022-08-31,38.580386979072145,0.05103807703896379,137582472.0,ok
XOM,2022-09-30,43.35780599842668,0.12383025141624504,82071008.0,ok
XOM,2022-10-31,43.95787188783751,0.01383985825834011,74558227.0,ok
XOM,2022-11-30,43.69234113330761,-0.006040573465599719,51967519.0,ok
XOM,2022-12-31,45.861920884023625,0.049655836570910994,45780254.0,ok
XOM,2023-01-31,43.17161353946376,-0.05866102624360536,77139403.0,ok
XOM,2023-02-28,42.70785530154644,-0.010742203033328734,84012209.0,ok
XOM,2023-03-31,47.86408254189265,0.12073252575995097,48275814.0,ok
XOM,2023-04-30,51.24968426377137,0.0707336596061463,107454959.0,ok
XOM,2023-05-31,54.137885152519296,0.05635548648227684,102186444.0,ok
XOM,2023-06-30,38.92660971317185,-0.2809728417815669,64770567.0,ok
XOM,2023-07-31,40.94257844558957,0.05178896254444587,69513145.0,ok
XOM,2023-08-31,48.113149216060044,0.1751372542401004,69778851.0,ok
XOM,2023-09-30,49.08854251664268,0.020272904943354986,114008042.0,ok
XOM,2023-10-31,52.587242277554566,0.07127324588473383,47601354.0,ok
XOM,2023-11-30,46.774944635622994,-0.11052676257968352,112511082.0,ok
XOM,2023-12-31,46.10093738263682,-0.014409578851171112,93920607.0,ok
XOM,2024-01-31,47.732807860181325,0.03539777215374196,78429467.0,ok
XOM,2024-02-29,50.16724089297101,0.0510012534758193,63535591.0,ok
XOM,2024-03-31,46.417825891060666,-0.07473831399078756,82194577.0,ok
XOM,2024-04-30,47.59749597270893,0.02541416059461432,120249982.0,ok
XOM,2024-05-31,49.28905418369199,0.03553880674632448,57024844.0,ok
XOM,2024-06-30,58.40196134557283,0.1848870365399704,86262132.0,ok
XOM,2024-07-31,59.44596933795435,0.017876248816439233,91330384.0,ok
XOM,2024-08-31,63.03285054481019,0.06033850985697908,63816888.0,ok
XOM,2024-09-30,62.859954301403775,-0.0027429545373883757,80930574.0,ok
XOM,2024-10-31,66.72443974766101,0.06147770053614132,94024419.0,ok
XOM,2024-11-30,67.9961161116826,0.01905862932428981,95732767.0,ok
XOM,2024-12-31,67.88952769289473,-0.0015675662800033185,75879545.0,ok
XOM,2025-01-31,75.77547886166471,0.11615858051690808,52375135.0,ok
XOM,2025-02-28,64.35799628114324,-0.15067516236176026,70755611.0,ok
XOM,2025-03-31,58.95201274372765,-0.08399863031471566,78872246.0,ok
XOM,2025-04-30,45.282040832636284,-0.23188303969393853,78657595.0,ok
XOM,2025-05-31,47.997873020090935,0.05997592284968878,133763931.0,ok
XOM,2025-06-30,48.990233653914586,0.020675096027864992,58031386.0,ok
XOM,2025-07-31,52.333985630704994,0.06825344007158507,74013971.0,ok
XOM,2025-08-31,54.292804964989784,0.03742920227989521,87831984.0,ok
XOM,2025-09-30,57.67976174956237,0.062383160839758256,93980499.0,ok
XOM,2025-10-31,60.579487299891355,0.05027284202246185,104129528.0,ok
XOM,2025-11-30,54.92711939937425,-0.09330498081860195,31138392.0,ok
XOM,2025-12-31,54.0203135730871,-0.016509255103909215,94832066.0,ok
XOM,2026-01-31,53.30984636304695,-0.013151852757739335,59766649.0,ok
XOM,2026-02-28,55.591998743827865,0.04280920948897804,86247566.0,ok
XOM,2026-03-31,62.62386536655834,0.12649062421975232,91183405.0,ok
XOM,2026-04-30,63.097653067965425,0.0075656093509055555,85846485.0,ok
XOM,2026-05-31,54.556146694566294,-0.13536963671530977,88058434.0,ok
CVX,2009-10-31,285.17,,38733566.0,ok
CVX,2009-11-30,208.96980208094826,-0.2672097272470868,23833721.0,ok
CVX,2009-12-31,162.60095170673395,-0.22189258884521734,36881859.0,ok
CVX,2010-01-31,151.7910749536863,-0.06648101772826209,99296811.0,ok
CVX,2010-02-28,128.78917431751825,-0.15153658173371698,54960442.0,ok
CVX,2010-03-31,101.42789017863186,-0.21245018677912775,44640048.0,ok
CVX,2010-04-30,111.07843349069717,0.09514684072663893,60759475.0,ok
CVX,2010-05-31,109.91029421036819,-0.01051634636553278,47226192.0,ok
CVX,2010-06-30,108.44431436978697,-0.013337966667392842,67677890.0,ok
CVX,2010-07-31,115.21961872106773,0.06247726670277509,39233301.0,ok
CVX,2010-08-31,126.15569170211901,0.09491502491017734,32787620.0,ok
CVX,2010-09-30,111.17173817525341,-0.11877350379280527,31004486.0,ok
CVX,2010-10-31,113.84109555221112,0.024011114882000584,23956029.0,ok
CVX,2010-11-30,87.2109223141317,-0.23392407731938936,24092682.0,ok
CVX,2010-12-31,79.20009326625798,-0.09185580011433536,48977589.0,ok
CVX,2011-01-31,80.42041480046727,0.015408082034787052,40899957.0,ok
CVX,2011-02-28,74.986344362007,-0.06757078351240597,70797835.0,ok
CVX,2011-03-31,61.329283899068415,-0.18212730036561364,48967450.0,ok
CVX,2011-04-30,67.86378678359026,0.10654784254901606,40600281.0,ok
CVX,2011-05-31,73.61003190179275,0.08467321660853688,60509548.0,ok
CVX,2011-06-30,74.18653548484951,0.007831861611280244,38743814.0,ok
CVX,2011-07-31,75.8645265875555,0.02261853976249739,34428998.0,ok
CVX,2011-08-31,74.91090988853666,-0.012569994724982103,18057917.0,ok
CVX,2011-09-30,95.78737540732075,0.27868391332914166,81417432.0,ok
CVX,2011-10-31,74.3443545459852,-0.2238606159752523,77548572.0,ok
CVX,2011-11-30,77.51871471487861,0.042698066158203485,36866433.0,ok
CVX,2011-12-31,86.71771618009727,0.11866813709506774,56069311.0,ok
CVX,2012-01-31,77.37129986206176,-0.10777977937777639,46361821.0,ok
CVX,2012-02-29,66.61052923262181,-0.13907961542101976,56603128.0,ok
CVX,2012-03-31,70.81309078926327,0.06309155031579139,40061016.0,ok
CVX,2012-04-30,77.59737486643981,0.09580550716768288,56874275.0,ok
CVX,2012-05-31,74.21595306772242,-0.04357649733045055,42459011.0,ok
CVX,2012-06-30,67.01017409575395,-0.0970920492713091,26807760.0,ok
CVX,2012-07-31,73.45280529529019,0.09614407493301025,57758048.0,ok
CVX,2012-08-31,82.92283790646393,0.1289267656027966,48661554.0,ok
CVX,2012-09-30,80.80321092077442,-0.025561438069454656,58335543.0,ok
CVX,2012-10-31,70.00816105690289,-0.13359679325683993,21994921.0,ok
CVX,2012-11-30,75.67121305136989,0.08089131194096133,63752561.0,ok
CVX,2012-12-31,70.84773801733864,-0.06374253615779624,55623782.0,ok
CVX,2013-01-31,70.15391091438666,-0.009793214608802114,60507725.0,ok
CVX,2013-02-28,77.03568600537714,0.09809538771671278,52079800.0,ok
CVX,2013-03-31,83.6137237205618,0.08538948708427796,54580332.0,ok
CVX,2013-04-30,77.32789928027933,-0.07517694656549179,67220147.0,ok
CVX,2013-05-31,65.9391781149708,-0.1472782950436745,34009880.0,ok
CVX,2013-06-30,55.36524548790686,-0.1603588781259504,45898361.0,ok
CVX,2013-07-31,45.68984471118769,-0.17475585435329677,50141571.0,ok
CVX,2013-08-31,50.70035799097284,0.10966360930875019,63313387.0,ok
CVX,2013-09-30,59.68842579210933,0.17727819205412332,85276253.0,ok
CVX,2013-10-31,58.34753150786882,-0.022464896107509125,43284245.0,ok
CVX,2013-11-30,63.138105739153886,0.08210414575360403,55801511.0,ok
CVX,2013-12-31,69.99178870068165,0.10855065861245161,46781619.0,ok
CVX,2014-01-31,78.77014846059426,0.12541985171222114,46290326.0,ok
CVX,2014-02-28,81.18288612163936,0.030630101735203752,32846681.0,ok
CVX,2014-03-31,97.15307502638169,0.19671866408904948,77253832.0,ok
CVX,2014-04-30,103.39988996908392,0.06429868474061085,54433595.0,ok
CVX,2014-05-31,112.6037936408339,0.08901270276498274,54313936.0,ok
CVX,2014-06-30,119.78973847436275,0.06381618772498432,30228962.0,ok
CVX,2014-07-31,144.034592357339,0.20239508151330599,64879197.0,ok
CVX,2014-08-31,150.7740199282771,0.046790340158134436,48654635.0,ok
CVX,2014-09-30,147.40021817714072,-0.022376545725459218,57083454.0,ok
CVX,2014-10-31,137.47644462906644,-0.06732536539496992,45274724.0,ok
CVX,2014-11-30,156.26371357172022,0.13665809436187315,54709714.0,ok
CVX,2014-12-31,147.71444633004543,-0.054710508577226036,48827567.0,ok
CVX,2015-01-31,144.12775585638633,-0.024281243729169066,55325000.0,ok
CVX,2015-02-28,137.13816857192822,-0.04849577545231998,49979810.0,ok
CVX,2015-03-31,130.08366250797116,-0.05144086535075032,9576486.0,ok
CVX,2015-04-30,130.15025028654205,0.0005118842542337632,37923056.0,ok
CVX,2015-05-31,119.92423487335498,-0.07857084708383744,26698297.0,ok
CVX,2015-06-30,82.20425705542058,-0.3145317362897355,37396283.0,ok
CVX,2015-07-31,66.93131849266065,-0.1857925502868203,56726482.0,ok
CVX,2015-08-31,68.01759737010698,0.016229754648646955,67741586.0,ok
CVX,2015-09-30,68.72378277767224,0.010382392717029676,45396314.0,ok
CVX,2015-10-31,62.42817023594878,-0.09160747978746087,45411945.0,ok
CVX,2015-11-30,68.94690542394977,0.10441977016727022,35571272.0,ok
CVX,2015-12-31,75.04227886469891,0.08840677334637581,29640947.0,ok
CVX,2016-01-31,77.98197153711142,0.03917381930408537,53089373.0,ok
CVX,2016-02-29,78.34004333864151,0.004591725426686288,40456995.0,ok
CVX,2016-03-31,61.15257153548628,-0.21939574029667974,23894116.0,ok
CVX,2016-04-30,58.5317580796887,-0.04285696234829217,60533581.0,ok
CVX,2016-05-31,62.69859346000738,0.07118930845449234,33713059.0,ok
CVX,2016-06-30,74.02441005945234,0.1806390857343425,36089605.0,ok
CVX,2016-07-31,82.17399779262723,0.11009324797900577,42852729.0,ok
CVX,2016-08-31,79.46679595540222,-0.03294475028532573,45275330.0,ok
CVX,2016-09-30,66.98682392724074,-0.15704637236369012,34726597.0,ok
CVX,2016-10-31,65.41866242424625,-0.023409999326102993,27048301.0,ok
CVX,2016-11-30,66.57273736392901,0.017641371696022645,66051883.0,ok
CVX,2016-12-31,61.446179434795546,-0.07700686695679082,68579807.0,ok
CVX,2017-01-31,60.42440884102128,-0.016628708296803518,69905732.0,ok
CVX,2017-02-28,62.89391615904277,0.04086936662498175,52911801.0,ok
CVX,2017-03-31,69.43849120775121,0.10405736275284361,37537589.0,ok
CVX,2017-04-30,74.35122662742614,0.07074945515415432,40438585.0,ok
CVX,2017-05-31,74.6306104282784,0.0037576219455295323,30886762.0,ok
CVX,2017-06-30,79.89646625970815,0.07055892751259685,49889100.0,ok
CVX,2017-07-31,88.35337016145269,0.10584828463194951,44145793.0,ok
CVX,2017-08-31,69.20732540679242,-0.2166985223050768,34536638.0,ok
CVX,2017-09-30,49.466523832527066,-0.2852415038181475,51770607.0,ok
CVX,2017-10-31,52.25346978746707,0.05634004047617003,77836247.0,ok
CVX,2017-11-30,52.805272897278385,0.01056012379762894,33129111.0,ok
CVX,2017-12-31,61.79096984117062,0.17016666046536733,38419564.0,ok
CVX,2018-01-31,60.55648812669847,-0.019978351491250268,64230778.0,ok
CVX,2018-02-28,65.38221027285701,0.07968959719166646,57058568.0,ok
CVX,2018-03-31,55.83154181601291,-0.14607442019758388,54158776.0,ok
CVX,2018-04-30,62.60628549926795,0.12134258633910755,56901067.0,ok
CVX,2018-05-31,71.40698363245451,0.1405721176875998,13112876.0,ok
CVX,2018-06-30,71.5243007556046,0.0016429362673255898,54024325.0,ok
CVX,2018-07-31,70.720640385673,-0.011236186323270392,52232638.0,ok
CVX,2018-08-31,72.27411719987906,0.02196638500067616,39433462.0,ok
CVX,2018-09-30,70.91455649371754,-0.01881117001265553,42488068.0,ok
CVX,2018-10-31,77.65668231064708,0.09507393334014358,40346310.0,ok
CVX,2018-11-30,66.07827470539678,-0.14909737656488642,54590052.0,ok
CVX,2018-12-31,55.839850078252994,-0.1549438854569184,40456440.0,ok
CVX,2019-01-31,60.64979682691716,0.08613824610781706,38640657.0,ok
CVX,2019-02-28,56.80424271814254,-0.0634058860864628,38973592.0,ok
CVX,2019-03-31,45.60291724682992,-0.1971917049733869,36655284.0,ok
CVX,2019-04-30,35.54252083137799,-0.22060861503660212,25103624.0,ok
CVX,2019-05-31,38.64776158570743,0.08736692507156207,55059271.0,ok
CVX,2019-06-30,40.55160094447894,0.04926130985747923,49443068.0,ok
CVX,2019-07-31,45.199309620315375,0.1146122117891184,56560274.0,ok
CVX,2019-08-31,47.3051864482677,0.04659090693291934,27492090.0,ok
CVX,2019-09-30,44.12927704475591,-0.06713660048639525,60009660.0,ok
CVX,2019-10-31,44.962905973456046,0.018890609240089562,24203696.0,ok
CVX,2019-11-30,43.15704524491968,-0.040163345527588046,56631242.0,ok
CVX,2019-12-31,46.13270298893536,0.06894952439696889,25700669.0,ok
CVX,2020-01-31,50.994588865812624,0.10538913963145324,31540002.0,ok
CVX,2020-02-29,56.064005131050024,0.09941086648579689,47736252.0,ok
CVX,2020-03-31,56.573616994561895,0.009089822646823897,54225277.0,ok
CVX,2020-04-30,57.81335423259121,0.021913699421914012,46076604.0,ok
CVX,2020-05-31,52.312677163550354,-0.09514544073867193,48402794.0,ok
CVX,2020-06-30,50.67576790943911,-0.031290871407586573,27642627.0,ok
CVX,2020-07-31,52.70850801751884,0.04011266512452982,61529164.0,ok
CVX,2020-08-31,48.49319635515199,-0.07997402736130943,60797084.0,ok
CVX,2020-09-30,44.86379706764353,-0.07484347414279824,34394458.0,ok
CVX,2020-10-31,39.710800387290725,-0.11485868377532471,48397182.0,ok
CVX,2020-11-30,34.00031038972087,-0.14380193654816054,43827375.0,ok
CVX,2020-12-31,35.1527894951639,0.03389613483621168,83216454.0,ok
CVX,2021-01-31,30.905457060124192,-0.12082490453919825,22888480.0,ok
CVX,2021-02-28,29.212368081995777,-0.05478284869997685,28881859.0,ok
CVX,2021-03-31,36.746450897383696,0.25790729441175775,43356552.0,ok
CVX,2021-04-30,37.19694906958234,0.01225963763022131,47171144.0,ok
CVX,2021-05-31,38.98698716925684,0.048123250547403185,55528573.0,ok
CVX,2021-06-30,40.93999804946351,0.050093916509319714,70727677.0,ok
CVX,2021-07-31,39.078665333234426,-0.045464895088178414,39157909.0,ok
CVX,2021-08-31,33.277997673852276,-0.14843566457345148,60940207.0,ok
CVX,2021-09-30,29.69723072001185,-0.10760163483796281,32606784.0,ok
CVX,2021-10-31,23.321764424079134,-0.21468218218867552,58093221.0,ok
CVX,2021-11-30,21.296263346359734,-0.08685025030216509,67651841.0,ok
CVX,2021-12-31,19.215956388629408,-0.09768413002302212,60035749.0,ok
CVX,2022-01-31,20.05241880932604,0.04352957530605073,39948514.0,ok
CVX,2022-02-28,25.21014683188673,0.2572122630992486,49383007.0,ok
CVX,2022-03-31,26.27215132239987,0.04212607318771666,37556619.0,ok
CVX,2022-04-30,29.30132630116193,0.11529984513218583,38016901.0,ok
CVX,2022-05-31,26.12690220416118,-0.10833721533195129,58283606.0,ok
CVX,2022-06-30,30.072338010939866,0.15101047096774844,41048655.0,ok
CVX,2022-07-31,32.981722584856584,0.09674620486303143,56982480.0,ok
CVX,2022-08-31,34.29256476962792,0.03974450338058477,39967060.0,ok
CVX,2022-09-30,32.579452136407,-0.04995580367725028,74319387.0,ok
CVX,2022-10-31,36.56177683292722,0.12223424383708537,69056221.0,ok
CVX,2022-11-30,41.96748775376707,0.147851428160666,28463269.0,ok
CVX,2022-12-31,43.12970907387726,0.0276933736641376,45776759.0,ok
CVX,2023-01-31,48.08547485259988,0.11490376089098686,54524023.0,ok
CVX,2023-02-28,50.09300188182783,0.04174913599962937,46860556.0,ok
CVX,2023-03-31,47.81733440615201,-0.045428850142466004,47337615.0,ok
CVX,2023-04-30,49.8750235750449,0.04303228514193713,34434964.0,ok
CVX,2023-05-31,48.338255473875776,-0.030812378441421928,49202870.0,ok
CVX,2023-06-30,52.311707373597955,0.08220097851627295,58040174.0,ok
CVX,2023-07-31,58.31337246339116,0.11472890852005113,44339345.0,ok
CVX,2023-08-31,64.61115004684505,0.10799885716449698,20832059.0,ok
CVX,2023-09-30,61.54028825629077,-0.047528356767025715,43637536.0,ok
CVX,2023-10-31,64.14240421884875,0.04228312925219346,54021382.0,ok
CVX,2023-11-30,58.30283335855814,-0.09104072308182376,44889858.0,ok
CVX,2023-12-31,62.550643977793804,0.07285770475530651,43717626.0,ok
CVX,2024-01-31,62.49489065398476,-0.0008913309322416962,46399410.0,ok
CVX,2024-02-29,58.496133422683286,-0.06398534647322418,37286989.0,ok
CVX,2024-03-31,50.50961687631296,-0.13653067440647904,84140300.0,ok
CVX,2024-04-30,56.45582241693311,0.1177242257683544,30419169.0,ok
CVX,2024-05-31,54.90069949322317,-0.02754583773884589,60064814.0,ok
CVX,2024-06-30,56.67238073817183,0.03227064976043437,39578004.0,ok
CVX,2024-07-31,57.42587425851968,0.013295603793830546,67228468.0,ok
CVX,2024-08-31,56.42259414370062,-0.01747087228141253,48780488.0,ok
CVX,2024-09-30,57.38914850349097,0.017130626027733964,51971831.0,ok
CVX,2024-10-31,56.5262944169636,-0.015035143559847142,51645343.0,ok
CVX,2024-11-30,57.65643650555721,0.0199932102440179,74497636.0,ok
CVX,2024-12-31,45.538913575254206,-0.21016773953997414,46586368.0,ok
CVX,2025-01-31,45.808259377519036,0.005914629513937175,55332766.0,ok
CVX,2025-02-28,44.33628936117667,-0.03213328854544417,64414194.0,ok
CVX,2025-03-31,44.949714283112876,0.013835729845117717,34242962.0,ok
CVX,2025-04-30,39.86097153835356,-0.11320967943662996,52546789.0,ok
CVX,2025-05-31,42.69066319359005,0.07098902876749524,56684042.0,ok
CVX,2025-06-30,46.36362559566342,0.08603666767643148,54449288.0,ok
CVX,2025-07-31,51.51285814645559,0.1110619043406691,53254102.0,ok
CVX,2025-08-31,58.55115372608892,0.13663182034323995,78495357.0,ok
CVX,2025-09-30,63.43250367092804,0.08336897967330947,74999869.0,ok
CVX,2025-10-31,67.37958392713333,0.06222488515795854,49183710.0,ok
CVX,2025-11-30,64.9435777684264,-0.036153475826465664,44230194.0,ok
CVX,2025-12-31,50.18335489990633,-0.2272776366148408,31329278.0,ok
CVX,2026-01-31,57.44025965604354,0.144607804133692,18366507.0,ok
CVX,2026-02-28,60.30361778064326,0.04984932418038701,70122542.0,ok
CVX,2026-03-31,68.1142951805772,0.1295225342589823,50519877.0,ok
CVX,2026-04-30,73.55488097989745,0.07987436095311207,50346611.0,ok
CVX,2026-05-31,75.19816525495814,0.022340927660664756,50803989.0,ok
